Record_ID,VBA_RO_Assigned,Enrollment_Type,VBA_Receipt_Timestamp,VBA_VHA_Transfer_Timestamp,VHA_Triage_Timestamp,VHA_Final_Determination_Timestamp
VA-VSC-00001,Waco (349),New Enrollment,2025-01-01 07:00:00,2025-01-09 11:49:33,2025-01-10 14:53:03,2025-01-10 21:10:12
VA-VSC-00002,Muskogee (351),Priority Group Upgrade,2025-01-01 07:00:00,2025-01-08 13:58:29,2025-01-21 23:51:11,2025-01-28 18:43:27
VA-VSC-00003,St. Paul (335),Combat Veteran Auto-Enroll,2025-01-01 09:00:00,2025-01-01 21:20:06,2025-01-08 23:59:47,2025-01-10 05:10:23
VA-VSC-00004,Houston (362),New Enrollment,2025-01-01 09:00:00,2025-01-03 15:59:30,2025-01-04 00:46:01,2025-01-05 10:36:04
VA-VSC-00005,Waco (349),Combat Veteran Auto-Enroll,2025-01-01 13:00:00,2025-01-10 02:52:30,2025-01-14 12:38:42,2025-01-16 19:54:05
VA-VSC-00006,Waco (349),New Enrollment,2025-01-01 13:00:00,2025-01-08 17:02:37,2025-01-10 03:41:32,2025-01-10 08:18:04
VA-VSC-00007,Waco (349),Combat Veteran Auto-Enroll,2025-01-01 13:00:00,2025-01-06 16:08:27,2025-01-06 20:16:24,2025-01-09 10:07:42
VA-VSC-00008,Phoenix (344),Combat Veteran Auto-Enroll,2025-01-01 14:00:00,2025-01-02 02:43:03,2025-01-03 07:30:15,2025-01-05 18:20:32
VA-VSC-00009,Houston (362),New Enrollment,2025-01-01 15:00:00,2025-01-03 00:14:38,2025-01-04 02:19:56,2025-01-05 08:17:46
VA-VSC-00010,St. Paul (335),,2025-01-01 15:00:00,2025-01-02 05:36:25,2025-01-05 04:52:54,2025-01-06 00:09:56
VA-VSC-00011,Waco (349),New Enrollment,2025-01-01 15:00:00,2025-01-05 19:52:22,2025-01-07 20:49:46,2025-01-08 18:14:01
VA-VSC-00012,Muskogee (351),Priority Group Upgrade,2025-01-01 15:00:00,2025-01-03 21:03:59,2025-01-10 15:38:36,2025-01-13 01:44:46
VA-VSC-00013,Phoenix (344),Priority Group Upgrade,2025-01-02 07:00:00,2025-01-02 19:06:29,2025-01-10 20:36:26,2025-01-17 16:25:40
VA-VSC-00014,Waco (349),Priority Group Upgrade,2025-01-02 08:00:00,2025-01-08 09:46:00,2025-01-16 16:00:42,2025-01-19 01:45:13
VA-VSC-00015,Waco (349),New Enrollment,2025-01-02 08:00:00,2025-01-08 05:06:51,2025-01-08 07:30:51,2025-01-08 21:24:25
VA-VSC-00016,Waco (349),New Enrollment,2025-01-02 09:00:00,2025-01-08 02:42:15,2025-01-10 22:24:47,2025-01-14 21:27:56
VA-VSC-00017,Waco (349),,2025-01-02 09:00:00,2025-01-08 11:55:17,2025-01-12 10:43:44,2025-01-13 20:00:21
VA-VSC-00018,Waco (349),New Enrollment,2025-01-02 10:00:00,2025-01-08 23:39:07,2025-01-12 16:59:57,2025-01-13 16:33:48
VA-VSC-00019,Waco (349),Priority Group Upgrade,2025-01-02 11:00:00,2025-01-07 05:20:04,2025-01-13 10:22:05,2025-01-15 14:33:12
VA-VSC-00020,Waco (349),Combat Veteran Auto-Enroll,2025-01-02 12:00:00,2025-01-08 11:55:22,2025-01-08 14:19:22,2025-01-10 05:01:28
VA-VSC-00021,Houston (362),Priority Group Upgrade,2025-01-02 13:00:00,2025-01-04 07:33:18,2025-01-10 08:20:13,2025-01-10 20:29:23
VA-VSC-00022,Waco (349),New Enrollment,2025-01-02 15:00:00,2025-01-06 01:31:14,2025-01-07 09:20:07,2025-01-09 13:04:16
VA-VSC-00023,Waco (349),Inter-Facility Transfer,2025-01-02 15:00:00,2025-01-09 11:17:32,2025-01-11 19:05:06,2025-01-13 18:16:44
VA-VSC-00024,Waco (349),Priority Group Upgrade,2025-01-02 16:00:00,2025-01-09 18:05:57,2025-01-18 18:39:42,2025-01-22 11:43:47
VA-VSC-00025,Waco (349),Inter-Facility Transfer,2025-01-02 16:00:00,2025-01-08 13:17:20,2025-01-09 19:49:03,2025-01-10 13:46:50
VA-VSC-00026,St. Paul (335),Priority Group Upgrade,2025-01-03 08:00:00,2025-01-05 03:32:23,2025-01-15 04:37:19,2025-01-18 15:30:27
VA-VSC-00027,Waco (349),New Enrollment,2025-01-03 09:00:00,2025-01-09 19:18:55,2025-01-10 03:00:42,2025-01-10 08:03:16
VA-VSC-00028,Waco (349),New Enrollment,2025-01-03 10:00:00,2025-01-10 03:11:31,2025-01-10 08:47:46,2025-01-15 19:55:17
VA-VSC-00029,Houston (362),Priority Group Upgrade,2025-01-03 12:00:00,2025-01-08 22:09:08,2025-01-17 11:44:35,2025-01-19 07:06:29
VA-VSC-00030,Waco (349),New Enrollment,2025-01-03 12:00:00,2025-01-13 15:56:38,2025-01-13 20:20:14,2025-01-15 14:03:36
VA-VSC-00031,Houston (362),New Enrollment,2025-01-03 13:00:00,2025-01-04 22:54:36,2025-01-08 06:24:15,2025-01-12 09:52:36
VA-VSC-00032,Waco (349),Priority Group Upgrade,2025-01-04 07:00:00,2025-01-11 23:22:17,2025-01-16 09:21:36,2025-01-19 22:37:45
VA-VSC-00033,Waco (349),Priority Group Upgrade,2025-01-04 07:00:00,2025-01-10 05:35:33,2025-01-21 07:09:31,2025-01-29 19:25:35
VA-VSC-00034,Muskogee (351),Priority Group Upgrade,2025-01-04 07:00:00,2025-01-08 03:29:15,2025-01-13 10:10:00,2025-01-13 13:42:12
VA-VSC-00035,Muskogee (351),New Enrollment,2025-01-04 08:00:00,2025-01-04 16:44:29,2025-01-04 21:35:20,2025-01-05 09:46:12
VA-VSC-00036,St. Paul (335),New Enrollment,2025-01-04 12:00:00,2025-01-04 15:13:54,2025-01-09 06:00:22,2025-01-09 21:40:43
VA-VSC-00037,Waco (349),Priority Group Upgrade,2025-01-04 13:00:00,2025-01-10 07:53:00,2025-01-22 20:36:38,2025-01-25 02:54:12
VA-VSC-00038,Waco (349),Inter-Facility Transfer,2025-01-04 13:00:00,2025-01-12 16:56:53,2025-01-15 20:35:06,2025-01-17 21:58:39
VA-VSC-00039,Houston (362),Priority Group Upgrade,2025-01-04 15:00:00,2025-01-07 06:34:17,2025-01-15 00:37:21,2025-01-15 16:12:38
VA-VSC-00040,Waco (349),Inter-Facility Transfer,2025-01-05 08:00:00,2025-01-14 09:43:38,2025-01-14 12:07:38,2025-01-15 12:26:54
VA-VSC-00041,Waco (349),Combat Veteran Auto-Enroll,2025-01-05 10:00:00,2025-01-16 05:08:05,2025-01-16 15:28:29,2025-01-22 07:45:48
VA-VSC-00042,Waco (349),Priority Group Upgrade,2025-01-05 10:00:00,2025-01-13 21:28:22,2025-01-22 06:26:15,2025-01-24 06:10:26
VA-VSC-00043,Waco (349),New Enrollment,2025-01-05 11:00:00,2025-01-09 21:56:52,2025-01-12 04:54:24,2025-01-12 13:18:39
VA-VSC-00044,Phoenix (344),Priority Group Upgrade,2025-01-05 11:00:00,2025-01-09 22:31:47,2025-01-17 22:25:58,2025-01-19 01:19:26
VA-VSC-00045,Waco (349),Priority Group Upgrade,2025-01-05 11:00:00,2025-01-08 20:20:01,2025-01-14 10:58:36,2025-01-17 04:43:07
VA-VSC-00046,Houston (362),Priority Group Upgrade,2025-01-05 11:00:00,2025-01-07 08:21:30,2025-01-12 16:05:44,2025-01-13 19:42:39
VA-VSC-00047,Waco (349),Priority Group Upgrade,2025-01-05 13:00:00,2025-01-12 14:17:39,2025-01-17 09:55:30,2025-01-19 19:33:11
VA-VSC-00048,Waco (349),Priority Group Upgrade,2025-01-05 13:00:00,2025-01-12 13:05:41,2025-01-20 04:17:14,2025-01-22 16:48:41
VA-VSC-00049,Waco (349),New Enrollment,2025-01-05 14:00:00,2025-01-13 20:59:33,2025-01-14 00:30:37,2025-01-14 18:03:04
VA-VSC-00050,Waco (349),Priority Group Upgrade,2025-01-05 15:00:00,2025-01-08 02:42:42,2025-01-16 20:13:41,2025-01-19 01:02:49
VA-VSC-00051,Muskogee (351),New Enrollment,2025-01-06 08:00:00,2025-01-06 11:28:41,2025-01-07 10:48:36,2025-01-08 07:56:59
VA-VSC-00052,St. Paul (335),Combat Veteran Auto-Enroll,2025-01-06 08:00:00,2025-01-07 03:27:03,2025-01-10 23:13:37,2025-01-12 06:39:52
VA-VSC-00053,Muskogee (351),New Enrollment,2025-01-06 08:00:00,2025-01-06 10:24:00,2025-01-07 07:11:55,2025-01-10 17:40:56
VA-VSC-00054,Phoenix (344),New Enrollment,2025-01-06 09:00:00,2025-01-08 04:36:53,2025-01-09 06:32:43,2025-01-09 20:20:21
VA-VSC-00055,Houston (362),New Enrollment,2025-01-06 10:00:00,2025-01-07 04:01:07,2025-01-08 09:52:41,2025-01-26 07:54:54
VA-VSC-00056,Muskogee (351),Priority Group Upgrade,2025-01-06 15:00:00,2025-01-07 20:45:35,2025-01-19 09:16:08,2025-01-20 17:43:35
VA-VSC-00057,Waco (349),New Enrollment,2025-01-06 15:00:00,2025-01-12 05:37:35,2025-01-14 17:58:36,2025-01-16 02:45:49
VA-VSC-00058,Waco (349),New Enrollment,2025-01-07 07:00:00,2025-01-12 15:48:30,2025-01-14 09:07:09,2025-01-14 11:31:09
VA-VSC-00059,Waco (349),Priority Group Upgrade,2025-01-07 09:00:00,2025-01-12 06:53:19,2025-01-19 07:56:52,2025-01-22 00:30:44
VA-VSC-00060,Waco (349),New Enrollment,2025-01-07 10:00:00,2025-01-15 17:20:41,2025-01-16 12:25:38,2025-01-21 14:46:32
VA-VSC-00061,Waco (349),Inter-Facility Transfer,2025-01-07 10:00:00,2025-01-12 19:24:38,2025-01-14 22:55:59,2025-01-17 12:11:58
VA-VSC-00062,Waco (349),Inter-Facility Transfer,2025-01-07 12:00:00,2025-01-14 17:04:14,2025-01-14 19:28:14,2025-01-15 23:56:57
VA-VSC-00063,Phoenix (344),Priority Group Upgrade,2025-01-07 12:00:00,2025-01-08 03:13:31,2025-01-19 07:37:02,2025-01-20 11:06:04
VA-VSC-00064,Waco (349),New Enrollment,2025-01-08 07:00:00,2025-01-18 11:36:49,2025-01-18 14:00:49,2025-01-21 02:44:44
VA-VSC-00065,Waco (349),Priority Group Upgrade,2025-01-08 11:00:00,2025-01-20 18:26:32,2025-01-25 09:52:39,2025-01-29 22:31:07
VA-VSC-00066,Waco (349),New Enrollment,2025-01-08 12:00:00,2025-01-17 08:04:12,2025-01-18 04:15:42,2025-01-21 13:03:25
VA-VSC-00067,Waco (349),Priority Group Upgrade,2025-01-08 14:00:00,2025-01-14 16:45:58,2025-01-22 06:54:43,2025-01-24 07:30:14
VA-VSC-00068,St. Paul (335),New Enrollment,2025-01-08 14:00:00,2025-01-08 20:06:59,2025-01-09 15:13:44,2025-01-10 00:11:23
VA-VSC-00069,Waco (349),Inter-Facility Transfer,2025-01-08 14:00:00,2025-01-14 00:47:58,2025-01-14 09:22:17,2025-01-15 22:16:04
VA-VSC-00070,Muskogee (351),New Enrollment,2025-01-08 15:00:00,2025-01-08 23:11:47,2025-01-10 16:48:05,2025-01-13 03:16:45
VA-VSC-00071,St. Paul (335),Priority Group Upgrade,2025-01-08 16:00:00,2025-01-09 04:45:42,2025-01-12 06:40:47,2025-01-14 08:15:31
VA-VSC-00072,Waco (349),Priority Group Upgrade,2025-01-08 16:00:00,2025-01-15 11:57:32,2025-01-22 19:38:43,2025-01-22 22:02:43
VA-VSC-00073,Waco (349),Priority Group Upgrade,2025-01-08 16:00:00,2025-01-14 22:17:25,2025-01-22 17:24:31,2025-01-24 21:22:51
VA-VSC-00074,St. Paul (335),New Enrollment,2025-01-09 07:00:00,2025-01-09 11:21:09,2025-01-10 07:35:06,2025-01-10 12:29:40
VA-VSC-00075,St. Paul (335),Inter-Facility Transfer,2025-01-09 08:00:00,2025-01-09 22:12:59,2025-01-10 00:36:59,2025-01-14 14:19:07
VA-VSC-00076,St. Paul (335),Priority Group Upgrade,2025-01-09 10:00:00,2025-01-10 07:33:50,2025-01-18 05:07:59,2025-01-18 08:05:54
VA-VSC-00077,St. Paul (335),Priority Group Upgrade,2025-01-09 10:00:00,2025-01-10 00:04:47,2025-01-17 07:34:37,2025-01-18 07:02:00
VA-VSC-00078,Waco (349),New Enrollment,2025-01-09 10:00:00,2025-01-14 10:16:52,2025-01-14 12:42:01,2025-01-14 16:40:33
VA-VSC-00079,Waco (349),Priority Group Upgrade,2025-01-09 11:00:00,2025-01-17 19:45:19,2025-01-26 16:45:30,2025-01-26 23:44:23
VA-VSC-00080,Waco (349),New Enrollment,2025-01-09 12:00:00,2025-01-15 11:42:03,2025-01-16 04:47:45,2025-01-16 08:39:50
VA-VSC-00081,Phoenix (344),New Enrollment,2025-01-09 12:00:00,2025-01-09 14:24:00,2025-01-10 02:38:10,2025-01-10 05:02:10
VA-VSC-00082,Houston (362),New Enrollment,2025-01-09 15:00:00,2025-01-09 22:31:48,2025-01-10 18:06:33,2025-01-11 00:19:21
VA-VSC-00083,Waco (349),Combat Veteran Auto-Enroll,2025-01-10 08:00:00,2025-01-15 08:32:22,2025-01-18 18:10:20,2025-01-20 12:26:30
VA-VSC-00084,Waco (349),New Enrollment,2025-01-10 09:00:00,2025-01-17 10:08:24,2025-01-17 18:23:05,2025-01-19 16:37:11
VA-VSC-00085,Waco (349),New Enrollment,2025-01-10 10:00:00,2025-01-16 12:39:48,2025-01-16 15:03:48,2025-01-21 23:46:12
VA-VSC-00086,Waco (349),Priority Group Upgrade,2025-01-10 11:00:00,2025-01-16 03:42:16,2025-01-24 03:40:00,2025-01-25 04:14:19
VA-VSC-00087,St. Paul (335),Combat Veteran Auto-Enroll,2025-01-10 11:00:00,2025-01-13 13:44:10,2025-01-13 16:08:10,2025-01-16 03:15:23
VA-VSC-00088,Houston (362),,2025-01-10 13:00:00,2025-01-11 00:32:52,2025-01-11 07:42:08,2025-01-12 17:58:54
VA-VSC-00089,Phoenix (344),Priority Group Upgrade,2025-01-10 13:00:00,2025-01-11 09:15:20,2025-01-21 03:30:06,2025-01-21 14:19:35
VA-VSC-00090,Waco (349),New Enrollment,2025-01-10 13:00:00,2025-01-16 11:37:22,2025-01-17 06:32:42,2025-01-18 00:53:05
VA-VSC-00091,Waco (349),New Enrollment,2025-01-10 14:00:00,2025-01-17 00:28:52,2025-01-17 03:02:58,2025-01-17 09:03:40
VA-VSC-00092,St. Paul (335),New Enrollment,2025-01-10 14:00:00,2025-01-13 13:22:25,2025-01-15 01:10:19,2025-01-18 18:06:02
VA-VSC-00093,St. Paul (335),Combat Veteran Auto-Enroll,2025-01-10 16:00:00,2025-01-13 09:49:13,2025-01-14 07:12:28,2025-01-14 09:36:28
VA-VSC-00094,Houston (362),New Enrollment,2025-01-10 16:00:00,2025-01-10 22:00:27,2025-01-11 00:29:15,2025-01-11 10:31:39
VA-VSC-00095,St. Paul (335),New Enrollment,2025-01-10 16:00:00,2025-01-11 07:13:18,2025-01-11 11:45:00,2025-01-11 20:30:19
VA-VSC-00096,Waco (349),New Enrollment,2025-01-11 08:00:00,2025-01-19 05:52:52,2025-01-19 20:50:56,2025-01-21 03:06:41
VA-VSC-00097,Waco (349),Combat Veteran Auto-Enroll,2025-01-11 10:00:00,2025-01-18 19:21:36,2025-01-18 23:28:08,2025-01-19 04:29:12
VA-VSC-00098,Waco (349),New Enrollment,2025-01-11 12:00:00,2025-01-19 12:29:36,2025-01-20 13:54:36,2025-01-23 11:42:36
VA-VSC-00099,Waco (349),New Enrollment,2025-01-11 16:00:00,2025-01-19 07:39:21,2025-01-20 19:59:11,2025-01-21 01:21:29
VA-VSC-00100,Waco (349),New Enrollment,2025-01-12 09:00:00,2025-01-19 18:39:58,2025-01-22 03:16:43,2025-01-24 21:59:22
VA-VSC-00101,Waco (349),New Enrollment,2025-01-12 10:00:00,2025-01-18 00:30:24,2025-01-18 11:35:22,2025-01-20 15:33:47
VA-VSC-00102,Houston (362),Priority Group Upgrade,2025-01-12 12:00:00,2025-01-13 14:58:34,2025-01-17 03:22:55,2025-01-19 06:36:20
VA-VSC-00103,Waco (349),Priority Group Upgrade,2025-01-12 12:00:00,2025-01-19 11:37:31,2025-01-26 09:58:43,2025-01-27 06:57:44
VA-VSC-00104,Waco (349),New Enrollment,2025-01-12 12:00:00,2025-01-20 18:32:32,2025-01-21 22:26:54,2025-01-22 21:24:08
VA-VSC-00105,Phoenix (344),New Enrollment,2025-01-12 14:00:00,2025-01-13 02:50:56,2025-01-14 01:17:44,2025-01-14 16:47:48
VA-VSC-00106,Waco (349),New Enrollment,2025-01-12 14:00:00,2025-01-18 07:12:37,2025-01-19 12:29:20,2025-01-23 05:17:23
VA-VSC-00107,Waco (349),New Enrollment,2025-01-13 07:00:00,2025-01-22 20:51:48,2025-01-23 18:04:40,2025-01-31 22:27:17
VA-VSC-00108,St. Paul (335),New Enrollment,2025-01-13 07:00:00,2025-01-13 17:07:13,2025-01-14 03:00:52,2025-01-16 03:47:39
VA-VSC-00109,Waco (349),Combat Veteran Auto-Enroll,2025-01-13 08:00:00,2025-01-17 09:33:04,2025-01-18 20:59:32,2025-01-19 14:27:23
VA-VSC-00110,Waco (349),Inter-Facility Transfer,2025-01-13 10:00:00,2025-01-19 10:10:01,2025-01-23 01:43:04,2025-01-27 08:47:23
VA-VSC-00111,Waco (349),Inter-Facility Transfer,2025-01-13 10:00:00,2025-01-21 14:40:14,2025-01-23 12:03:13,2025-01-25 19:09:23
VA-VSC-00112,Waco (349),Combat Veteran Auto-Enroll,2025-01-13 11:00:00,2025-01-18 23:46:42,2025-01-19 12:04:52,2025-01-23 22:05:55
VA-VSC-00113,Muskogee (351),,2025-01-13 12:00:00,2025-01-13 17:28:10,2025-01-22 21:36:07,2025-01-24 09:06:42
VA-VSC-00114,St. Paul (335),Priority Group Upgrade,2025-01-13 12:00:00,2025-01-13 21:01:32,2025-01-25 15:24:58,2025-01-26 06:16:11
VA-VSC-00115,Houston (362),New Enrollment,2025-01-13 12:00:00,2025-01-13 22:07:46,2025-01-14 06:03:16,2025-01-14 12:41:17
VA-VSC-00116,Phoenix (344),Priority Group Upgrade,2025-01-13 13:00:00,2025-01-13 20:38:57,2025-01-19 22:45:43,2025-01-21 03:55:44
VA-VSC-00117,St. Paul (335),Priority Group Upgrade,2025-01-13 13:00:00,2025-01-15 11:39:29,2025-01-24 10:46:39,2025-01-24 13:10:39
VA-VSC-00118,Waco (349),Priority Group Upgrade,2025-01-13 14:00:00,2025-01-19 18:15:07,2025-01-26 17:55:50,2025-01-29 21:19:32
VA-VSC-00119,Phoenix (344),,2025-01-13 15:00:00,2025-01-13 22:46:04,2025-01-14 20:42:15,2025-01-15 06:29:36
VA-VSC-00120,Waco (349),New Enrollment,2025-01-13 16:00:00,2025-01-19 17:14:01,2025-01-20 19:49:31,2025-01-20 22:27:21
VA-VSC-00121,St. Paul (335),New Enrollment,2025-01-14 07:00:00,2025-01-16 09:51:23,2025-01-16 21:16:26,2025-01-21 13:25:09
VA-VSC-00122,Phoenix (344),Inter-Facility Transfer,2025-01-14 08:00:00,2025-01-22 07:15:36,2025-01-26 01:52:19,2025-01-29 02:05:33
VA-VSC-00123,Waco (349),New Enrollment,2025-01-14 08:00:00,2025-01-23 09:35:39,2025-01-24 16:17:31,2025-01-25 02:24:56
VA-VSC-00124,Waco (349),Priority Group Upgrade,2025-01-14 09:00:00,2025-01-18 22:27:43,2025-01-27 18:24:55,2025-02-05 05:14:59
VA-VSC-00125,Waco (349),Inter-Facility Transfer,2025-01-14 09:00:00,2025-01-21 09:04:18,2025-01-27 04:47:54,2025-01-27 14:09:40
VA-VSC-00126,Waco (349),Priority Group Upgrade,2025-01-14 10:00:00,2025-01-17 13:44:30,2025-01-26 17:17:01,2025-01-27 13:00:34
VA-VSC-00127,St. Paul (335),Priority Group Upgrade,2025-01-14 10:00:00,2025-01-18 02:10:16,2025-01-30 02:27:55,2025-01-31 04:46:31
VA-VSC-00128,Phoenix (344),New Enrollment,2025-01-14 10:00:00,2025-01-18 00:29:57,2025-01-18 02:53:57,2025-01-20 20:39:49
VA-VSC-00129,Waco (349),New Enrollment,2025-01-14 11:00:00,2025-01-22 05:30:47,2025-01-22 15:50:48,2025-01-24 01:49:32
VA-VSC-00130,Waco (349),Combat Veteran Auto-Enroll,2025-01-14 12:00:00,2025-01-18 04:31:09,2025-01-18 12:49:51,2025-01-28 04:19:43
VA-VSC-00131,Waco (349),Priority Group Upgrade,2025-01-14 12:00:00,2025-01-21 06:59:17,2025-01-30 07:42:18,2025-01-31 00:32:30
VA-VSC-00132,Waco (349),Priority Group Upgrade,2025-01-14 13:00:00,2025-01-19 05:21:58,2025-01-25 00:28:38,2025-01-27 15:54:03
VA-VSC-00133,Waco (349),New Enrollment,2025-01-14 16:00:00,2025-01-23 05:44:48,2025-01-24 11:36:09,2025-01-27 01:49:38
VA-VSC-00134,Waco (349),New Enrollment,2025-01-15 08:00:00,2025-01-18 11:57:33,2025-01-22 04:34:20,2025-01-27 11:20:59
VA-VSC-00135,Muskogee (351),Inter-Facility Transfer,2025-01-15 08:00:00,2025-01-16 17:07:32,2025-01-16 19:31:32,2025-01-18 08:29:41
VA-VSC-00136,Waco (349),New Enrollment,2025-01-15 10:00:00,2025-01-21 20:17:53,2025-01-29 16:37:48,2025-02-09 18:28:14
VA-VSC-00137,Waco (349),Priority Group Upgrade,2025-01-15 15:00:00,2025-01-23 05:15:17,2025-01-28 07:23:37,2025-01-29 01:52:56
VA-VSC-00138,St. Paul (335),New Enrollment,2025-01-15 15:00:00,2025-01-16 03:43:16,2025-01-19 01:53:38,2025-01-19 04:17:38
VA-VSC-00139,Waco (349),Priority Group Upgrade,2025-01-15 16:00:00,2025-01-20 19:54:42,2025-01-28 19:12:49,2025-01-29 19:58:47
VA-VSC-00140,Muskogee (351),Inter-Facility Transfer,2025-01-15 16:00:00,2025-01-17 10:02:42,2025-01-18 10:36:17,2025-01-27 22:46:35
VA-VSC-00141,Muskogee (351),Priority Group Upgrade,2025-01-16 07:00:00,2025-01-16 09:24:00,2025-01-25 09:51:52,2025-01-26 10:06:30
VA-VSC-00142,Waco (349),New Enrollment,2025-01-16 07:00:00,2025-01-21 23:44:45,2025-01-25 19:17:34,2025-01-27 10:42:01
VA-VSC-00143,Waco (349),Priority Group Upgrade,2025-01-16 08:00:00,2025-01-21 11:47:39,2025-02-04 10:48:14,2025-02-06 06:41:23
VA-VSC-00144,Waco (349),,2025-01-16 09:00:00,2025-01-24 05:08:19,2025-01-25 17:25:36,2025-01-26 06:25:22
VA-VSC-00145,Waco (349),New Enrollment,2025-01-16 09:00:00,2025-01-23 22:51:45,2025-01-25 22:16:56,2025-01-28 15:17:18
VA-VSC-00146,Waco (349),Combat Veteran Auto-Enroll,2025-01-16 10:00:00,2025-01-21 05:44:52,2025-01-21 20:07:34,2025-01-25 11:54:41
VA-VSC-00147,Houston (362),Priority Group Upgrade,2025-01-16 11:00:00,2025-01-18 04:23:34,2025-01-28 01:56:16,2025-02-08 19:13:46
VA-VSC-00148,Waco (349),Combat Veteran Auto-Enroll,2025-01-16 11:00:00,2025-01-21 12:45:10,2025-01-22 02:16:02,2025-01-22 10:40:11
VA-VSC-00149,Waco (349),Priority Group Upgrade,2025-01-16 11:00:00,2025-01-22 15:18:46,2025-01-30 19:53:26,2025-02-03 07:32:05
VA-VSC-00150,Waco (349),New Enrollment,2025-01-16 11:00:00,2025-01-22 15:35:30,2025-01-23 08:53:25,2025-01-30 14:08:48
VA-VSC-00151,Phoenix (344),New Enrollment,2025-01-16 11:00:00,2025-01-17 01:30:04,2025-01-17 03:54:04,2025-01-17 16:05:44
VA-VSC-00152,Waco (349),New Enrollment,2025-01-16 14:00:00,2025-01-25 03:21:51,2025-01-25 05:45:51,2025-01-26 19:40:02
VA-VSC-00153,Waco (349),Inter-Facility Transfer,2025-01-16 14:00:00,2025-01-22 01:45:00,2025-01-22 13:53:51,2025-01-22 18:19:26
VA-VSC-00154,Waco (349),Combat Veteran Auto-Enroll,2025-01-16 14:00:00,2025-01-25 15:18:07,2025-01-27 09:16:26,2025-02-03 11:15:51
VA-VSC-00155,Muskogee (351),Priority Group Upgrade,2025-01-16 14:00:00,2025-01-17 10:32:14,2025-01-27 13:05:36,2025-01-29 06:18:48
VA-VSC-00156,Waco (349),New Enrollment,2025-01-16 14:00:00,2025-01-22 20:44:01,2025-01-25 06:54:37,2025-01-28 08:59:50
VA-VSC-00157,Houston (362),New Enrollment,2025-01-16 15:00:00,2025-01-16 21:06:21,2025-01-18 10:54:58,2025-01-18 21:36:22
VA-VSC-00158,St. Paul (335),Combat Veteran Auto-Enroll,2025-01-17 08:00:00,2025-01-18 09:12:45,2025-01-20 01:56:41,2025-01-31 20:42:01
VA-VSC-00159,Waco (349),Priority Group Upgrade,2025-01-17 08:00:00,2025-01-23 18:53:02,2025-01-29 15:35:25,2025-01-29 19:26:16
VA-VSC-00160,St. Paul (335),New Enrollment,2025-01-17 10:00:00,2025-01-19 15:31:04,2025-01-21 15:35:48,2025-01-26 04:38:43
VA-VSC-00161,Waco (349),Priority Group Upgrade,2025-01-17 10:00:00,2025-01-23 11:37:56,2025-01-31 06:34:14,2025-01-31 09:26:46
VA-VSC-00162,Houston (362),New Enrollment,2025-01-17 10:00:00,2025-01-18 20:32:30,2025-01-19 11:28:57,2025-01-20 10:25:15
VA-VSC-00163,Houston (362),New Enrollment,2025-01-17 10:00:00,2025-01-21 05:22:35,2025-01-21 07:46:35,2025-01-24 07:06:21
VA-VSC-00164,Waco (349),Priority Group Upgrade,2025-01-17 11:00:00,2025-01-24 08:08:39,2025-01-29 03:13:51,2025-01-31 20:22:02
VA-VSC-00165,Waco (349),New Enrollment,2025-01-17 12:00:00,2025-01-22 06:06:26,2025-01-23 09:39:24,2025-01-26 09:45:54
VA-VSC-00166,Phoenix (344),Inter-Facility Transfer,2025-01-17 12:00:00,2025-01-19 02:09:04,2025-01-20 10:10:23,2025-01-20 12:34:23
VA-VSC-00167,Waco (349),New Enrollment,2025-01-17 13:00:00,2025-01-26 02:47:38,2025-01-27 07:11:36,2025-01-31 08:37:11
VA-VSC-00168,Waco (349),New Enrollment,2025-01-17 13:00:00,2025-01-23 18:28:08,2025-01-24 15:39:47,2025-01-26 01:40:31
VA-VSC-00169,Waco (349),New Enrollment,2025-01-17 13:00:00,2025-01-22 22:36:10,2025-01-25 06:28:09,2025-01-25 12:57:45
VA-VSC-00170,Houston (362),Combat Veteran Auto-Enroll,2025-01-17 14:00:00,2025-01-18 17:08:27,2025-01-26 23:04:59,2025-01-28 18:32:02
VA-VSC-00171,Houston (362),New Enrollment,2025-01-17 14:00:00,2025-01-19 10:23:09,2025-01-21 15:08:51,2025-01-22 11:50:55
VA-VSC-00172,Waco (349),Priority Group Upgrade,2025-01-17 14:00:00,2025-01-25 02:39:52,2025-02-03 10:57:29,2025-02-04 20:13:39
VA-VSC-00173,Waco (349),New Enrollment,2025-01-17 15:00:00,2025-01-24 14:28:43,2025-01-25 01:52:59,2025-01-25 09:30:11
VA-VSC-00174,Waco (349),New Enrollment,2025-01-17 16:00:00,2025-01-21 05:05:26,2025-01-22 11:20:12,2025-01-22 13:58:27
VA-VSC-00175,Houston (362),New Enrollment,2025-01-17 16:00:00,2025-01-18 12:31:47,2025-01-19 05:02:53,2025-01-20 17:46:05
VA-VSC-00176,Waco (349),Combat Veteran Auto-Enroll,2025-01-17 16:00:00,2025-01-24 01:04:12,2025-01-24 13:06:29,2025-01-29 05:38:44
VA-VSC-00177,Houston (362),Combat Veteran Auto-Enroll,2025-01-18 07:00:00,2025-01-21 09:27:48,2025-01-22 13:18:52,2025-01-26 17:40:18
VA-VSC-00178,Waco (349),New Enrollment,2025-01-18 08:00:00,2025-01-22 12:25:10,2025-01-23 12:55:42,2025-01-24 18:14:30
VA-VSC-00179,Muskogee (351),Priority Group Upgrade,2025-01-18 09:00:00,2025-01-18 11:24:00,2025-01-26 14:06:01,2025-01-27 12:12:15
VA-VSC-00180,Waco (349),Inter-Facility Transfer,2025-01-18 09:00:00,2025-01-23 18:43:18,2025-01-24 09:00:13,2025-01-25 13:11:04
VA-VSC-00181,Waco (349),New Enrollment,2025-01-18 09:00:00,2025-01-24 05:51:53,2025-01-26 11:32:02,2025-01-27 15:39:25
VA-VSC-00182,Waco (349),Combat Veteran Auto-Enroll,2025-01-18 13:00:00,2025-01-25 19:25:30,2025-01-26 01:49:40,2025-01-26 13:47:37
VA-VSC-00183,Muskogee (351),New Enrollment,2025-01-18 14:00:00,2025-01-18 21:43:16,2025-01-19 18:00:16,2025-01-25 00:23:37
VA-VSC-00184,Phoenix (344),Inter-Facility Transfer,2025-01-18 14:00:00,2025-01-19 11:14:44,2025-01-19 18:55:29,2025-01-20 09:46:28
VA-VSC-00185,Waco (349),Combat Veteran Auto-Enroll,2025-01-18 14:00:00,2025-01-25 14:21:41,2025-01-27 01:30:16,2025-01-28 05:20:19
VA-VSC-00186,Houston (362),Inter-Facility Transfer,2025-01-18 14:00:00,2025-01-18 21:58:24,2025-01-19 00:55:56,2025-01-19 03:19:56
VA-VSC-00187,St. Paul (335),Priority Group Upgrade,2025-01-18 16:00:00,2025-01-19 00:20:01,2025-01-21 22:21:49,2025-01-22 18:02:35
VA-VSC-00188,Houston (362),New Enrollment,2025-01-18 16:00:00,2025-01-20 10:41:46,2025-01-22 08:02:59,2025-01-24 05:21:40
VA-VSC-00189,Waco (349),,2025-01-19 07:00:00,2025-01-24 22:54:11,2025-01-25 10:49:58,2025-01-29 18:40:14
VA-VSC-00190,Waco (349),New Enrollment,2025-01-19 08:00:00,2025-01-23 07:03:25,2025-01-23 10:46:26,2025-01-30 20:47:28
VA-VSC-00191,Waco (349),New Enrollment,2025-01-19 09:00:00,2025-01-24 05:42:15,2025-01-24 20:42:39,2025-01-25 15:10:24
VA-VSC-00192,Phoenix (344),Priority Group Upgrade,2025-01-19 14:00:00,2025-01-19 17:48:09,2025-01-29 06:05:08,2025-02-09 14:55:46
VA-VSC-00193,Phoenix (344),Combat Veteran Auto-Enroll,2025-01-19 14:00:00,2025-01-19 21:36:51,2025-01-20 09:25:08,2025-01-27 12:47:02
VA-VSC-00194,Houston (362),Inter-Facility Transfer,2025-01-19 14:00:00,2025-01-19 19:40:20,2025-01-20 21:26:32,2025-01-21 10:35:36
VA-VSC-00195,Waco (349),New Enrollment,2025-01-19 15:00:00,2025-01-27 00:10:26,2025-02-01 23:51:15,2025-02-05 08:46:16
VA-VSC-00196,Waco (349),Combat Veteran Auto-Enroll,2025-01-19 15:00:00,2025-01-23 05:38:30,2025-01-26 13:21:09,2025-01-31 11:25:43
VA-VSC-00197,St. Paul (335),Priority Group Upgrade,2025-01-20 07:00:00,2025-01-20 22:37:55,2025-02-01 12:27:09,2025-02-01 21:08:23
VA-VSC-00198,Phoenix (344),New Enrollment,2025-01-20 07:00:00,2025-01-20 21:01:10,2025-01-21 12:57:03,2025-01-21 15:21:03
VA-VSC-00199,Phoenix (344),New Enrollment,2025-01-20 13:00:00,2025-01-22 11:58:36,2025-01-25 19:13:21,2025-02-01 18:41:11
VA-VSC-00200,St. Paul (335),New Enrollment,2025-01-20 13:00:00,2025-01-22 01:35:11,2025-01-23 06:14:10,2025-01-23 21:17:43
VA-VSC-00201,Houston (362),New Enrollment,2025-01-21 07:00:00,2025-01-30 00:11:38,2025-01-31 08:16:11,2025-02-02 15:08:10
VA-VSC-00202,Waco (349),Inter-Facility Transfer,2025-01-21 09:00:00,2025-01-26 18:30:18,2025-01-29 13:40:46,2025-01-29 16:04:46
VA-VSC-00203,Waco (349),Priority Group Upgrade,2025-01-21 10:00:00,2025-01-25 22:27:03,2025-02-06 01:29:58,2025-02-10 13:44:53
VA-VSC-00204,Phoenix (344),Priority Group Upgrade,2025-01-21 11:00:00,2025-01-21 23:55:23,2025-01-27 14:50:09,2025-01-30 07:43:28
VA-VSC-00205,Houston (362),Inter-Facility Transfer,2025-01-21 11:00:00,2025-01-24 13:39:33,2025-01-25 18:33:22,2025-01-28 21:34:47
VA-VSC-00206,Waco (349),New Enrollment,2025-01-21 11:00:00,2025-01-27 17:20:05,2025-01-28 08:30:52,2025-02-01 12:09:59
VA-VSC-00207,Waco (349),Combat Veteran Auto-Enroll,2025-01-21 13:00:00,2025-01-25 18:47:15,2025-01-26 20:38:19,2025-01-28 04:11:05
VA-VSC-00208,Houston (362),New Enrollment,2025-01-21 16:00:00,2025-01-21 23:07:16,2025-01-25 20:55:07,2025-01-27 13:37:14
VA-VSC-00209,Waco (349),Combat Veteran Auto-Enroll,2025-01-21 16:00:00,2025-01-27 23:01:58,2025-01-28 06:45:14,2025-02-10 18:37:43
VA-VSC-00210,Waco (349),New Enrollment,2025-01-21 16:00:00,2025-01-27 08:49:04,2025-01-28 18:45:35,2025-01-29 20:55:02
VA-VSC-00211,Waco (349),Inter-Facility Transfer,2025-01-22 08:00:00,2025-01-29 00:53:05,2025-01-29 03:17:05,2025-02-02 08:58:32
VA-VSC-00212,Houston (362),New Enrollment,2025-01-22 09:00:00,2025-01-23 01:56:23,2025-01-27 02:29:37,2025-01-28 11:20:18
VA-VSC-00213,Houston (362),New Enrollment,2025-01-22 10:00:00,2025-01-23 20:07:30,2025-01-23 22:42:37,2025-01-26 16:19:50
VA-VSC-00214,Waco (349),Combat Veteran Auto-Enroll,2025-01-22 10:00:00,2025-01-27 15:57:52,2025-01-28 07:32:53,2025-01-28 13:36:39
VA-VSC-00215,St. Paul (335),New Enrollment,2025-01-22 13:00:00,2025-01-23 00:27:24,2025-01-26 08:34:09,2025-01-27 06:36:52
VA-VSC-00216,Waco (349),Priority Group Upgrade,2025-01-22 13:00:00,2025-01-28 19:10:09,2025-02-05 02:03:53,2025-02-06 20:59:25
VA-VSC-00217,Waco (349),New Enrollment,2025-01-23 07:00:00,2025-01-30 14:53:48,2025-01-31 12:44:11,2025-02-03 12:21:59
VA-VSC-00218,St. Paul (335),Priority Group Upgrade,2025-01-23 08:00:00,2025-01-23 14:10:37,2025-01-29 01:52:30,2025-01-29 05:35:51
VA-VSC-00219,Houston (362),New Enrollment,2025-01-23 10:00:00,2025-01-24 22:32:58,2025-01-25 22:47:46,2025-01-28 17:32:39
VA-VSC-00220,Phoenix (344),New Enrollment,2025-01-23 10:00:00,2025-01-24 06:51:26,2025-01-24 10:06:49,2025-01-27 01:55:32
VA-VSC-00221,Houston (362),New Enrollment,2025-01-23 10:00:00,2025-01-25 13:35:04,2025-01-29 01:46:19,2025-01-30 18:30:19
VA-VSC-00222,Houston (362),Priority Group Upgrade,2025-01-23 10:00:00,2025-01-25 02:20:28,2025-02-01 09:31:21,2025-02-01 17:38:58
VA-VSC-00223,Waco (349),New Enrollment,2025-01-23 10:00:00,2025-01-28 20:21:22,2025-01-28 23:00:11,2025-01-29 17:30:31
VA-VSC-00224,Waco (349),New Enrollment,2025-01-23 11:00:00,2025-01-29 05:29:26,2025-01-31 04:07:45,2025-02-02 12:52:29
VA-VSC-00225,Waco (349),New Enrollment,2025-01-23 12:00:00,2025-01-29 17:38:10,2025-01-29 20:02:10,2025-01-31 09:56:25
VA-VSC-00226,Waco (349),New Enrollment,2025-01-23 12:00:00,2025-01-28 20:53:31,2025-01-30 14:59:10,2025-02-01 10:45:32
VA-VSC-00227,Muskogee (351),Priority Group Upgrade,2025-01-23 13:00:00,2025-01-23 15:24:00,2025-02-01 14:35:42,2025-02-01 16:59:42
VA-VSC-00228,Waco (349),Combat Veteran Auto-Enroll,2025-01-23 14:00:00,2025-01-28 03:01:32,2025-01-29 12:32:33,2025-01-30 04:54:11
VA-VSC-00229,Phoenix (344),New Enrollment,2025-01-23 15:00:00,2025-01-25 12:55:19,2025-01-27 22:34:27,2025-01-30 22:15:43
VA-VSC-00230,Houston (362),Priority Group Upgrade,2025-01-23 15:00:00,2025-01-24 12:25:47,2025-01-30 08:37:56,2025-02-02 16:12:26
VA-VSC-00231,St. Paul (335),Priority Group Upgrade,2025-01-23 15:00:00,2025-01-23 20:51:15,2025-01-30 08:49:35,2025-02-01 16:27:50
VA-VSC-00232,Waco (349),New Enrollment,2025-01-23 15:00:00,2025-01-30 00:16:51,2025-01-30 19:37:08,2025-01-31 00:41:08
VA-VSC-00233,Houston (362),Priority Group Upgrade,2025-01-23 15:00:00,2025-01-24 06:02:54,2025-02-02 13:49:51,2025-02-03 00:06:40
VA-VSC-00234,Waco (349),New Enrollment,2025-01-24 07:00:00,2025-01-30 00:47:18,2025-01-30 19:30:40,2025-01-31 07:53:01
VA-VSC-00235,Waco (349),Priority Group Upgrade,2025-01-24 07:00:00,2025-01-29 23:50:02,2025-02-06 22:07:30,2025-02-09 06:15:41
VA-VSC-00236,St. Paul (335),New Enrollment,2025-01-24 08:00:00,2025-01-24 12:33:03,2025-01-25 01:14:41,2025-01-26 08:51:06
VA-VSC-00237,Waco (349),Priority Group Upgrade,2025-01-24 11:00:00,2025-02-01 06:33:20,2025-02-07 03:31:49,2025-02-08 16:16:20
VA-VSC-00238,Waco (349),Priority Group Upgrade,2025-01-24 11:00:00,2025-02-03 00:28:25,2025-02-15 11:12:15,2025-02-16 17:44:27
VA-VSC-00239,Houston (362),New Enrollment,2025-01-24 12:00:00,2025-01-25 06:38:12,2025-01-25 11:26:21,2025-01-25 20:24:42
VA-VSC-00240,Waco (349),New Enrollment,2025-01-24 12:00:00,2025-02-02 07:48:05,2025-02-05 08:40:31,2025-02-07 14:27:42
VA-VSC-00241,Muskogee (351),Inter-Facility Transfer,2025-01-24 12:00:00,2025-01-25 19:25:45,2025-01-27 04:12:27,2025-01-27 15:05:40
VA-VSC-00242,Muskogee (351),New Enrollment,2025-01-24 14:00:00,2025-01-25 06:06:02,2025-01-27 00:57:16,2025-01-28 13:56:31
VA-VSC-00243,Phoenix (344),Priority Group Upgrade,2025-01-24 14:00:00,2025-01-24 16:24:00,2025-02-05 22:29:55,2025-02-09 15:55:46
VA-VSC-00244,Waco (349),Inter-Facility Transfer,2025-01-24 14:00:00,2025-01-31 04:38:27,2025-01-31 08:16:29,2025-02-01 17:50:15
VA-VSC-00245,Waco (349),Priority Group Upgrade,2025-01-24 14:00:00,2025-01-29 17:49:54,2025-02-05 15:13:34,2025-02-09 05:53:04
VA-VSC-00246,Muskogee (351),Priority Group Upgrade,2025-01-25 07:00:00,2025-01-25 09:24:00,2025-01-30 06:04:55,2025-01-31 07:20:20
VA-VSC-00247,Waco (349),Combat Veteran Auto-Enroll,2025-01-25 08:00:00,2025-02-01 09:41:07,2025-02-03 03:30:41,2025-02-03 17:39:15
VA-VSC-00248,Muskogee (351),Combat Veteran Auto-Enroll,2025-01-25 10:00:00,2025-01-26 12:25:45,2025-01-28 06:00:03,2025-01-29 12:10:09
VA-VSC-00249,Muskogee (351),Priority Group Upgrade,2025-01-25 14:00:00,2025-01-26 01:49:26,2025-01-30 11:14:48,2025-02-07 02:06:59
VA-VSC-00250,Phoenix (344),Priority Group Upgrade,2025-01-26 09:00:00,2025-01-27 02:58:28,2025-01-31 07:23:23,2025-02-01 22:03:24
VA-VSC-00251,Waco (349),New Enrollment,2025-01-26 09:00:00,2025-02-01 03:59:18,2025-02-01 08:38:55,2025-02-02 14:47:06
VA-VSC-00252,Waco (349),Inter-Facility Transfer,2025-01-26 12:00:00,2025-01-30 09:45:45,2025-01-31 10:15:23,2025-02-01 13:47:59
VA-VSC-00253,Phoenix (344),Priority Group Upgrade,2025-01-26 13:00:00,2025-01-26 22:01:34,2025-02-04 02:12:38,2025-02-04 08:42:06
VA-VSC-00254,Waco (349),New Enrollment,2025-01-26 14:00:00,2025-02-03 18:00:54,2025-02-04 18:46:56,2025-02-05 22:21:33
VA-VSC-00255,Waco (349),Combat Veteran Auto-Enroll,2025-01-26 14:00:00,2025-02-02 12:02:16,2025-02-03 12:58:07,2025-02-05 01:03:30
VA-VSC-00256,Houston (362),Priority Group Upgrade,2025-01-26 15:00:00,2025-01-27 04:39:27,2025-02-05 04:58:49,2025-02-06 03:26:26
VA-VSC-00257,Muskogee (351),New Enrollment,2025-01-26 16:00:00,2025-01-27 14:08:52,2025-01-28 11:53:24,2025-02-01 21:39:49
VA-VSC-00258,Houston (362),Priority Group Upgrade,2025-01-27 08:00:00,2025-01-28 18:19:37,2025-02-07 17:42:45,2025-02-10 04:59:17
VA-VSC-00259,Houston (362),New Enrollment,2025-01-27 10:00:00,2025-01-31 09:22:49,2025-01-31 15:34:43,2025-01-31 18:09:58
VA-VSC-00260,Waco (349),Combat Veteran Auto-Enroll,2025-01-27 11:00:00,2025-02-02 21:28:35,2025-02-09 01:13:11,2025-02-10 03:10:08
VA-VSC-00261,Houston (362),New Enrollment,2025-01-27 12:00:00,2025-01-27 18:51:48,2025-01-28 21:24:07,2025-01-30 23:37:44
VA-VSC-00262,Muskogee (351),Combat Veteran Auto-Enroll,2025-01-27 12:00:00,2025-01-27 22:54:12,2025-01-29 20:03:50,2025-02-06 05:21:02
VA-VSC-00263,Waco (349),Priority Group Upgrade,2025-01-27 13:00:00,2025-02-02 21:41:38,2025-02-06 21:36:59,2025-02-07 16:36:19
VA-VSC-00264,Waco (349),New Enrollment,2025-01-27 14:00:00,2025-02-02 00:11:02,2025-02-04 03:51:21,2025-02-05 01:40:47
VA-VSC-00265,Phoenix (344),Inter-Facility Transfer,2025-01-27 15:00:00,2025-01-28 05:12:48,2025-01-29 07:31:31,2025-01-30 02:21:53
VA-VSC-00266,St. Paul (335),Priority Group Upgrade,2025-01-28 09:00:00,2025-01-29 13:04:15,2025-02-08 10:03:29,2025-02-10 08:38:39
VA-VSC-00267,Houston (362),New Enrollment,2025-01-28 10:00:00,2025-01-28 19:16:31,2025-01-28 21:40:31,2025-01-30 12:17:35
VA-VSC-00268,St. Paul (335),Priority Group Upgrade,2025-01-28 11:00:00,2025-01-29 11:52:39,2025-02-06 04:03:52,2025-02-06 07:39:58
VA-VSC-00269,Waco (349),Combat Veteran Auto-Enroll,2025-01-28 12:00:00,2025-02-03 16:44:08,2025-02-04 18:29:05,2025-02-06 03:29:34
VA-VSC-00270,Waco (349),New Enrollment,2025-01-28 13:00:00,2025-02-01 20:46:34,2025-02-03 06:23:07,2025-02-06 13:40:46
VA-VSC-00271,St. Paul (335),New Enrollment,2025-01-28 13:00:00,2025-01-30 22:05:58,2025-01-31 13:11:49,2025-02-06 09:45:07
VA-VSC-00272,St. Paul (335),New Enrollment,2025-01-28 13:00:00,2025-01-28 15:24:00,2025-01-29 15:22:25,2025-01-31 11:00:42
VA-VSC-00273,Phoenix (344),New Enrollment,2025-01-28 14:00:00,2025-01-28 22:11:42,2025-01-31 03:19:12,2025-02-02 02:38:35
VA-VSC-00274,Phoenix (344),Combat Veteran Auto-Enroll,2025-01-28 15:00:00,2025-01-28 17:24:00,2025-01-30 03:08:51,2025-01-31 11:36:26
VA-VSC-00275,Waco (349),Priority Group Upgrade,2025-01-28 16:00:00,2025-02-03 17:48:03,2025-02-18 23:32:11,2025-02-23 12:43:03
VA-VSC-00276,Waco (349),New Enrollment,2025-01-28 16:00:00,2025-02-01 05:19:05,2025-02-03 11:05:49,2025-02-08 18:58:10
VA-VSC-00277,St. Paul (335),New Enrollment,2025-01-29 09:00:00,2025-01-29 21:48:01,2025-02-01 08:45:34,2025-02-02 17:52:41
VA-VSC-00278,Houston (362),New Enrollment,2025-01-29 09:00:00,2025-01-29 23:32:52,2025-02-03 03:53:46,2025-02-04 14:10:35
VA-VSC-00279,St. Paul (335),,2025-01-29 11:00:00,2025-01-30 05:08:38,2025-01-31 21:19:21,2025-02-01 11:51:20
VA-VSC-00280,St. Paul (335),New Enrollment,2025-01-29 11:00:00,2025-01-29 22:18:38,2025-02-02 23:06:43,2025-02-05 05:35:05
VA-VSC-00281,Phoenix (344),Inter-Facility Transfer,2025-01-29 11:00:00,2025-01-31 13:28:05,2025-02-01 00:51:09,2025-02-02 14:31:23
VA-VSC-00282,Waco (349),Priority Group Upgrade,2025-01-29 12:00:00,2025-02-05 04:36:57,2025-02-12 14:13:02,2025-02-12 22:36:48
VA-VSC-00283,Waco (349),New Enrollment,2025-01-29 12:00:00,2025-02-05 10:02:27,2025-02-08 17:01:55,2025-02-18 01:41:13
VA-VSC-00284,Waco (349),Combat Veteran Auto-Enroll,2025-01-29 15:00:00,2025-02-06 11:28:23,2025-02-08 06:56:03,2025-02-08 09:20:03
VA-VSC-00285,Houston (362),Priority Group Upgrade,2025-01-29 16:00:00,2025-01-29 20:56:25,2025-02-03 19:24:18,2025-02-03 21:48:18
VA-VSC-00286,Waco (349),Priority Group Upgrade,2025-01-29 16:00:00,2025-02-02 08:43:32,2025-02-10 09:53:18,2025-02-11 22:06:55
VA-VSC-00287,Waco (349),Inter-Facility Transfer,2025-01-29 16:00:00,2025-02-03 01:14:41,2025-02-05 19:47:27,2025-02-12 00:22:53
VA-VSC-00288,Waco (349),New Enrollment,2025-01-30 07:00:00,2025-02-06 17:22:05,2025-02-08 16:59:36,2025-02-14 03:08:42
VA-VSC-00289,Waco (349),New Enrollment,2025-01-30 07:00:00,2025-02-05 22:04:59,2025-02-07 02:29:35,2025-02-09 05:25:29
VA-VSC-00290,Houston (362),Priority Group Upgrade,2025-01-30 08:00:00,2025-01-31 11:53:32,2025-02-07 02:57:16,2025-02-07 07:04:53
VA-VSC-00291,Waco (349),New Enrollment,2025-01-30 08:00:00,2025-02-02 15:39:32,2025-02-02 22:28:52,2025-02-03 05:39:38
VA-VSC-00292,Waco (349),New Enrollment,2025-01-30 09:00:00,2025-02-04 04:12:27,2025-02-05 04:41:30,2025-02-05 07:48:51
VA-VSC-00293,Phoenix (344),New Enrollment,2025-01-30 10:00:00,2025-01-31 12:39:50,2025-02-01 15:49:25,2025-02-09 17:55:30
VA-VSC-00294,Waco (349),New Enrollment,2025-01-30 11:00:00,2025-02-06 19:24:26,2025-02-08 02:16:33,2025-02-11 21:35:54
VA-VSC-00295,Waco (349),Combat Veteran Auto-Enroll,2025-01-30 11:00:00,2025-02-03 19:26:04,2025-02-03 21:50:04,2025-02-06 06:05:14
VA-VSC-00296,Waco (349),New Enrollment,2025-01-30 11:00:00,2025-02-06 18:15:37,2025-02-10 12:02:17,2025-02-11 06:18:06
VA-VSC-00297,St. Paul (335),Priority Group Upgrade,2025-01-30 12:00:00,2025-01-30 19:03:01,2025-02-03 01:35:47,2025-02-03 08:18:23
VA-VSC-00298,Waco (349),Priority Group Upgrade,2025-01-30 13:00:00,2025-02-05 08:21:37,2025-02-13 02:29:42,2025-02-16 04:13:33
VA-VSC-00299,Houston (362),New Enrollment,2025-01-30 14:00:00,2025-02-01 01:37:39,2025-02-01 17:51:12,2025-02-01 22:09:05
VA-VSC-00300,Waco (349),New Enrollment,2025-01-30 15:00:00,2025-02-07 00:33:20,2025-02-07 15:25:01,2025-02-08 03:14:08
VA-VSC-00301,Waco (349),Combat Veteran Auto-Enroll,2025-01-30 15:00:00,2025-02-08 07:10:14,2025-02-11 18:50:25,2025-02-12 14:42:36
VA-VSC-00302,Waco (349),New Enrollment,2025-01-30 15:00:00,2025-02-04 06:48:44,2025-02-04 09:12:44,2025-02-06 04:24:07
VA-VSC-00303,Waco (349),,2025-01-31 10:00:00,2025-02-08 07:04:27,2025-02-08 18:00:58,2025-02-13 12:58:33
VA-VSC-00304,Houston (362),Combat Veteran Auto-Enroll,2025-01-31 10:00:00,2025-02-02 00:31:56,2025-02-04 10:00:38,2025-02-04 23:38:27
VA-VSC-00305,St. Paul (335),New Enrollment,2025-01-31 10:00:00,2025-02-01 22:14:22,2025-02-04 10:25:37,2025-02-05 07:44:32
VA-VSC-00306,Muskogee (351),Priority Group Upgrade,2025-01-31 10:00:00,2025-01-31 15:17:12,2025-02-08 14:14:12,2025-02-10 07:21:07
VA-VSC-00307,Waco (349),Priority Group Upgrade,2025-01-31 11:00:00,2025-02-08 04:42:38,2025-02-17 17:20:32,2025-02-18 20:49:05
VA-VSC-00308,Waco (349),New Enrollment,2025-01-31 11:00:00,2025-02-06 11:02:03,2025-02-07 10:43:12,2025-02-08 16:36:33
VA-VSC-00309,St. Paul (335),Combat Veteran Auto-Enroll,2025-01-31 12:00:00,2025-02-01 14:40:15,2025-02-03 00:10:50,2025-02-03 06:45:23
VA-VSC-00310,Waco (349),Combat Veteran Auto-Enroll,2025-01-31 12:00:00,2025-02-12 09:58:18,2025-02-14 15:19:41,2025-02-18 19:59:42
VA-VSC-00311,Waco (349),New Enrollment,2025-01-31 12:00:00,2025-02-06 21:45:12,2025-02-07 22:51:36,2025-02-09 10:17:58
VA-VSC-00312,Waco (349),Priority Group Upgrade,2025-01-31 12:00:00,2025-02-07 07:50:26,2025-02-12 09:19:19,2025-02-12 13:39:18
VA-VSC-00313,Waco (349),Inter-Facility Transfer,2025-01-31 13:00:00,2025-02-07 20:18:29,2025-02-09 15:08:44,2025-02-10 09:47:33
VA-VSC-00314,Muskogee (351),Inter-Facility Transfer,2025-01-31 13:00:00,2025-02-02 13:37:10,2025-02-03 18:21:54,2025-02-07 19:55:39
VA-VSC-00315,Phoenix (344),Priority Group Upgrade,2025-01-31 13:00:00,2025-02-02 06:29:56,2025-02-11 03:47:02,2025-02-11 06:11:02
VA-VSC-00316,Houston (362),Priority Group Upgrade,2025-01-31 14:00:00,2025-02-01 06:48:21,2025-02-10 15:29:24,2025-02-11 21:44:31
VA-VSC-00317,Waco (349),New Enrollment,2025-01-31 15:00:00,2025-02-07 19:26:53,2025-02-08 09:42:50,2025-02-09 05:37:39
VA-VSC-00318,Waco (349),Inter-Facility Transfer,2025-01-31 16:00:00,2025-02-08 15:29:24,2025-02-09 01:12:40,2025-02-14 23:52:07
VA-VSC-00319,Waco (349),New Enrollment,2025-01-31 16:00:00,2025-02-07 19:47:50,2025-02-09 23:04:20,2025-02-10 03:34:25
VA-VSC-00320,Waco (349),Priority Group Upgrade,2025-02-01 07:00:00,2025-02-08 21:18:29,2025-02-13 02:16:32,2025-02-13 19:39:01
VA-VSC-00321,Waco (349),New Enrollment,2025-02-01 07:00:00,2025-02-07 17:21:48,2025-02-08 00:42:23,2025-02-08 21:08:11
VA-VSC-00322,St. Paul (335),New Enrollment,2025-02-01 07:00:00,2025-02-02 14:20:56,2025-02-03 14:02:06,2025-02-06 06:25:54
VA-VSC-00323,Houston (362),New Enrollment,2025-02-01 08:00:00,2025-02-05 05:35:12,2025-02-05 10:02:51,2025-02-07 21:23:39
VA-VSC-00324,Waco (349),Inter-Facility Transfer,2025-02-01 08:00:00,2025-02-06 07:16:02,2025-02-07 02:32:10,2025-02-07 04:56:10
VA-VSC-00325,Muskogee (351),New Enrollment,2025-02-01 08:00:00,2025-02-01 20:03:13,2025-02-05 06:47:51,2025-02-07 23:47:35
VA-VSC-00326,St. Paul (335),Priority Group Upgrade,2025-02-01 09:00:00,2025-02-05 16:09:52,2025-02-11 23:23:04,2025-02-12 12:39:57
VA-VSC-00327,Houston (362),New Enrollment,2025-02-01 12:00:00,2025-02-01 23:25:59,2025-02-02 13:18:29,2025-02-03 08:16:50
VA-VSC-00328,Houston (362),New Enrollment,2025-02-01 13:00:00,2025-02-02 21:11:21,2025-02-04 00:25:55,2025-02-04 23:47:58
VA-VSC-00329,Waco (349),New Enrollment,2025-02-01 14:00:00,2025-02-07 02:24:21,2025-02-07 04:48:21,2025-02-07 16:39:38
VA-VSC-00330,Waco (349),Priority Group Upgrade,2025-02-01 14:00:00,2025-02-06 12:28:16,2025-02-12 04:40:21,2025-02-13 04:03:30
VA-VSC-00331,Waco (349),New Enrollment,2025-02-01 15:00:00,2025-02-09 21:58:00,2025-02-10 00:22:00,2025-02-10 11:11:12
VA-VSC-00332,St. Paul (335),New Enrollment,2025-02-01 16:00:00,2025-02-03 08:09:43,2025-02-05 04:38:54,2025-02-05 21:02:19
VA-VSC-00333,Waco (349),New Enrollment,2025-02-01 16:00:00,2025-02-06 22:12:09,2025-02-09 20:29:31,2025-02-10 14:33:39
VA-VSC-00334,Waco (349),New Enrollment,2025-02-02 09:00:00,2025-02-08 19:42:57,2025-02-08 22:06:57,2025-02-11 19:47:33
VA-VSC-00335,Waco (349),Inter-Facility Transfer,2025-02-02 09:00:00,2025-02-07 17:28:55,2025-02-08 13:25:55,2025-02-11 06:51:02
VA-VSC-00336,Waco (349),Inter-Facility Transfer,2025-02-02 09:00:00,2025-02-10 14:01:45,2025-02-12 15:18:34,2025-02-15 14:29:27
VA-VSC-00337,Phoenix (344),New Enrollment,2025-02-02 10:00:00,2025-02-05 10:42:10,2025-02-06 06:44:25,2025-02-06 23:24:39
VA-VSC-00338,St. Paul (335),Priority Group Upgrade,2025-02-02 10:00:00,2025-02-03 15:23:48,2025-02-08 19:17:49,2025-02-10 14:38:06
VA-VSC-00339,Waco (349),Inter-Facility Transfer,2025-02-02 11:00:00,2025-02-08 00:44:31,2025-02-09 19:00:41,2025-02-13 00:05:34
VA-VSC-00340,Waco (349),New Enrollment,2025-02-02 13:00:00,2025-02-07 23:57:56,2025-02-08 06:28:03,2025-02-09 08:10:37
VA-VSC-00341,Waco (349),Combat Veteran Auto-Enroll,2025-02-02 15:00:00,2025-02-10 15:55:55,2025-02-11 17:24:31,2025-02-12 06:39:32
VA-VSC-00342,Waco (349),Inter-Facility Transfer,2025-02-02 15:00:00,2025-02-08 21:33:22,2025-02-09 00:43:23,2025-02-10 12:26:42
VA-VSC-00343,Waco (349),New Enrollment,2025-02-03 07:00:00,2025-02-14 18:59:32,2025-02-16 20:09:03,2025-02-19 10:36:28
VA-VSC-00344,Waco (349),New Enrollment,2025-02-03 08:00:00,2025-02-11 01:58:06,2025-02-12 13:55:34,2025-02-14 07:13:06
VA-VSC-00345,Waco (349),Inter-Facility Transfer,2025-02-03 08:00:00,2025-02-10 08:05:09,2025-02-10 15:48:02,2025-02-15 09:10:43
VA-VSC-00346,Houston (362),Priority Group Upgrade,2025-02-03 09:00:00,2025-02-03 11:24:00,2025-02-08 17:29:46,2025-02-09 09:48:37
VA-VSC-00347,Houston (362),New Enrollment,2025-02-03 10:00:00,2025-02-05 23:37:57,2025-02-08 15:07:03,2025-02-10 17:47:35
VA-VSC-00348,Waco (349),New Enrollment,2025-02-03 10:00:00,2025-02-09 14:36:02,2025-02-13 15:53:14,2025-02-17 05:09:09
VA-VSC-00349,Waco (349),New Enrollment,2025-02-03 14:00:00,2025-02-07 14:18:57,2025-02-09 09:53:04,2025-02-11 02:03:13
VA-VSC-00350,Houston (362),Priority Group Upgrade,2025-02-03 14:00:00,2025-02-04 07:51:27,2025-02-12 11:33:21,2025-02-13 08:46:45
VA-VSC-00351,Waco (349),Priority Group Upgrade,2025-02-04 07:00:00,2025-02-13 03:31:44,2025-02-26 03:07:59,2025-03-04 17:27:52
VA-VSC-00352,Phoenix (344),Inter-Facility Transfer,2025-02-04 08:00:00,2025-02-04 13:55:01,2025-02-06 08:42:04,2025-02-06 12:13:07
VA-VSC-00353,Houston (362),New Enrollment,2025-02-04 09:00:00,2025-02-04 18:38:56,2025-02-06 10:22:57,2025-02-07 04:12:55
VA-VSC-00354,Waco (349),Priority Group Upgrade,2025-02-04 10:00:00,2025-02-08 18:51:15,2025-02-16 20:38:59,2025-02-17 14:29:01
VA-VSC-00355,Waco (349),Priority Group Upgrade,2025-02-04 10:00:00,2025-02-11 06:31:01,2025-02-15 21:38:43,2025-02-19 04:02:19
VA-VSC-00356,Houston (362),New Enrollment,2025-02-04 12:00:00,2025-02-05 21:32:53,2025-02-07 11:32:50,2025-02-09 07:39:53
VA-VSC-00357,Waco (349),New Enrollment,2025-02-04 12:00:00,2025-02-11 05:09:57,2025-02-11 14:30:22,2025-02-12 23:10:41
VA-VSC-00358,Houston (362),Inter-Facility Transfer,2025-02-05 08:00:00,2025-02-05 14:04:38,2025-02-06 12:10:48,2025-02-08 09:49:20
VA-VSC-00359,Muskogee (351),Combat Veteran Auto-Enroll,2025-02-05 08:00:00,2025-02-05 16:13:47,2025-02-06 05:06:20,2025-02-08 02:44:35
VA-VSC-00360,Houston (362),Priority Group Upgrade,2025-02-05 08:00:00,2025-02-08 19:55:17,2025-02-18 06:22:32,2025-02-21 07:41:30
VA-VSC-00361,Waco (349),Priority Group Upgrade,2025-02-05 09:00:00,2025-02-10 19:25:21,2025-02-20 03:33:35,2025-02-21 08:37:47
VA-VSC-00362,Houston (362),New Enrollment,2025-02-05 09:00:00,2025-02-07 15:00:54,2025-02-14 08:37:53,2025-02-14 12:13:10
VA-VSC-00363,Waco (349),Priority Group Upgrade,2025-02-05 09:00:00,2025-02-11 05:19:23,2025-02-18 07:55:09,2025-02-19 07:12:16
VA-VSC-00364,Waco (349),Priority Group Upgrade,2025-02-05 11:00:00,2025-02-14 05:13:45,2025-02-20 11:33:45,2025-02-21 00:22:41
VA-VSC-00365,Muskogee (351),Priority Group Upgrade,2025-02-05 12:00:00,2025-02-06 23:30:41,2025-02-16 08:21:41,2025-02-16 10:53:33
VA-VSC-00366,Waco (349),Inter-Facility Transfer,2025-02-05 12:00:00,2025-02-13 06:22:27,2025-02-13 23:06:54,2025-02-17 05:49:00
VA-VSC-00367,Muskogee (351),Priority Group Upgrade,2025-02-05 13:00:00,2025-02-06 10:58:03,2025-02-12 12:25:14,2025-02-15 16:58:57
VA-VSC-00368,Phoenix (344),,2025-02-05 16:00:00,2025-02-05 20:33:40,2025-02-08 21:22:48,2025-02-09 13:25:33
VA-VSC-00369,Waco (349),Combat Veteran Auto-Enroll,2025-02-05 16:00:00,2025-02-09 21:44:03,2025-02-11 13:45:16,2025-02-13 09:30:09
VA-VSC-00370,Waco (349),New Enrollment,2025-02-05 16:00:00,2025-02-10 05:20:23,2025-02-10 14:19:01,2025-02-10 16:43:01
VA-VSC-00371,Waco (349),New Enrollment,2025-02-05 16:00:00,2025-02-11 13:45:04,2025-02-12 06:10:44,2025-02-15 01:37:00
VA-VSC-00372,Waco (349),New Enrollment,2025-02-06 09:00:00,2025-02-12 18:33:37,2025-02-15 01:52:28,2025-02-22 13:26:47
VA-VSC-00373,Waco (349),,2025-02-06 09:00:00,2025-02-12 05:00:03,2025-02-14 18:11:47,2025-02-16 20:48:21
VA-VSC-00374,Houston (362),Combat Veteran Auto-Enroll,2025-02-06 10:00:00,2025-02-07 01:53:05,2025-02-07 11:12:15,2025-02-07 14:41:21
VA-VSC-00375,Waco (349),Priority Group Upgrade,2025-02-06 12:00:00,2025-02-13 14:06:48,2025-02-26 00:33:50,2025-02-28 16:51:48
VA-VSC-00376,Waco (349),Combat Veteran Auto-Enroll,2025-02-06 14:00:00,2025-02-12 21:12:03,2025-02-13 09:06:32,2025-02-13 11:30:32
VA-VSC-00377,Phoenix (344),Priority Group Upgrade,2025-02-06 15:00:00,2025-02-07 00:40:10,2025-02-17 06:58:49,2025-02-22 20:14:50
VA-VSC-00378,Waco (349),New Enrollment,2025-02-06 15:00:00,2025-02-11 19:21:28,2025-02-13 04:50:59,2025-02-13 18:11:30
VA-VSC-00379,St. Paul (335),Combat Veteran Auto-Enroll,2025-02-07 07:00:00,2025-02-09 06:31:45,2025-02-10 00:08:41,2025-02-13 14:15:15
VA-VSC-00380,Waco (349),,2025-02-07 07:00:00,2025-02-13 03:15:19,2025-02-15 17:49:40,2025-02-16 13:17:20
VA-VSC-00381,Waco (349),New Enrollment,2025-02-07 09:00:00,2025-02-13 06:45:26,2025-02-14 17:09:55,2025-02-14 20:39:49
VA-VSC-00382,Houston (362),Priority Group Upgrade,2025-02-07 10:00:00,2025-02-08 06:24:59,2025-02-18 12:16:34,2025-02-22 12:40:01
VA-VSC-00383,Houston (362),New Enrollment,2025-02-07 11:00:00,2025-02-08 08:16:27,2025-02-12 06:37:35,2025-02-12 09:50:20
VA-VSC-00384,Phoenix (344),,2025-02-07 11:00:00,2025-02-07 14:27:38,2025-02-08 23:09:33,2025-02-09 20:08:17
VA-VSC-00385,St. Paul (335),Priority Group Upgrade,2025-02-07 11:00:00,2025-02-08 04:58:20,2025-02-15 20:02:59,2025-02-16 20:56:56
VA-VSC-00386,St. Paul (335),Priority Group Upgrade,2025-02-07 12:00:00,2025-02-14 14:49:00,2025-02-25 12:24:26,2025-02-26 03:45:18
VA-VSC-00387,Waco (349),New Enrollment,2025-02-07 12:00:00,2025-02-13 06:01:10,2025-02-13 20:45:18,2025-02-17 13:42:24
VA-VSC-00388,Waco (349),Inter-Facility Transfer,2025-02-07 12:00:00,2025-02-13 17:25:42,2025-02-14 02:20:00,2025-02-18 01:36:47
VA-VSC-00389,St. Paul (335),Priority Group Upgrade,2025-02-07 15:00:00,2025-02-10 07:34:13,2025-02-18 00:50:49,2025-02-19 03:02:10
VA-VSC-00390,St. Paul (335),Combat Veteran Auto-Enroll,2025-02-07 16:00:00,2025-02-09 16:25:43,2025-02-10 18:43:54,2025-02-15 15:08:47
VA-VSC-00391,Muskogee (351),New Enrollment,2025-02-08 08:00:00,2025-02-08 19:21:36,2025-02-09 01:29:40,2025-02-11 12:42:11
VA-VSC-00392,Waco (349),Priority Group Upgrade,2025-02-08 09:00:00,2025-02-15 01:35:11,2025-02-23 11:41:27,2025-02-23 15:45:13
VA-VSC-00393,Waco (349),Combat Veteran Auto-Enroll,2025-02-08 09:00:00,2025-02-15 15:17:01,2025-02-15 17:41:01,2025-02-17 14:49:45
VA-VSC-00394,St. Paul (335),,2025-02-08 10:00:00,2025-02-09 22:22:55,2025-02-19 06:48:46,2025-02-19 18:27:26
VA-VSC-00395,Waco (349),Priority Group Upgrade,2025-02-08 12:00:00,2025-02-14 05:24:11,2025-02-20 19:07:34,2025-02-21 10:49:24
VA-VSC-00396,Muskogee (351),New Enrollment,2025-02-08 12:00:00,2025-02-08 14:24:00,2025-02-10 21:11:05,2025-02-13 06:51:34
VA-VSC-00397,Phoenix (344),New Enrollment,2025-02-08 15:00:00,2025-02-08 18:57:48,2025-02-15 01:55:25,2025-02-16 22:52:58
VA-VSC-00398,Waco (349),,2025-02-08 15:00:00,2025-02-15 01:47:50,2025-02-20 17:29:49,2025-02-25 07:23:18
VA-VSC-00399,St. Paul (335),New Enrollment,2025-02-08 15:00:00,2025-02-08 18:45:38,2025-02-10 22:00:17,2025-02-12 17:27:20
VA-VSC-00400,St. Paul (335),Combat Veteran Auto-Enroll,2025-02-08 16:00:00,2025-02-09 19:02:58,2025-02-10 03:55:24,2025-02-12 06:28:31
VA-VSC-00401,Waco (349),New Enrollment,2025-02-09 07:00:00,2025-02-15 01:25:35,2025-02-15 17:22:27,2025-02-18 22:57:06
VA-VSC-00402,Phoenix (344),Inter-Facility Transfer,2025-02-09 08:00:00,2025-02-09 20:21:10,2025-02-11 23:27:03,2025-02-12 01:51:03
VA-VSC-00403,Waco (349),Inter-Facility Transfer,2025-02-09 11:00:00,2025-02-15 00:16:10,2025-02-20 05:56:31,2025-02-28 04:48:11
VA-VSC-00404,Phoenix (344),New Enrollment,2025-02-09 12:00:00,2025-02-09 14:24:00,2025-02-12 16:47:07,2025-02-14 09:08:12
VA-VSC-00405,Waco (349),New Enrollment,2025-02-09 14:00:00,2025-02-13 08:57:41,2025-02-13 13:16:08,2025-02-19 10:03:25
VA-VSC-00406,Phoenix (344),Combat Veteran Auto-Enroll,2025-02-09 14:00:00,2025-02-10 11:45:29,2025-02-10 23:43:51,2025-02-11 20:25:27
VA-VSC-00407,Waco (349),Inter-Facility Transfer,2025-02-09 15:00:00,2025-02-14 23:08:04,2025-02-16 08:17:03,2025-02-21 15:54:14
VA-VSC-00408,Waco (349),New Enrollment,2025-02-09 15:00:00,2025-02-18 02:03:51,2025-02-18 21:52:03,2025-02-19 11:49:27
VA-VSC-00409,Phoenix (344),New Enrollment,2025-02-09 15:00:00,2025-02-14 13:03:31,2025-02-15 02:05:58,2025-02-15 20:52:29
VA-VSC-00410,Waco (349),Priority Group Upgrade,2025-02-10 08:00:00,2025-02-20 22:41:11,2025-02-28 21:26:02,2025-03-03 18:02:33
VA-VSC-00411,Waco (349),Priority Group Upgrade,2025-02-10 10:00:00,2025-02-17 00:30:09,2025-02-23 09:59:17,2025-02-23 15:39:59
VA-VSC-00412,Muskogee (351),New Enrollment,2025-02-10 13:00:00,2025-02-11 05:37:57,2025-02-12 01:59:26,2025-02-13 17:02:55
VA-VSC-00413,Muskogee (351),Priority Group Upgrade,2025-02-10 13:00:00,2025-02-11 14:06:00,2025-02-21 08:47:25,2025-02-22 02:29:13
VA-VSC-00414,Houston (362),New Enrollment,2025-02-10 14:00:00,2025-02-11 00:17:38,2025-02-11 12:53:04,2025-02-12 10:23:30
VA-VSC-00415,Houston (362),New Enrollment,2025-02-10 15:00:00,2025-02-11 19:04:16,2025-02-12 04:31:06,2025-02-17 05:57:14
VA-VSC-00416,Waco (349),New Enrollment,2025-02-10 16:00:00,2025-02-18 04:34:42,2025-02-21 23:30:42,2025-02-22 01:54:42
VA-VSC-00417,Waco (349),New Enrollment,2025-02-11 08:00:00,2025-02-15 20:13:05,2025-02-15 22:37:05,2025-02-16 13:52:21
VA-VSC-00418,Waco (349),New Enrollment,2025-02-11 09:00:00,2025-02-16 22:32:48,2025-02-19 16:15:43,2025-02-21 15:05:44
VA-VSC-00419,Houston (362),Priority Group Upgrade,2025-02-11 09:00:00,2025-02-12 23:26:19,2025-02-18 21:20:59,2025-02-24 16:02:50
VA-VSC-00420,St. Paul (335),New Enrollment,2025-02-11 10:00:00,2025-02-12 02:00:39,2025-02-15 20:20:59,2025-02-17 13:34:50
VA-VSC-00421,St. Paul (335),New Enrollment,2025-02-11 10:00:00,2025-02-12 21:17:36,2025-02-13 16:43:12,2025-02-14 04:52:26
VA-VSC-00422,St. Paul (335),New Enrollment,2025-02-11 11:00:00,2025-02-13 00:01:47,2025-02-14 09:43:38,2025-02-15 19:07:39
VA-VSC-00423,Waco (349),Inter-Facility Transfer,2025-02-11 14:00:00,2025-02-19 16:58:00,2025-02-20 01:22:28,2025-02-23 05:11:40
VA-VSC-00424,Waco (349),New Enrollment,2025-02-11 15:00:00,2025-02-21 16:05:37,2025-02-24 23:55:07,2025-02-25 18:31:54
VA-VSC-00425,Waco (349),New Enrollment,2025-02-11 16:00:00,2025-02-17 10:14:35,2025-02-18 14:49:22,2025-02-23 20:13:05
VA-VSC-00426,Waco (349),Priority Group Upgrade,2025-02-11 16:00:00,2025-02-17 11:51:07,2025-02-26 09:55:29,2025-02-26 12:19:29
VA-VSC-00427,Waco (349),Inter-Facility Transfer,2025-02-12 07:00:00,2025-02-16 10:45:24,2025-02-19 05:57:45,2025-02-21 03:04:01
VA-VSC-00428,Phoenix (344),New Enrollment,2025-02-12 07:00:00,2025-02-14 10:42:07,2025-02-14 17:13:46,2025-02-14 19:51:04
VA-VSC-00429,Waco (349),Priority Group Upgrade,2025-02-12 08:00:00,2025-02-18 14:30:37,2025-02-23 11:36:30,2025-02-24 03:31:51
VA-VSC-00430,Waco (349),Priority Group Upgrade,2025-02-12 08:00:00,2025-02-19 12:32:19,2025-02-27 13:09:21,2025-02-27 20:47:56
VA-VSC-00431,Waco (349),,2025-02-12 08:00:00,2025-02-19 19:23:23,2025-03-05 07:39:57,2025-03-07 10:07:23
VA-VSC-00432,St. Paul (335),New Enrollment,2025-02-12 10:00:00,2025-02-13 14:04:51,2025-02-13 19:48:35,2025-02-15 09:28:29
VA-VSC-00433,Houston (362),Priority Group Upgrade,2025-02-12 10:00:00,2025-02-13 00:03:02,2025-02-22 23:14:34,2025-02-24 10:50:05
VA-VSC-00434,Waco (349),New Enrollment,2025-02-12 11:00:00,2025-02-18 06:21:55,2025-02-18 22:24:10,2025-02-19 01:32:57
VA-VSC-00435,Waco (349),Priority Group Upgrade,2025-02-12 12:00:00,2025-02-18 01:21:22,2025-02-24 07:39:56,2025-02-25 06:56:24
VA-VSC-00436,St. Paul (335),Priority Group Upgrade,2025-02-12 13:00:00,2025-02-12 15:24:00,2025-02-19 10:49:10,2025-02-22 17:41:31
VA-VSC-00437,Waco (349),New Enrollment,2025-02-12 13:00:00,2025-02-19 18:07:59,2025-02-21 03:41:42,2025-02-21 14:26:28
VA-VSC-00438,Phoenix (344),Combat Veteran Auto-Enroll,2025-02-12 15:00:00,2025-02-12 17:38:54,2025-02-15 15:54:00,2025-02-16 23:37:49
VA-VSC-00439,St. Paul (335),New Enrollment,2025-02-12 15:00:00,2025-02-14 19:16:09,2025-02-15 09:02:52,2025-02-16 04:54:30
VA-VSC-00440,Waco (349),Combat Veteran Auto-Enroll,2025-02-12 15:00:00,2025-02-18 22:03:15,2025-02-21 05:23:23,2025-02-21 17:54:47
VA-VSC-00441,Waco (349),Priority Group Upgrade,2025-02-13 07:00:00,2025-02-24 10:35:00,2025-03-04 04:20:11,2025-03-04 07:44:33
VA-VSC-00442,Muskogee (351),New Enrollment,2025-02-13 08:00:00,2025-02-17 05:20:55,2025-02-18 00:02:11,2025-02-18 02:26:11
VA-VSC-00443,Waco (349),New Enrollment,2025-02-13 09:00:00,2025-02-18 18:24:20,2025-02-19 06:43:12,2025-02-20 09:57:02
VA-VSC-00444,Waco (349),Inter-Facility Transfer,2025-02-13 10:00:00,2025-02-19 07:02:51,2025-02-20 03:03:07,2025-02-22 14:53:35
VA-VSC-00445,St. Paul (335),New Enrollment,2025-02-13 10:00:00,2025-02-14 15:52:49,2025-02-14 23:15:15,2025-02-15 10:20:06
VA-VSC-00446,Muskogee (351),New Enrollment,2025-02-13 11:00:00,2025-02-13 19:19:26,2025-02-14 02:25:19,2025-02-16 05:48:47
VA-VSC-00447,Muskogee (351),New Enrollment,2025-02-13 11:00:00,2025-02-19 16:28:59,2025-02-21 06:29:39,2025-02-23 03:17:05
VA-VSC-00448,St. Paul (335),Priority Group Upgrade,2025-02-13 12:00:00,2025-02-14 03:11:32,2025-02-21 02:08:06,2025-02-25 22:17:33
VA-VSC-00449,Waco (349),Priority Group Upgrade,2025-02-13 12:00:00,2025-02-19 13:37:36,2025-03-01 08:48:18,2025-03-01 15:37:31
VA-VSC-00450,Waco (349),New Enrollment,2025-02-13 13:00:00,2025-02-19 09:49:20,2025-02-25 01:24:26,2025-03-05 12:39:40
VA-VSC-00451,St. Paul (335),New Enrollment,2025-02-13 15:00:00,2025-02-16 22:29:35,2025-02-17 23:09:43,2025-02-18 12:43:12
VA-VSC-00452,Houston (362),New Enrollment,2025-02-13 15:00:00,2025-02-14 16:07:19,2025-02-15 11:43:41,2025-02-15 22:47:50
VA-VSC-00453,Waco (349),New Enrollment,2025-02-13 16:00:00,2025-02-20 05:37:44,2025-02-21 20:52:49,2025-02-22 00:24:39
VA-VSC-00454,Phoenix (344),New Enrollment,2025-02-14 07:00:00,2025-02-14 09:24:00,2025-02-19 09:49:03,2025-02-19 12:13:03
VA-VSC-00455,Waco (349),Priority Group Upgrade,2025-02-14 09:00:00,2025-02-21 23:24:12,2025-03-02 20:03:13,2025-03-05 22:29:10
VA-VSC-00456,Waco (349),New Enrollment,2025-02-14 11:00:00,2025-02-21 05:43:21,2025-02-21 08:07:21,2025-02-22 23:44:36
VA-VSC-00457,Waco (349),New Enrollment,2025-02-14 14:00:00,2025-02-19 14:14:31,2025-02-21 19:35:32,2025-02-22 20:25:25
VA-VSC-00458,Waco (349),New Enrollment,2025-02-14 15:00:00,2025-02-20 05:29:14,2025-02-20 10:54:17,2025-02-20 13:18:17
VA-VSC-00459,Waco (349),Inter-Facility Transfer,2025-02-14 16:00:00,2025-02-22 16:05:52,2025-02-25 00:58:04,2025-02-26 22:12:56
VA-VSC-00460,Waco (349),Inter-Facility Transfer,2025-02-14 16:00:00,2025-02-21 01:57:33,2025-02-21 18:08:08,2025-02-22 12:14:40
VA-VSC-00461,Waco (349),,2025-02-15 07:00:00,2025-02-22 13:31:19,2025-02-22 19:52:09,2025-02-22 22:16:09
VA-VSC-00462,Houston (362),New Enrollment,2025-02-15 07:00:00,2025-02-16 10:04:28,2025-02-18 17:03:52,2025-02-20 22:41:16
VA-VSC-00463,St. Paul (335),,2025-02-15 08:00:00,2025-02-16 03:48:55,2025-02-18 01:26:09,2025-02-21 12:51:12
VA-VSC-00464,Houston (362),New Enrollment,2025-02-15 08:00:00,2025-02-15 15:19:51,2025-02-16 06:04:44,2025-02-16 18:14:06
VA-VSC-00465,Muskogee (351),New Enrollment,2025-02-15 08:00:00,2025-02-16 01:19:54,2025-02-19 07:12:48,2025-02-20 03:32:18
VA-VSC-00466,Waco (349),Priority Group Upgrade,2025-02-15 11:00:00,2025-02-21 06:26:51,2025-03-04 15:40:31,2025-03-06 02:26:43
VA-VSC-00467,Waco (349),Combat Veteran Auto-Enroll,2025-02-15 12:00:00,2025-02-21 12:44:57,2025-02-23 05:56:40,2025-02-23 10:14:32
VA-VSC-00468,Phoenix (344),Combat Veteran Auto-Enroll,2025-02-15 14:00:00,2025-02-15 19:40:02,2025-02-16 14:19:14,2025-02-17 23:05:55
VA-VSC-00469,Waco (349),Combat Veteran Auto-Enroll,2025-02-15 14:00:00,2025-02-24 19:21:43,2025-03-02 02:23:19,2025-03-05 21:50:06
VA-VSC-00470,Muskogee (351),New Enrollment,2025-02-15 15:00:00,2025-02-17 00:40:08,2025-02-17 18:38:15,2025-02-20 04:41:48
VA-VSC-00471,Waco (349),Priority Group Upgrade,2025-02-15 15:00:00,2025-02-20 17:09:48,2025-02-24 23:53:37,2025-02-28 12:51:32
VA-VSC-00472,Muskogee (351),New Enrollment,2025-02-15 16:00:00,2025-02-16 12:00:03,2025-02-20 00:47:40,2025-02-22 00:43:25
VA-VSC-00473,Waco (349),New Enrollment,2025-02-16 08:00:00,2025-02-23 14:04:20,2025-02-23 18:41:15,2025-02-24 11:22:52
VA-VSC-00474,Phoenix (344),Priority Group Upgrade,2025-02-16 10:00:00,2025-02-21 00:22:12,2025-03-02 03:02:28,2025-03-03 09:40:55
VA-VSC-00475,Waco (349),New Enrollment,2025-02-16 10:00:00,2025-02-22 14:58:28,2025-02-24 09:33:59,2025-02-25 09:14:48
VA-VSC-00476,Muskogee (351),New Enrollment,2025-02-16 10:00:00,2025-02-16 12:24:00,2025-02-20 12:38:14,2025-02-26 11:36:07
VA-VSC-00477,Waco (349),New Enrollment,2025-02-16 11:00:00,2025-02-26 02:17:23,2025-03-02 09:51:21,2025-03-05 18:54:49
VA-VSC-00478,Houston (362),Priority Group Upgrade,2025-02-16 13:00:00,2025-02-17 15:25:42,2025-02-25 02:28:27,2025-02-26 02:17:47
VA-VSC-00479,Muskogee (351),Combat Veteran Auto-Enroll,2025-02-16 13:00:00,2025-02-20 19:15:34,2025-02-21 10:49:51,2025-02-25 11:57:57
VA-VSC-00480,Waco (349),New Enrollment,2025-02-16 14:00:00,2025-02-22 07:01:44,2025-02-22 21:40:17,2025-02-23 18:25:10
VA-VSC-00481,Houston (362),Combat Veteran Auto-Enroll,2025-02-16 15:00:00,2025-02-16 17:24:00,2025-02-17 06:10:24,2025-02-17 08:34:24
VA-VSC-00482,Houston (362),New Enrollment,2025-02-16 15:00:00,2025-02-18 01:15:27,2025-02-19 12:07:10,2025-02-21 13:49:39
VA-VSC-00483,Waco (349),New Enrollment,2025-02-16 16:00:00,2025-02-21 21:10:47,2025-02-22 05:35:13,2025-02-24 18:44:39
VA-VSC-00484,Houston (362),Priority Group Upgrade,2025-02-16 16:00:00,2025-02-18 15:59:56,2025-02-24 01:29:03,2025-02-25 09:30:26
VA-VSC-00485,Houston (362),Priority Group Upgrade,2025-02-17 07:00:00,2025-02-18 21:10:26,2025-02-25 12:15:21,2025-02-25 23:56:52
VA-VSC-00486,Phoenix (344),Inter-Facility Transfer,2025-02-17 08:00:00,2025-02-17 18:41:11,2025-02-22 21:06:56,2025-02-26 15:45:24
VA-VSC-00487,Waco (349),New Enrollment,2025-02-17 11:00:00,2025-02-24 08:18:46,2025-02-25 06:29:46,2025-02-27 05:25:25
VA-VSC-00488,Waco (349),,2025-02-17 13:00:00,2025-02-23 00:52:12,2025-03-02 11:31:27,2025-03-03 03:46:16
VA-VSC-00489,Muskogee (351),Priority Group Upgrade,2025-02-17 13:00:00,2025-02-18 02:10:32,2025-02-24 23:57:11,2025-02-26 00:51:39
VA-VSC-00490,Phoenix (344),Inter-Facility Transfer,2025-02-17 13:00:00,2025-02-17 15:24:00,2025-02-18 02:51:19,2025-02-19 03:26:02
VA-VSC-00491,Waco (349),New Enrollment,2025-02-17 15:00:00,2025-02-24 21:27:15,2025-02-26 01:41:59,2025-02-26 17:08:07
VA-VSC-00492,Houston (362),Combat Veteran Auto-Enroll,2025-02-18 07:00:00,2025-02-18 17:56:44,2025-02-21 09:46:42,2025-02-22 23:38:39
VA-VSC-00493,Waco (349),Priority Group Upgrade,2025-02-18 08:00:00,2025-02-27 11:17:56,2025-03-07 16:07:45,2025-03-11 09:39:06
VA-VSC-00494,Waco (349),New Enrollment,2025-02-18 09:00:00,2025-02-23 21:26:33,2025-03-01 19:46:34,2025-03-03 19:04:33
VA-VSC-00495,Waco (349),Priority Group Upgrade,2025-02-18 09:00:00,2025-02-26 06:27:25,2025-03-05 20:55:41,2025-03-06 22:00:26
VA-VSC-00496,Waco (349),New Enrollment,2025-02-18 09:00:00,2025-03-01 06:47:57,2025-03-03 12:27:39,2025-03-04 17:01:40
VA-VSC-00497,Houston (362),Priority Group Upgrade,2025-02-18 12:00:00,2025-02-19 11:06:09,2025-02-26 10:26:42,2025-02-27 13:54:08
VA-VSC-00498,Waco (349),Combat Veteran Auto-Enroll,2025-02-18 16:00:00,2025-02-24 09:29:15,2025-02-24 13:08:58,2025-02-27 06:30:31
VA-VSC-00499,Muskogee (351),Priority Group Upgrade,2025-02-19 08:00:00,2025-02-21 07:01:30,2025-02-27 00:07:02,2025-03-02 16:41:23
VA-VSC-00500,Muskogee (351),Priority Group Upgrade,2025-02-19 08:00:00,2025-02-19 20:02:56,2025-03-01 12:37:41,2025-03-01 23:54:38
VA-VSC-00501,Houston (362),Priority Group Upgrade,2025-02-19 10:00:00,2025-02-24 10:27:34,2025-03-05 05:57:20,2025-03-11 06:47:05
VA-VSC-00502,Waco (349),,2025-02-19 10:00:00,2025-02-25 19:39:52,2025-02-26 18:38:52,2025-02-27 23:16:08
VA-VSC-00503,Waco (349),New Enrollment,2025-02-19 12:00:00,2025-02-23 01:48:08,2025-02-23 04:12:08,2025-02-23 18:41:01
VA-VSC-00504,St. Paul (335),Priority Group Upgrade,2025-02-19 13:00:00,2025-02-19 19:54:10,2025-02-27 12:50:33,2025-03-01 08:41:20
VA-VSC-00505,Houston (362),New Enrollment,2025-02-19 14:00:00,2025-02-20 04:52:15,2025-02-21 03:46:51,2025-02-25 16:07:43
VA-VSC-00506,Waco (349),New Enrollment,2025-02-19 15:00:00,2025-02-25 01:51:31,2025-02-25 14:17:57,2025-02-28 07:26:51
VA-VSC-00507,Phoenix (344),Priority Group Upgrade,2025-02-19 16:00:00,2025-02-20 12:18:01,2025-02-23 22:56:02,2025-02-25 16:12:43
VA-VSC-00508,Phoenix (344),New Enrollment,2025-02-20 09:00:00,2025-02-20 11:37:14,2025-02-21 10:27:08,2025-02-24 05:23:43
VA-VSC-00509,Muskogee (351),New Enrollment,2025-02-20 10:00:00,2025-02-20 22:51:55,2025-02-21 08:31:48,2025-02-26 17:07:48
VA-VSC-00510,St. Paul (335),,2025-02-20 11:00:00,2025-02-22 12:38:10,2025-03-04 17:27:40,2025-03-05 00:31:17
VA-VSC-00511,Houston (362),New Enrollment,2025-02-20 13:00:00,2025-02-20 17:30:30,2025-02-20 21:25:49,2025-02-22 19:24:32
VA-VSC-00512,Waco (349),Inter-Facility Transfer,2025-02-20 14:00:00,2025-02-25 00:30:16,2025-02-27 19:04:24,2025-03-09 17:00:09
VA-VSC-00513,Muskogee (351),Combat Veteran Auto-Enroll,2025-02-20 15:00:00,2025-02-22 02:49:00,2025-02-26 06:25:50,2025-03-02 18:12:01
VA-VSC-00514,Phoenix (344),Priority Group Upgrade,2025-02-20 15:00:00,2025-02-20 17:24:00,2025-02-23 13:56:15,2025-02-26 09:22:14
VA-VSC-00515,Waco (349),New Enrollment,2025-02-20 15:00:00,2025-02-26 09:07:26,2025-02-26 14:16:15,2025-02-27 23:44:26
VA-VSC-00516,Waco (349),Combat Veteran Auto-Enroll,2025-02-20 16:00:00,2025-02-28 23:19:21,2025-03-01 01:43:21,2025-03-04 02:52:55
VA-VSC-00517,Waco (349),Combat Veteran Auto-Enroll,2025-02-20 16:00:00,2025-02-28 12:03:48,2025-03-01 01:41:38,2025-03-03 14:57:23
VA-VSC-00518,St. Paul (335),Combat Veteran Auto-Enroll,2025-02-21 07:00:00,2025-02-22 09:34:41,2025-02-23 12:23:37,2025-02-27 22:31:29
VA-VSC-00519,Muskogee (351),New Enrollment,2025-02-21 08:00:00,2025-02-21 10:24:00,2025-02-21 22:19:54,2025-02-23 11:25:32
VA-VSC-00520,Waco (349),Priority Group Upgrade,2025-02-21 09:00:00,2025-02-25 13:57:52,2025-03-09 23:53:42,2025-03-12 01:57:28
VA-VSC-00521,Houston (362),Combat Veteran Auto-Enroll,2025-02-21 09:00:00,2025-02-22 02:15:50,2025-02-23 07:42:33,2025-02-23 10:06:33
VA-VSC-00522,Waco (349),Priority Group Upgrade,2025-02-21 09:00:00,2025-02-26 21:59:55,2025-03-02 02:35:08,2025-03-04 10:45:15
VA-VSC-00523,Muskogee (351),Priority Group Upgrade,2025-02-21 10:00:00,2025-02-22 04:10:01,2025-02-28 13:31:09,2025-03-05 17:54:27
VA-VSC-00524,Phoenix (344),Priority Group Upgrade,2025-02-21 10:00:00,2025-02-21 12:24:00,2025-02-28 05:04:22,2025-03-01 15:26:49
VA-VSC-00525,Phoenix (344),Priority Group Upgrade,2025-02-21 11:00:00,2025-02-25 12:58:52,2025-03-06 01:44:41,2025-03-07 20:24:37
VA-VSC-00526,Waco (349),New Enrollment,2025-02-21 11:00:00,2025-03-04 02:40:13,2025-03-07 07:19:47,2025-03-08 20:13:18
VA-VSC-00527,Waco (349),Priority Group Upgrade,2025-02-21 11:00:00,2025-02-25 13:57:22,2025-03-03 17:25:16,2025-03-06 14:00:51
VA-VSC-00528,Waco (349),New Enrollment,2025-02-21 13:00:00,2025-03-01 06:14:01,2025-03-01 18:54:34,2025-03-13 10:57:41
VA-VSC-00529,Waco (349),New Enrollment,2025-02-21 13:00:00,2025-03-02 12:50:38,2025-03-06 18:26:47,2025-03-10 02:26:50
VA-VSC-00530,Phoenix (344),New Enrollment,2025-02-21 14:00:00,2025-02-21 21:18:53,2025-02-22 08:08:20,2025-02-24 05:27:12
VA-VSC-00531,St. Paul (335),Priority Group Upgrade,2025-02-22 07:00:00,2025-02-22 09:24:00,2025-03-03 07:30:18,2025-03-08 07:57:01
VA-VSC-00532,Muskogee (351),New Enrollment,2025-02-22 09:00:00,2025-02-22 22:48:11,2025-02-24 00:53:03,2025-02-25 07:00:29
VA-VSC-00533,Muskogee (351),Priority Group Upgrade,2025-02-22 10:00:00,2025-02-24 23:35:47,2025-03-01 08:14:09,2025-03-01 23:52:42
VA-VSC-00534,Houston (362),Combat Veteran Auto-Enroll,2025-02-22 11:00:00,2025-02-26 07:13:43,2025-02-26 14:10:04,2025-02-26 18:40:20
VA-VSC-00535,St. Paul (335),New Enrollment,2025-02-22 12:00:00,2025-02-25 01:12:44,2025-02-28 10:55:54,2025-03-04 13:30:32
VA-VSC-00536,Muskogee (351),New Enrollment,2025-02-22 16:00:00,2025-02-23 12:36:07,2025-02-25 03:24:43,2025-02-26 19:11:14
VA-VSC-00537,Phoenix (344),New Enrollment,2025-02-23 07:00:00,2025-02-23 09:24:00,2025-02-24 18:00:48,2025-02-24 20:24:48
VA-VSC-00538,Waco (349),Combat Veteran Auto-Enroll,2025-02-23 07:00:00,2025-02-27 03:07:11,2025-03-03 04:03:07,2025-03-03 21:27:02
VA-VSC-00539,Waco (349),Priority Group Upgrade,2025-02-23 07:00:00,2025-03-05 05:10:00,2025-03-13 05:05:51,2025-03-13 23:13:38
VA-VSC-00540,Waco (349),Priority Group Upgrade,2025-02-23 11:00:00,2025-03-01 03:06:04,2025-03-12 09:53:26,2025-03-12 12:17:26
VA-VSC-00541,Muskogee (351),,2025-02-24 07:00:00,2025-02-26 10:30:11,2025-02-28 02:35:50,2025-02-28 11:53:09
VA-VSC-00542,Houston (362),Priority Group Upgrade,2025-02-24 07:00:00,2025-02-27 07:02:47,2025-03-06 03:39:51,2025-03-06 17:05:58
VA-VSC-00543,Waco (349),Combat Veteran Auto-Enroll,2025-02-24 08:00:00,2025-03-01 21:03:45,2025-03-02 02:48:24,2025-03-03 16:53:13
VA-VSC-00544,Houston (362),Combat Veteran Auto-Enroll,2025-02-24 08:00:00,2025-02-25 19:46:27,2025-02-28 18:42:27,2025-03-06 06:19:43
VA-VSC-00545,Houston (362),Priority Group Upgrade,2025-02-24 09:00:00,2025-02-26 05:13:14,2025-03-06 19:28:23,2025-03-07 22:45:38
VA-VSC-00546,Waco (349),New Enrollment,2025-02-24 09:00:00,2025-03-06 16:46:36,2025-03-08 16:49:32,2025-03-08 19:13:32
VA-VSC-00547,Waco (349),New Enrollment,2025-02-24 10:00:00,2025-03-02 20:08:04,2025-03-04 06:27:50,2025-03-06 14:37:49
VA-VSC-00548,Houston (362),New Enrollment,2025-02-24 10:00:00,2025-02-24 17:16:48,2025-02-28 23:54:28,2025-03-03 09:10:05
VA-VSC-00549,Waco (349),New Enrollment,2025-02-24 13:00:00,2025-03-03 20:30:32,2025-03-04 10:30:57,2025-03-09 12:55:18
VA-VSC-00550,St. Paul (335),New Enrollment,2025-02-24 14:00:00,2025-02-27 04:55:06,2025-02-27 23:37:06,2025-02-28 02:01:06
VA-VSC-00551,Waco (349),New Enrollment,2025-02-24 14:00:00,2025-03-03 17:47:06,2025-03-04 05:48:28,2025-03-06 05:25:05
VA-VSC-00552,Phoenix (344),New Enrollment,2025-02-24 14:00:00,2025-02-26 02:22:59,2025-02-26 04:46:59,2025-02-26 10:06:45
VA-VSC-00553,Houston (362),Inter-Facility Transfer,2025-02-24 15:00:00,2025-02-25 03:49:47,2025-02-25 09:53:12,2025-02-25 13:38:44
VA-VSC-00554,Houston (362),Priority Group Upgrade,2025-02-24 16:00:00,2025-02-25 21:30:02,2025-03-08 21:16:47,2025-03-11 16:19:44
VA-VSC-00555,Phoenix (344),Combat Veteran Auto-Enroll,2025-02-24 16:00:00,2025-02-26 16:54:59,2025-02-28 08:22:44,2025-03-03 00:11:12
VA-VSC-00556,Waco (349),Priority Group Upgrade,2025-02-25 08:00:00,2025-03-02 01:10:08,2025-03-14 04:47:17,2025-03-14 14:29:58
VA-VSC-00557,Waco (349),New Enrollment,2025-02-25 10:00:00,2025-03-07 08:25:20,2025-03-14 00:31:16,2025-03-17 04:33:51
VA-VSC-00558,Waco (349),Priority Group Upgrade,2025-02-25 11:00:00,2025-03-09 07:26:25,2025-03-15 11:13:15,2025-03-21 06:12:22
VA-VSC-00559,St. Paul (335),New Enrollment,2025-02-25 12:00:00,2025-02-27 19:33:31,2025-02-28 01:24:11,2025-03-05 21:26:24
VA-VSC-00560,Houston (362),Priority Group Upgrade,2025-02-25 14:00:00,2025-02-26 10:23:47,2025-03-06 12:14:59,2025-03-07 07:57:43
VA-VSC-00561,St. Paul (335),New Enrollment,2025-02-25 15:00:00,2025-02-27 03:14:55,2025-02-28 02:59:22,2025-03-02 02:18:03
VA-VSC-00562,Waco (349),Inter-Facility Transfer,2025-02-26 07:00:00,2025-03-04 14:54:31,2025-03-09 17:50:23,2025-03-12 02:23:01
VA-VSC-00563,Waco (349),New Enrollment,2025-02-26 08:00:00,2025-03-03 14:47:11,2025-03-04 07:30:42,2025-03-04 12:40:56
VA-VSC-00564,Waco (349),New Enrollment,2025-02-26 11:00:00,2025-03-06 18:07:41,2025-03-07 06:15:39,2025-03-07 20:38:38
VA-VSC-00565,Waco (349),Inter-Facility Transfer,2025-02-26 12:00:00,2025-03-05 22:50:43,2025-03-06 01:47:20,2025-03-09 13:30:37
VA-VSC-00566,Houston (362),New Enrollment,2025-02-26 12:00:00,2025-02-27 10:49:56,2025-03-01 02:39:24,2025-03-02 11:14:48
VA-VSC-00567,Waco (349),Priority Group Upgrade,2025-02-26 13:00:00,2025-03-05 00:35:10,2025-03-10 13:36:03,2025-03-13 10:38:49
VA-VSC-00568,Waco (349),Priority Group Upgrade,2025-02-26 14:00:00,2025-03-01 09:58:57,2025-03-07 19:41:41,2025-03-08 13:45:40
VA-VSC-00569,Phoenix (344),Combat Veteran Auto-Enroll,2025-02-26 14:00:00,2025-02-28 08:38:30,2025-03-01 08:15:44,2025-03-04 10:56:09
VA-VSC-00570,Waco (349),Inter-Facility Transfer,2025-02-26 15:00:00,2025-03-02 11:59:37,2025-03-02 19:39:02,2025-03-04 10:08:34
VA-VSC-00571,Waco (349),Inter-Facility Transfer,2025-02-26 16:00:00,2025-03-07 16:51:19,2025-03-07 19:32:34,2025-03-08 06:02:20
VA-VSC-00572,St. Paul (335),New Enrollment,2025-02-26 16:00:00,2025-02-27 02:16:23,2025-02-28 13:44:58,2025-03-02 21:13:29
VA-VSC-00573,Waco (349),Combat Veteran Auto-Enroll,2025-02-27 07:00:00,2025-03-04 18:41:58,2025-03-09 02:20:27,2025-03-09 22:21:41
VA-VSC-00574,Houston (362),Priority Group Upgrade,2025-02-27 08:00:00,2025-02-27 15:15:27,2025-03-12 03:13:37,2025-03-15 13:04:11
VA-VSC-00575,Phoenix (344),Priority Group Upgrade,2025-02-27 08:00:00,2025-02-27 22:31:25,2025-03-05 15:53:51,2025-03-06 06:12:35
VA-VSC-00576,Muskogee (351),New Enrollment,2025-02-27 11:00:00,2025-03-01 16:31:19,2025-03-02 01:20:46,2025-03-02 03:44:46
VA-VSC-00577,Waco (349),Priority Group Upgrade,2025-02-27 13:00:00,2025-03-06 05:41:18,2025-03-14 02:34:59,2025-03-15 12:39:22
VA-VSC-00578,Muskogee (351),Inter-Facility Transfer,2025-02-27 14:00:00,2025-02-27 21:57:20,2025-03-01 18:08:41,2025-03-03 11:36:37
VA-VSC-00579,Waco (349),Inter-Facility Transfer,2025-02-27 15:00:00,2025-03-09 01:49:34,2025-03-22 21:45:07,2025-03-26 23:30:28
VA-VSC-00580,Waco (349),New Enrollment,2025-02-28 08:00:00,2025-03-05 12:12:32,2025-03-06 05:47:42,2025-03-09 00:58:13
VA-VSC-00581,Waco (349),New Enrollment,2025-02-28 09:00:00,2025-03-06 16:11:16,2025-03-07 14:48:11,2025-03-09 07:57:43
VA-VSC-00582,Muskogee (351),New Enrollment,2025-02-28 11:00:00,2025-03-01 10:03:31,2025-03-06 06:02:04,2025-03-07 20:35:48
VA-VSC-00583,Waco (349),Combat Veteran Auto-Enroll,2025-02-28 12:00:00,2025-03-05 21:19:40,2025-03-06 11:12:07,2025-03-07 14:52:15
VA-VSC-00584,Waco (349),Priority Group Upgrade,2025-02-28 13:00:00,2025-03-05 22:52:26,2025-03-11 04:43:13,2025-03-12 22:22:54
VA-VSC-00585,Houston (362),Priority Group Upgrade,2025-02-28 15:00:00,2025-03-01 01:55:51,2025-03-11 05:22:50,2025-03-11 12:13:24
VA-VSC-00586,Waco (349),New Enrollment,2025-03-01 08:00:00,2025-03-07 14:32:56,2025-03-07 16:56:56,2025-03-07 20:34:02
VA-VSC-00587,Waco (349),New Enrollment,2025-03-01 08:00:00,2025-03-05 03:46:34,2025-03-06 00:26:25,2025-03-10 21:42:33
VA-VSC-00588,Waco (349),Priority Group Upgrade,2025-03-01 08:00:00,2025-03-07 17:23:34,2025-03-14 06:53:58,2025-03-19 11:06:28
VA-VSC-00589,Waco (349),Inter-Facility Transfer,2025-03-01 09:00:00,2025-03-13 23:34:05,2025-03-17 01:01:20,2025-03-18 07:07:46
VA-VSC-00590,Waco (349),Priority Group Upgrade,2025-03-01 09:00:00,2025-03-08 01:15:49,2025-03-18 19:17:58,2025-03-20 01:44:09
VA-VSC-00591,Waco (349),New Enrollment,2025-03-01 09:00:00,2025-03-07 11:31:30,2025-03-07 13:55:30,2025-03-08 15:57:23
VA-VSC-00592,Houston (362),Priority Group Upgrade,2025-03-01 10:00:00,2025-03-02 11:14:54,2025-03-09 11:13:50,2025-03-09 18:11:49
VA-VSC-00593,Waco (349),New Enrollment,2025-03-01 12:00:00,2025-03-09 02:35:17,2025-03-10 06:10:21,2025-03-15 03:12:42
VA-VSC-00594,Waco (349),Inter-Facility Transfer,2025-03-01 14:00:00,2025-03-08 03:59:08,2025-03-09 17:01:46,2025-03-09 20:42:05
VA-VSC-00595,Phoenix (344),New Enrollment,2025-03-01 16:00:00,2025-03-02 01:31:56,2025-03-03 12:54:25,2025-03-04 14:19:39
VA-VSC-00596,Waco (349),Priority Group Upgrade,2025-03-02 08:00:00,2025-03-07 09:07:52,2025-03-15 09:14:42,2025-03-18 13:53:36
VA-VSC-00597,Houston (362),New Enrollment,2025-03-02 09:00:00,2025-03-02 20:54:14,2025-03-05 05:41:04,2025-03-05 17:07:54
VA-VSC-00598,Waco (349),Priority Group Upgrade,2025-03-02 12:00:00,2025-03-09 12:21:47,2025-03-23 22:20:31,2025-03-24 00:44:31
VA-VSC-00599,Waco (349),Priority Group Upgrade,2025-03-02 13:00:00,2025-03-08 05:06:54,2025-03-12 21:50:44,2025-03-20 01:47:14
VA-VSC-00600,Waco (349),Priority Group Upgrade,2025-03-02 13:00:00,2025-03-08 02:02:13,2025-03-17 04:30:13,2025-03-17 08:29:26
VA-VSC-00601,Waco (349),New Enrollment,2025-03-03 09:00:00,2025-03-08 09:15:22,2025-03-10 03:03:33,2025-03-11 03:03:45
VA-VSC-00602,Waco (349),New Enrollment,2025-03-03 09:00:00,2025-03-10 17:12:54,2025-03-16 05:06:10,2025-03-16 20:16:52
VA-VSC-00603,Waco (349),New Enrollment,2025-03-03 10:00:00,2025-03-10 02:59:51,2025-03-11 20:08:32,2025-03-12 08:18:04
VA-VSC-00604,Waco (349),Priority Group Upgrade,2025-03-03 12:00:00,2025-03-08 20:23:52,2025-03-17 05:19:22,2025-03-19 15:08:03
VA-VSC-00605,Waco (349),New Enrollment,2025-03-03 12:00:00,2025-03-10 05:55:30,2025-03-10 20:03:25,2025-03-12 01:23:47
VA-VSC-00606,Waco (349),Priority Group Upgrade,2025-03-03 13:00:00,2025-03-09 07:53:55,2025-03-20 00:24:44,2025-03-21 17:26:20
VA-VSC-00607,Waco (349),Combat Veteran Auto-Enroll,2025-03-03 13:00:00,2025-03-14 00:37:42,2025-03-15 23:10:41,2025-03-16 01:36:13
VA-VSC-00608,Waco (349),Combat Veteran Auto-Enroll,2025-03-03 13:00:00,2025-03-10 08:54:06,2025-03-11 04:01:45,2025-03-11 21:38:47
VA-VSC-00609,Waco (349),New Enrollment,2025-03-03 14:00:00,2025-03-08 11:43:23,2025-03-09 00:02:40,2025-03-09 17:36:16
VA-VSC-00610,Houston (362),Priority Group Upgrade,2025-03-04 09:00:00,2025-03-04 14:03:08,2025-03-12 18:11:37,2025-03-12 20:35:37
VA-VSC-00611,Waco (349),New Enrollment,2025-03-04 10:00:00,2025-03-09 18:20:31,2025-03-10 10:26:03,2025-03-11 17:11:45
VA-VSC-00612,St. Paul (335),Priority Group Upgrade,2025-03-04 10:00:00,2025-03-05 09:45:19,2025-03-14 22:29:13,2025-03-15 08:37:14
VA-VSC-00613,Houston (362),Combat Veteran Auto-Enroll,2025-03-04 11:00:00,2025-03-05 23:56:07,2025-03-06 03:12:15,2025-03-06 05:36:15
VA-VSC-00614,Waco (349),New Enrollment,2025-03-04 12:00:00,2025-03-11 06:06:43,2025-03-14 05:42:26,2025-03-15 23:51:27
VA-VSC-00615,Phoenix (344),New Enrollment,2025-03-04 14:00:00,2025-03-04 20:54:25,2025-03-05 00:19:21,2025-03-07 10:02:56
VA-VSC-00616,Muskogee (351),Combat Veteran Auto-Enroll,2025-03-04 14:00:00,2025-03-06 02:50:38,2025-03-06 09:39:42,2025-03-06 12:03:42
VA-VSC-00617,Waco (349),Combat Veteran Auto-Enroll,2025-03-04 14:00:00,2025-03-10 18:59:02,2025-03-12 02:26:51,2025-03-14 13:12:30
VA-VSC-00618,Waco (349),New Enrollment,2025-03-04 15:00:00,2025-03-11 04:57:04,2025-03-12 22:15:45,2025-03-21 05:17:00
VA-VSC-00619,St. Paul (335),Priority Group Upgrade,2025-03-04 15:00:00,2025-03-07 10:58:10,2025-03-18 01:28:32,2025-03-18 18:44:42
VA-VSC-00620,St. Paul (335),New Enrollment,2025-03-04 16:00:00,2025-03-06 00:39:55,2025-03-06 11:02:56,2025-03-12 14:40:24
VA-VSC-00621,Waco (349),New Enrollment,2025-03-05 09:00:00,2025-03-11 16:26:35,2025-03-11 21:26:55,2025-03-12 03:01:49
VA-VSC-00622,Waco (349),Inter-Facility Transfer,2025-03-05 16:00:00,2025-03-12 21:35:41,2025-03-13 18:19:16,2025-03-13 23:05:06
VA-VSC-00623,Waco (349),Combat Veteran Auto-Enroll,2025-03-06 07:00:00,2025-03-13 15:37:06,2025-03-13 23:45:12,2025-03-16 07:56:08
VA-VSC-00624,Waco (349),Combat Veteran Auto-Enroll,2025-03-06 07:00:00,2025-03-11 00:01:04,2025-03-11 13:07:19,2025-03-12 13:32:51
VA-VSC-00625,Houston (362),New Enrollment,2025-03-06 08:00:00,2025-03-06 10:24:00,2025-03-07 02:02:18,2025-03-08 11:12:22
VA-VSC-00626,Waco (349),Combat Veteran Auto-Enroll,2025-03-06 11:00:00,2025-03-16 08:45:21,2025-03-20 14:39:52,2025-03-21 00:14:29
VA-VSC-00627,Waco (349),New Enrollment,2025-03-06 11:00:00,2025-03-10 00:29:11,2025-03-10 06:54:30,2025-03-13 09:34:25
VA-VSC-00628,St. Paul (335),New Enrollment,2025-03-06 12:00:00,2025-03-06 14:47:26,2025-03-07 06:51:01,2025-03-07 22:14:01
VA-VSC-00629,Waco (349),Priority Group Upgrade,2025-03-06 12:00:00,2025-03-12 17:26:48,2025-03-26 01:19:47,2025-03-26 07:42:04
VA-VSC-00630,Waco (349),New Enrollment,2025-03-06 15:00:00,2025-03-14 00:53:48,2025-03-14 18:56:39,2025-03-17 04:34:04
VA-VSC-00631,St. Paul (335),Combat Veteran Auto-Enroll,2025-03-06 15:00:00,2025-03-06 17:38:54,2025-03-08 14:31:43,2025-03-15 19:38:54
VA-VSC-00632,Phoenix (344),Priority Group Upgrade,2025-03-06 15:00:00,2025-03-07 13:12:25,2025-03-17 03:05:29,2025-03-17 13:02:50
VA-VSC-00633,Waco (349),New Enrollment,2025-03-06 16:00:00,2025-03-14 23:17:52,2025-03-15 01:41:52,2025-03-16 15:53:25
VA-VSC-00634,Waco (349),New Enrollment,2025-03-06 16:00:00,2025-03-13 21:40:46,2025-03-14 06:03:11,2025-03-14 17:16:00
VA-VSC-00635,Waco (349),New Enrollment,2025-03-07 07:00:00,2025-03-12 09:33:09,2025-03-15 04:50:45,2025-03-15 21:40:10
VA-VSC-00636,Waco (349),New Enrollment,2025-03-07 08:00:00,2025-03-15 01:54:16,2025-03-17 02:54:57,2025-03-18 03:02:17
VA-VSC-00637,Waco (349),Priority Group Upgrade,2025-03-07 08:00:00,2025-03-15 18:01:02,2025-03-23 15:23:02,2025-03-24 10:35:59
VA-VSC-00638,Waco (349),Combat Veteran Auto-Enroll,2025-03-07 09:00:00,2025-03-12 06:50:45,2025-03-12 21:16:37,2025-03-13 22:57:30
VA-VSC-00639,Waco (349),New Enrollment,2025-03-07 10:00:00,2025-03-13 17:13:15,2025-03-14 12:17:51,2025-03-15 21:55:45
VA-VSC-00640,Waco (349),New Enrollment,2025-03-07 11:00:00,2025-03-14 23:46:00,2025-03-15 03:36:17,2025-03-18 08:46:50
VA-VSC-00641,Waco (349),Priority Group Upgrade,2025-03-07 13:00:00,2025-03-13 00:43:40,2025-03-21 23:20:56,2025-03-27 21:08:06
VA-VSC-00642,Waco (349),Combat Veteran Auto-Enroll,2025-03-07 15:00:00,2025-03-16 18:13:02,2025-03-23 13:47:08,2025-03-25 11:03:43
VA-VSC-00643,Waco (349),New Enrollment,2025-03-07 16:00:00,2025-03-13 18:23:50,2025-03-14 00:58:50,2025-03-16 21:23:54
VA-VSC-00644,Waco (349),New Enrollment,2025-03-07 16:00:00,2025-03-13 15:01:25,2025-03-13 20:14:51,2025-03-14 14:23:57
VA-VSC-00645,Waco (349),Priority Group Upgrade,2025-03-07 16:00:00,2025-03-14 02:18:50,2025-03-21 16:21:07,2025-03-28 14:53:49
VA-VSC-00646,Phoenix (344),New Enrollment,2025-03-07 16:00:00,2025-03-10 11:59:54,2025-03-11 06:38:50,2025-03-11 19:13:08
VA-VSC-00647,Houston (362),New Enrollment,2025-03-08 07:00:00,2025-03-08 14:37:39,2025-03-10 05:42:38,2025-03-11 15:05:05
VA-VSC-00648,Houston (362),Priority Group Upgrade,2025-03-08 07:00:00,2025-03-09 13:58:51,2025-03-19 09:19:26,2025-03-19 11:43:26
VA-VSC-00649,St. Paul (335),Priority Group Upgrade,2025-03-08 08:00:00,2025-03-08 10:24:00,2025-03-17 10:51:29,2025-03-17 21:02:03
VA-VSC-00650,Waco (349),,2025-03-08 09:00:00,2025-03-16 19:50:03,2025-03-24 03:16:30,2025-03-26 04:17:36
VA-VSC-00651,Waco (349),Priority Group Upgrade,2025-03-08 09:00:00,2025-03-15 01:30:39,2025-03-21 22:42:10,2025-03-27 11:54:19
VA-VSC-00652,Waco (349),Priority Group Upgrade,2025-03-08 11:00:00,2025-03-12 20:41:36,2025-03-17 19:20:57,2025-03-18 20:23:48
VA-VSC-00653,Houston (362),New Enrollment,2025-03-08 11:00:00,2025-03-08 23:08:28,2025-03-09 11:29:00,2025-03-10 16:39:37
VA-VSC-00654,St. Paul (335),New Enrollment,2025-03-08 12:00:00,2025-03-08 23:50:16,2025-03-10 04:25:13,2025-03-13 03:42:16
VA-VSC-00655,Waco (349),New Enrollment,2025-03-08 14:00:00,2025-03-15 18:02:15,2025-03-16 06:35:38,2025-03-17 18:42:24
VA-VSC-00656,Waco (349),New Enrollment,2025-03-08 15:00:00,2025-03-18 03:55:06,2025-03-18 06:27:41,2025-03-18 10:22:30
VA-VSC-00657,Waco (349),Priority Group Upgrade,2025-03-08 15:00:00,2025-03-14 21:55:46,2025-03-22 20:27:05,2025-03-24 22:19:59
VA-VSC-00658,Waco (349),Combat Veteran Auto-Enroll,2025-03-09 07:00:00,2025-03-15 13:55:55,2025-03-16 18:49:48,2025-03-17 18:25:46
VA-VSC-00659,Houston (362),Inter-Facility Transfer,2025-03-09 08:00:00,2025-03-11 13:36:47,2025-03-11 16:00:47,2025-03-13 03:15:41
VA-VSC-00660,Houston (362),Priority Group Upgrade,2025-03-09 08:00:00,2025-03-09 15:03:02,2025-03-18 16:01:07,2025-03-18 18:25:07
VA-VSC-00661,Waco (349),New Enrollment,2025-03-09 08:00:00,2025-03-16 22:32:35,2025-03-17 04:30:10,2025-03-19 04:16:47
VA-VSC-00662,Muskogee (351),New Enrollment,2025-03-09 09:00:00,2025-03-09 11:24:00,2025-03-12 07:12:38,2025-03-14 20:49:32
VA-VSC-00663,Houston (362),Combat Veteran Auto-Enroll,2025-03-09 09:00:00,2025-03-10 06:48:55,2025-03-12 06:01:49,2025-03-12 10:47:09
VA-VSC-00664,Waco (349),Priority Group Upgrade,2025-03-09 10:00:00,2025-03-15 21:34:16,2025-03-24 00:23:48,2025-03-31 05:05:49
VA-VSC-00665,Waco (349),Priority Group Upgrade,2025-03-09 16:00:00,2025-03-19 07:37:42,2025-03-24 18:24:39,2025-03-29 09:21:33
VA-VSC-00666,Waco (349),Combat Veteran Auto-Enroll,2025-03-10 07:00:00,2025-03-17 02:54:45,2025-03-17 05:18:45,2025-03-18 02:48:50
VA-VSC-00667,Waco (349),Priority Group Upgrade,2025-03-10 09:00:00,2025-03-16 04:58:04,2025-03-20 22:43:08,2025-03-22 06:34:34
VA-VSC-00668,Waco (349),Combat Veteran Auto-Enroll,2025-03-10 10:00:00,2025-03-17 17:04:49,2025-03-18 05:53:12,2025-03-18 17:15:49
VA-VSC-00669,Waco (349),New Enrollment,2025-03-10 11:00:00,2025-03-16 11:43:27,2025-03-17 06:44:17,2025-03-22 08:08:42
VA-VSC-00670,Waco (349),Priority Group Upgrade,2025-03-10 12:00:00,2025-03-17 06:47:49,2025-03-26 18:02:23,2025-03-27 08:59:10
VA-VSC-00671,Waco (349),Combat Veteran Auto-Enroll,2025-03-10 13:00:00,2025-03-16 07:25:35,2025-03-16 15:00:59,2025-03-17 21:59:23
VA-VSC-00672,Phoenix (344),New Enrollment,2025-03-10 14:00:00,2025-03-10 16:24:00,2025-03-12 11:53:48,2025-03-13 22:57:48
VA-VSC-00673,Waco (349),Priority Group Upgrade,2025-03-10 15:00:00,2025-03-17 12:52:11,2025-03-23 22:45:44,2025-03-28 15:35:01
VA-VSC-00674,Waco (349),New Enrollment,2025-03-10 16:00:00,2025-03-17 17:05:14,2025-03-17 21:02:50,2025-03-21 10:32:13
VA-VSC-00675,Waco (349),Inter-Facility Transfer,2025-03-10 16:00:00,2025-03-16 01:05:10,2025-03-18 02:30:49,2025-03-20 15:39:29
VA-VSC-00676,Muskogee (351),New Enrollment,2025-03-11 09:00:00,2025-03-12 16:01:44,2025-03-14 20:21:12,2025-03-16 13:26:06
VA-VSC-00677,Waco (349),Priority Group Upgrade,2025-03-11 11:00:00,2025-03-18 10:27:17,2025-03-27 01:01:21,2025-03-27 03:25:21
VA-VSC-00678,Waco (349),New Enrollment,2025-03-11 12:00:00,2025-03-17 14:16:04,2025-03-17 16:40:04,2025-03-17 19:56:39
VA-VSC-00679,Muskogee (351),Priority Group Upgrade,2025-03-11 12:00:00,2025-03-12 11:06:59,2025-03-20 02:15:08,2025-03-20 20:38:46
VA-VSC-00680,Phoenix (344),New Enrollment,2025-03-11 16:00:00,2025-03-12 00:32:35,2025-03-12 02:56:35,2025-03-12 18:14:38
VA-VSC-00681,St. Paul (335),New Enrollment,2025-03-11 16:00:00,2025-03-12 09:10:16,2025-03-12 17:06:43,2025-03-12 21:29:57
VA-VSC-00682,Waco (349),Priority Group Upgrade,2025-03-12 07:00:00,2025-03-18 07:34:47,2025-03-28 08:20:18,2025-04-02 20:52:00
VA-VSC-00683,Waco (349),,2025-03-12 09:00:00,2025-03-19 21:22:41,2025-03-20 01:34:38,2025-03-22 06:45:23
VA-VSC-00684,Houston (362),New Enrollment,2025-03-12 09:00:00,2025-03-16 00:22:59,2025-03-18 00:37:19,2025-03-20 09:20:18
VA-VSC-00685,Muskogee (351),New Enrollment,2025-03-12 10:00:00,2025-03-12 18:44:23,2025-03-16 15:52:42,2025-03-17 01:22:38
VA-VSC-00686,Houston (362),Combat Veteran Auto-Enroll,2025-03-12 11:00:00,2025-03-15 06:45:37,2025-03-15 20:15:28,2025-03-16 02:57:05
VA-VSC-00687,Houston (362),Priority Group Upgrade,2025-03-12 12:00:00,2025-03-14 14:28:33,2025-03-22 14:47:48,2025-03-26 04:26:38
VA-VSC-00688,Waco (349),Inter-Facility Transfer,2025-03-12 13:00:00,2025-03-16 17:31:44,2025-03-19 23:18:12,2025-03-22 07:44:59
VA-VSC-00689,St. Paul (335),New Enrollment,2025-03-12 13:00:00,2025-03-12 15:24:00,2025-03-15 07:12:21,2025-03-15 16:12:07
VA-VSC-00690,Waco (349),Priority Group Upgrade,2025-03-12 14:00:00,2025-03-19 19:36:29,2025-03-26 21:28:38,2025-03-28 05:04:27
VA-VSC-00691,Waco (349),New Enrollment,2025-03-12 15:00:00,2025-03-17 12:36:19,2025-03-20 12:10:02,2025-03-20 14:34:02
VA-VSC-00692,Waco (349),New Enrollment,2025-03-12 15:00:00,2025-03-21 09:25:40,2025-03-21 17:23:42,2025-03-21 23:00:21
VA-VSC-00693,Waco (349),Priority Group Upgrade,2025-03-13 07:00:00,2025-03-19 15:44:49,2025-03-28 02:29:36,2025-03-28 04:53:36
VA-VSC-00694,Waco (349),Priority Group Upgrade,2025-03-13 08:00:00,2025-03-20 00:55:19,2025-03-25 17:40:09,2025-03-30 18:10:07
VA-VSC-00695,Waco (349),Combat Veteran Auto-Enroll,2025-03-13 08:00:00,2025-03-19 05:47:00,2025-03-21 19:00:34,2025-03-24 09:11:14
VA-VSC-00696,Houston (362),New Enrollment,2025-03-13 09:00:00,2025-03-14 04:19:25,2025-03-17 03:06:59,2025-03-17 09:16:20
VA-VSC-00697,Waco (349),New Enrollment,2025-03-13 10:00:00,2025-03-21 14:31:52,2025-03-24 09:59:00,2025-03-26 21:07:00
VA-VSC-00698,Houston (362),New Enrollment,2025-03-13 11:00:00,2025-03-14 19:23:00,2025-03-16 00:59:16,2025-03-16 22:04:04
VA-VSC-00699,Waco (349),Inter-Facility Transfer,2025-03-13 11:00:00,2025-03-21 00:27:48,2025-03-21 11:10:48,2025-03-22 15:02:07
VA-VSC-00700,Waco (349),New Enrollment,2025-03-13 12:00:00,2025-03-18 14:40:56,2025-03-18 19:24:09,2025-03-19 14:02:45
VA-VSC-00701,Waco (349),New Enrollment,2025-03-13 16:00:00,2025-03-21 13:21:21,2025-03-21 20:17:23,2025-03-22 22:48:14
VA-VSC-00702,Waco (349),New Enrollment,2025-03-13 16:00:00,2025-03-17 11:17:03,2025-03-17 16:39:22,2025-03-19 14:46:39
VA-VSC-00703,Waco (349),Priority Group Upgrade,2025-03-14 07:00:00,2025-03-20 16:54:41,2025-03-28 22:43:32,2025-03-29 07:54:47
VA-VSC-00704,Waco (349),New Enrollment,2025-03-14 09:00:00,2025-03-22 17:39:04,2025-03-24 00:17:31,2025-03-24 04:51:06
VA-VSC-00705,Waco (349),Inter-Facility Transfer,2025-03-14 10:00:00,2025-03-21 12:41:48,2025-03-23 00:04:06,2025-03-23 09:49:39
VA-VSC-00706,Muskogee (351),New Enrollment,2025-03-14 11:00:00,2025-03-14 13:24:00,2025-03-16 01:14:36,2025-03-18 03:25:38
VA-VSC-00707,Waco (349),Combat Veteran Auto-Enroll,2025-03-14 14:00:00,2025-03-20 22:28:02,2025-03-21 05:45:53,2025-03-23 02:09:36
VA-VSC-00708,St. Paul (335),New Enrollment,2025-03-14 15:00:00,2025-03-14 17:24:00,2025-03-16 03:13:39,2025-03-17 17:59:11
VA-VSC-00709,Waco (349),Priority Group Upgrade,2025-03-14 16:00:00,2025-03-21 11:41:49,2025-04-01 10:39:36,2025-04-05 05:50:11
VA-VSC-00710,Houston (362),Inter-Facility Transfer,2025-03-15 07:00:00,2025-03-15 09:24:00,2025-03-15 11:48:00,2025-03-19 03:02:56
VA-VSC-00711,St. Paul (335),New Enrollment,2025-03-15 08:00:00,2025-03-16 03:22:22,2025-03-18 16:02:34,2025-03-19 10:03:26
VA-VSC-00712,Houston (362),Inter-Facility Transfer,2025-03-15 11:00:00,2025-03-16 01:35:57,2025-03-17 20:57:52,2025-03-22 19:28:28
VA-VSC-00713,Waco (349),Priority Group Upgrade,2025-03-15 12:00:00,2025-03-19 12:40:41,2025-03-26 10:18:01,2025-03-29 13:54:18
VA-VSC-00714,Waco (349),Inter-Facility Transfer,2025-03-15 13:00:00,2025-03-20 22:59:49,2025-03-21 01:23:49,2025-03-22 08:30:35
VA-VSC-00715,Waco (349),Priority Group Upgrade,2025-03-15 14:00:00,2025-03-23 03:43:06,2025-03-29 23:48:33,2025-04-02 12:29:13
VA-VSC-00716,Muskogee (351),New Enrollment,2025-03-15 15:00:00,2025-03-18 13:10:45,2025-03-21 08:15:19,2025-03-23 23:20:21
VA-VSC-00717,Phoenix (344),New Enrollment,2025-03-15 15:00:00,2025-03-17 05:08:48,2025-03-17 09:09:22,2025-03-18 00:19:02
VA-VSC-00718,Muskogee (351),New Enrollment,2025-03-15 16:00:00,2025-03-15 18:24:00,2025-03-15 20:48:00,2025-03-16 05:04:20
VA-VSC-00719,Waco (349),New Enrollment,2025-03-15 16:00:00,2025-03-24 12:39:42,2025-03-24 22:32:08,2025-03-31 23:05:50
VA-VSC-00720,St. Paul (335),New Enrollment,2025-03-16 07:00:00,2025-03-17 09:11:41,2025-03-17 18:56:41,2025-03-19 03:56:28
VA-VSC-00721,Muskogee (351),New Enrollment,2025-03-16 08:00:00,2025-03-16 15:07:20,2025-03-22 19:55:43,2025-03-26 14:07:23
VA-VSC-00722,Waco (349),New Enrollment,2025-03-16 08:00:00,2025-03-21 17:34:13,2025-03-26 03:50:59,2025-03-28 17:08:07
VA-VSC-00723,Waco (349),,2025-03-16 09:00:00,2025-03-22 01:42:31,2025-03-22 10:35:50,2025-03-25 06:47:21
VA-VSC-00724,St. Paul (335),New Enrollment,2025-03-16 11:00:00,2025-03-16 13:37:24,2025-03-17 13:49:28,2025-03-17 16:13:28
VA-VSC-00725,Houston (362),New Enrollment,2025-03-16 11:00:00,2025-03-20 14:48:05,2025-03-22 16:56:02,2025-03-23 01:14:15
VA-VSC-00726,Phoenix (344),Priority Group Upgrade,2025-03-16 12:00:00,2025-03-17 00:02:23,2025-03-23 23:01:24,2025-03-26 20:52:01
VA-VSC-00727,Waco (349),New Enrollment,2025-03-16 14:00:00,2025-03-22 10:07:59,2025-03-23 02:12:16,2025-03-24 09:20:20
VA-VSC-00728,St. Paul (335),New Enrollment,2025-03-16 15:00:00,2025-03-17 17:43:26,2025-03-19 09:29:25,2025-03-21 00:16:13
VA-VSC-00729,Waco (349),New Enrollment,2025-03-17 07:00:00,2025-03-24 14:03:50,2025-03-27 21:49:38,2025-03-28 01:54:08
VA-VSC-00730,Waco (349),Inter-Facility Transfer,2025-03-17 08:00:00,2025-03-22 07:17:10,2025-03-24 03:16:30,2025-03-27 13:30:31
VA-VSC-00731,Waco (349),Combat Veteran Auto-Enroll,2025-03-17 09:00:00,2025-03-22 11:05:43,2025-03-22 13:29:43,2025-03-22 23:01:44
VA-VSC-00732,St. Paul (335),New Enrollment,2025-03-17 11:00:00,2025-03-21 09:40:45,2025-03-22 23:38:14,2025-03-23 16:33:01
VA-VSC-00733,Houston (362),Priority Group Upgrade,2025-03-17 13:00:00,2025-03-20 17:27:44,2025-03-27 21:07:59,2025-03-28 13:12:34
VA-VSC-00734,Waco (349),Priority Group Upgrade,2025-03-17 13:00:00,2025-03-24 06:31:42,2025-03-31 01:57:07,2025-04-07 04:01:00
VA-VSC-00735,Waco (349),Priority Group Upgrade,2025-03-17 14:00:00,2025-03-24 13:40:21,2025-04-01 19:21:49,2025-04-01 22:01:21
VA-VSC-00736,Phoenix (344),Priority Group Upgrade,2025-03-17 16:00:00,2025-03-19 08:11:11,2025-03-31 05:02:50,2025-03-31 22:40:04
VA-VSC-00737,Waco (349),Priority Group Upgrade,2025-03-18 07:00:00,2025-03-25 02:03:19,2025-03-31 00:50:17,2025-04-03 18:33:04
VA-VSC-00738,St. Paul (335),New Enrollment,2025-03-18 08:00:00,2025-03-19 03:34:27,2025-03-20 01:04:45,2025-03-21 12:22:00
VA-VSC-00739,Waco (349),New Enrollment,2025-03-18 08:00:00,2025-03-23 08:55:12,2025-03-23 23:25:09,2025-03-24 08:39:59
VA-VSC-00740,Waco (349),Priority Group Upgrade,2025-03-18 10:00:00,2025-03-26 01:12:04,2025-04-02 15:58:39,2025-04-04 01:48:46
VA-VSC-00741,Waco (349),Combat Veteran Auto-Enroll,2025-03-18 11:00:00,2025-03-25 00:23:24,2025-03-25 02:47:24,2025-03-28 18:19:26
VA-VSC-00742,Waco (349),Priority Group Upgrade,2025-03-18 11:00:00,2025-03-28 01:26:33,2025-04-06 19:27:01,2025-04-08 00:59:35
VA-VSC-00743,St. Paul (335),Combat Veteran Auto-Enroll,2025-03-18 11:00:00,2025-03-18 18:31:14,2025-03-18 22:30:41,2025-03-19 00:54:41
VA-VSC-00744,Waco (349),Inter-Facility Transfer,2025-03-18 12:00:00,2025-03-22 14:26:16,2025-03-23 08:34:29,2025-03-24 23:07:30
VA-VSC-00745,Waco (349),New Enrollment,2025-03-18 14:00:00,2025-03-23 01:51:22,2025-03-29 06:51:23,2025-03-29 23:24:51
VA-VSC-00746,Phoenix (344),Priority Group Upgrade,2025-03-18 15:00:00,2025-03-18 23:41:46,2025-03-25 05:06:36,2025-03-26 20:27:49
VA-VSC-00747,Waco (349),Priority Group Upgrade,2025-03-18 15:00:00,2025-03-25 20:55:53,2025-04-01 08:47:41,2025-04-02 06:48:49
VA-VSC-00748,Waco (349),Inter-Facility Transfer,2025-03-18 15:00:00,2025-03-24 15:53:34,2025-03-25 18:47:03,2025-03-26 15:51:02
VA-VSC-00749,Phoenix (344),Inter-Facility Transfer,2025-03-19 08:00:00,2025-03-26 12:34:58,2025-03-28 18:14:13,2025-03-29 19:06:10
VA-VSC-00750,Houston (362),Priority Group Upgrade,2025-03-19 08:00:00,2025-03-20 03:38:37,2025-03-27 07:48:41,2025-04-04 19:16:20
VA-VSC-00751,Waco (349),New Enrollment,2025-03-19 09:00:00,2025-03-26 08:13:58,2025-03-27 05:41:06,2025-03-27 08:05:06
VA-VSC-00752,Muskogee (351),Combat Veteran Auto-Enroll,2025-03-19 12:00:00,2025-03-20 09:19:21,2025-03-20 16:34:24,2025-03-20 18:58:24
VA-VSC-00753,Houston (362),New Enrollment,2025-03-19 13:00:00,2025-03-20 01:36:56,2025-03-23 19:45:11,2025-04-04 03:56:26
VA-VSC-00754,Waco (349),Combat Veteran Auto-Enroll,2025-03-19 14:00:00,2025-03-28 04:31:24,2025-03-30 03:34:56,2025-03-31 18:47:13
VA-VSC-00755,Waco (349),,2025-03-19 14:00:00,2025-03-27 17:15:33,2025-03-28 21:08:07,2025-03-31 08:04:02
VA-VSC-00756,St. Paul (335),New Enrollment,2025-03-19 15:00:00,2025-03-19 18:44:03,2025-03-20 05:51:08,2025-03-23 20:37:54
VA-VSC-00757,Houston (362),Priority Group Upgrade,2025-03-19 15:00:00,2025-03-22 10:24:53,2025-03-28 10:54:47,2025-03-28 13:18:47
VA-VSC-00758,Waco (349),New Enrollment,2025-03-19 15:00:00,2025-03-26 08:12:51,2025-03-28 03:48:21,2025-03-29 05:27:40
VA-VSC-00759,Phoenix (344),New Enrollment,2025-03-19 16:00:00,2025-03-20 10:01:56,2025-03-23 16:27:54,2025-03-24 00:53:45
VA-VSC-00760,St. Paul (335),New Enrollment,2025-03-19 16:00:00,2025-03-19 19:09:07,2025-03-19 21:33:07,2025-03-20 15:38:31
VA-VSC-00761,Waco (349),Combat Veteran Auto-Enroll,2025-03-19 16:00:00,2025-03-27 02:12:03,2025-03-27 11:08:41,2025-03-27 13:32:41
VA-VSC-00762,Waco (349),Inter-Facility Transfer,2025-03-20 07:00:00,2025-03-27 01:57:38,2025-03-27 16:31:25,2025-03-27 18:55:25
VA-VSC-00763,Waco (349),Inter-Facility Transfer,2025-03-20 07:00:00,2025-03-27 16:18:43,2025-03-29 00:51:08,2025-04-11 06:09:32
VA-VSC-00764,St. Paul (335),New Enrollment,2025-03-20 08:00:00,2025-03-23 19:15:19,2025-03-23 21:39:19,2025-03-27 01:48:42
VA-VSC-00765,Waco (349),Combat Veteran Auto-Enroll,2025-03-20 09:00:00,2025-03-26 06:52:17,2025-03-26 09:16:17,2025-03-27 02:07:01
VA-VSC-00766,Houston (362),Priority Group Upgrade,2025-03-20 09:00:00,2025-03-21 16:09:41,2025-03-26 12:52:54,2025-03-27 02:25:44
VA-VSC-00767,St. Paul (335),New Enrollment,2025-03-20 11:00:00,2025-03-20 22:10:55,2025-03-21 11:27:22,2025-03-22 09:05:00
VA-VSC-00768,Phoenix (344),New Enrollment,2025-03-20 12:00:00,2025-03-30 01:42:07,2025-04-01 07:52:32,2025-04-08 16:55:25
VA-VSC-00769,Waco (349),New Enrollment,2025-03-20 13:00:00,2025-03-24 03:32:12,2025-03-24 22:18:17,2025-03-25 22:00:39
VA-VSC-00770,Phoenix (344),Inter-Facility Transfer,2025-03-20 15:00:00,2025-03-22 17:45:00,2025-03-23 16:16:04,2025-03-24 09:05:18
VA-VSC-00771,Waco (349),Priority Group Upgrade,2025-03-20 16:00:00,2025-03-27 03:44:32,2025-04-04 15:20:25,2025-04-05 17:31:21
VA-VSC-00772,Phoenix (344),Priority Group Upgrade,2025-03-21 08:00:00,2025-03-22 05:42:42,2025-03-29 00:20:17,2025-03-29 02:44:17
VA-VSC-00773,Waco (349),New Enrollment,2025-03-21 09:00:00,2025-03-27 17:46:48,2025-03-28 06:47:32,2025-03-30 23:55:21
VA-VSC-00774,Waco (349),Priority Group Upgrade,2025-03-21 12:00:00,2025-03-28 16:54:33,2025-04-07 02:49:46,2025-04-08 23:57:40
VA-VSC-00775,St. Paul (335),New Enrollment,2025-03-21 15:00:00,2025-03-22 12:12:11,2025-03-29 11:53:35,2025-03-30 22:03:30
VA-VSC-00776,Waco (349),New Enrollment,2025-03-21 15:00:00,2025-03-26 21:42:58,2025-03-27 20:36:14,2025-03-28 06:15:58
VA-VSC-00777,Waco (349),Priority Group Upgrade,2025-03-22 07:00:00,2025-03-28 09:41:01,2025-04-03 21:55:39,2025-04-05 04:15:37
VA-VSC-00778,St. Paul (335),New Enrollment,2025-03-22 07:00:00,2025-03-22 09:26:49,2025-03-24 02:42:23,2025-03-27 05:42:06
VA-VSC-00779,St. Paul (335),Combat Veteran Auto-Enroll,2025-03-22 08:00:00,2025-03-26 06:28:14,2025-03-26 12:16:13,2025-03-28 00:45:34
VA-VSC-00780,Houston (362),New Enrollment,2025-03-22 08:00:00,2025-03-23 08:08:30,2025-03-27 04:12:00,2025-03-29 03:34:20
VA-VSC-00781,Houston (362),Priority Group Upgrade,2025-03-22 09:00:00,2025-03-22 13:31:43,2025-03-31 04:29:52,2025-04-02 07:32:49
VA-VSC-00782,Waco (349),New Enrollment,2025-03-22 09:00:00,2025-03-28 04:10:00,2025-04-01 17:08:27,2025-04-01 20:04:01
VA-VSC-00783,Waco (349),Priority Group Upgrade,2025-03-22 10:00:00,2025-04-01 03:45:17,2025-04-10 18:08:46,2025-04-12 21:58:03
VA-VSC-00784,Waco (349),New Enrollment,2025-03-22 12:00:00,2025-03-26 00:59:39,2025-03-26 04:51:28,2025-03-26 09:14:44
VA-VSC-00785,Waco (349),New Enrollment,2025-03-22 12:00:00,2025-03-30 05:29:52,2025-03-31 02:44:34,2025-04-02 11:49:14
VA-VSC-00786,Phoenix (344),Inter-Facility Transfer,2025-03-22 13:00:00,2025-03-23 19:28:20,2025-03-24 09:20:54,2025-03-24 22:43:18
VA-VSC-00787,Houston (362),,2025-03-22 13:00:00,2025-03-23 01:04:27,2025-03-25 10:25:02,2025-03-27 04:46:48
VA-VSC-00788,Waco (349),Combat Veteran Auto-Enroll,2025-03-22 13:00:00,2025-03-27 09:22:29,2025-03-29 22:40:46,2025-03-30 01:22:57
VA-VSC-00789,Waco (349),Inter-Facility Transfer,2025-03-22 14:00:00,2025-03-31 05:29:50,2025-04-04 03:56:53,2025-04-06 22:29:48
VA-VSC-00790,Muskogee (351),New Enrollment,2025-03-23 08:00:00,2025-03-24 00:48:00,2025-03-24 06:41:31,2025-03-27 13:29:38
VA-VSC-00791,Waco (349),New Enrollment,2025-03-23 10:00:00,2025-03-29 02:21:09,2025-03-29 05:10:17,2025-03-31 18:06:43
VA-VSC-00792,Houston (362),Priority Group Upgrade,2025-03-23 10:00:00,2025-03-26 05:07:04,2025-04-02 11:34:54,2025-04-03 03:24:51
VA-VSC-00793,Waco (349),Inter-Facility Transfer,2025-03-23 10:00:00,2025-03-31 04:53:10,2025-04-03 11:01:53,2025-04-03 13:25:53
VA-VSC-00794,Houston (362),Inter-Facility Transfer,2025-03-23 11:00:00,2025-03-23 17:47:10,2025-03-24 18:00:00,2025-03-24 22:29:21
VA-VSC-00795,Waco (349),Priority Group Upgrade,2025-03-23 12:00:00,2025-03-31 01:47:19,2025-04-10 07:03:02,2025-04-10 12:32:47
VA-VSC-00796,Phoenix (344),Combat Veteran Auto-Enroll,2025-03-23 15:00:00,2025-03-24 03:16:12,2025-03-25 21:27:58,2025-03-25 23:51:58
VA-VSC-00797,Muskogee (351),New Enrollment,2025-03-23 15:00:00,2025-03-26 20:20:09,2025-03-28 01:06:46,2025-03-29 23:35:59
VA-VSC-00798,Houston (362),Inter-Facility Transfer,2025-03-23 16:00:00,2025-03-24 23:28:01,2025-03-26 05:08:04,2025-03-30 02:24:40
VA-VSC-00799,Houston (362),Inter-Facility Transfer,2025-03-23 16:00:00,2025-03-24 19:05:46,2025-03-28 08:53:50,2025-03-30 02:48:16
VA-VSC-00800,Muskogee (351),New Enrollment,2025-03-24 08:00:00,2025-03-24 13:24:18,2025-03-28 05:32:43,2025-03-30 12:28:58
VA-VSC-00801,St. Paul (335),New Enrollment,2025-03-24 09:00:00,2025-03-25 19:36:05,2025-04-01 03:57:57,2025-04-01 07:43:06
VA-VSC-00802,Waco (349),New Enrollment,2025-03-24 09:00:00,2025-03-30 20:35:17,2025-03-31 06:25:30,2025-04-02 06:12:16
VA-VSC-00803,Houston (362),New Enrollment,2025-03-24 10:00:00,2025-03-26 09:20:59,2025-03-31 11:24:37,2025-04-01 16:30:34
VA-VSC-00804,Houston (362),Combat Veteran Auto-Enroll,2025-03-24 11:00:00,2025-03-26 07:25:57,2025-03-30 01:03:21,2025-04-01 08:15:00
VA-VSC-00805,Waco (349),New Enrollment,2025-03-24 13:00:00,2025-03-29 18:41:03,2025-03-31 04:23:04,2025-04-07 04:37:21
VA-VSC-00806,St. Paul (335),New Enrollment,2025-03-24 13:00:00,2025-03-24 21:08:06,2025-03-29 11:07:22,2025-03-29 18:05:50
VA-VSC-00807,Muskogee (351),,2025-03-24 13:00:00,2025-03-24 19:06:29,2025-03-25 14:45:08,2025-03-27 09:30:01
VA-VSC-00808,Muskogee (351),Inter-Facility Transfer,2025-03-24 14:00:00,2025-03-25 16:39:55,2025-03-26 05:05:43,2025-03-31 06:42:00
VA-VSC-00809,Waco (349),Priority Group Upgrade,2025-03-24 15:00:00,2025-04-01 22:31:43,2025-04-10 21:51:43,2025-04-12 01:12:23
VA-VSC-00810,Waco (349),New Enrollment,2025-03-24 16:00:00,2025-03-31 17:32:24,2025-04-01 12:47:41,2025-04-02 09:19:40
VA-VSC-00811,Muskogee (351),New Enrollment,2025-03-25 07:00:00,2025-03-25 14:43:45,2025-03-26 12:47:17,2025-03-28 20:27:21
VA-VSC-00812,Phoenix (344),Inter-Facility Transfer,2025-03-25 07:00:00,2025-03-26 22:00:51,2025-03-29 04:20:20,2025-03-30 02:52:43
VA-VSC-00813,Waco (349),Combat Veteran Auto-Enroll,2025-03-25 08:00:00,2025-04-01 18:15:56,2025-04-01 20:39:56,2025-04-03 03:46:57
VA-VSC-00814,Muskogee (351),New Enrollment,2025-03-25 09:00:00,2025-03-26 03:30:22,2025-03-27 16:45:10,2025-04-01 10:43:56
VA-VSC-00815,Phoenix (344),New Enrollment,2025-03-25 11:00:00,2025-03-26 11:03:54,2025-03-28 20:57:58,2025-04-05 18:33:35
VA-VSC-00816,Waco (349),New Enrollment,2025-03-25 11:00:00,2025-04-02 08:42:47,2025-04-03 15:22:32,2025-04-03 17:46:32
VA-VSC-00817,Houston (362),New Enrollment,2025-03-25 13:00:00,2025-03-26 02:30:43,2025-03-27 08:30:55,2025-03-30 13:06:09
VA-VSC-00818,Waco (349),Priority Group Upgrade,2025-03-25 14:00:00,2025-03-30 19:29:17,2025-04-13 19:48:43,2025-04-14 11:02:10
VA-VSC-00819,Waco (349),Inter-Facility Transfer,2025-03-25 14:00:00,2025-03-31 12:47:31,2025-04-02 23:11:06,2025-04-03 16:02:47
VA-VSC-00820,Waco (349),Priority Group Upgrade,2025-03-25 15:00:00,2025-03-30 14:40:45,2025-04-08 15:07:47,2025-04-15 12:49:40
VA-VSC-00821,St. Paul (335),Combat Veteran Auto-Enroll,2025-03-25 15:00:00,2025-03-26 23:55:51,2025-04-02 09:05:48,2025-04-08 02:15:31
VA-VSC-00822,Waco (349),New Enrollment,2025-03-25 16:00:00,2025-03-31 14:14:23,2025-04-01 16:47:50,2025-04-02 01:15:12
VA-VSC-00823,Waco (349),Priority Group Upgrade,2025-03-26 09:00:00,2025-04-02 14:09:30,2025-04-11 21:30:18,2025-04-14 11:30:26
VA-VSC-00824,Waco (349),Priority Group Upgrade,2025-03-26 10:00:00,2025-03-31 20:26:50,2025-04-08 15:36:22,2025-04-08 23:03:17
VA-VSC-00825,Waco (349),New Enrollment,2025-03-26 10:00:00,2025-04-02 23:17:41,2025-04-03 02:08:30,2025-04-06 07:45:29
VA-VSC-00826,Phoenix (344),New Enrollment,2025-03-26 11:00:00,2025-03-29 10:19:15,2025-03-30 18:03:48,2025-03-31 05:23:07
VA-VSC-00827,Waco (349),Priority Group Upgrade,2025-03-26 11:00:00,2025-03-30 05:39:17,2025-04-07 11:54:46,2025-04-08 14:39:16
VA-VSC-00828,Waco (349),New Enrollment,2025-03-26 12:00:00,2025-04-03 17:44:46,2025-04-04 02:50:33,2025-04-06 10:28:23
VA-VSC-00829,St. Paul (335),New Enrollment,2025-03-26 12:00:00,2025-03-28 00:28:52,2025-03-28 12:03:08,2025-03-31 14:44:16
VA-VSC-00830,Waco (349),Priority Group Upgrade,2025-03-26 13:00:00,2025-04-03 19:33:03,2025-04-13 06:00:50,2025-04-13 14:27:08
VA-VSC-00831,Waco (349),Inter-Facility Transfer,2025-03-26 14:00:00,2025-03-31 00:02:11,2025-03-31 02:26:11,2025-04-04 04:40:24
VA-VSC-00832,Waco (349),Priority Group Upgrade,2025-03-26 14:00:00,2025-03-30 11:16:27,2025-04-09 03:47:56,2025-04-09 23:35:26
VA-VSC-00833,Waco (349),Combat Veteran Auto-Enroll,2025-03-27 07:00:00,2025-04-03 05:36:40,2025-04-03 19:47:37,2025-04-04 09:12:05
VA-VSC-00834,Waco (349),New Enrollment,2025-03-27 08:00:00,2025-04-05 23:39:32,2025-04-06 20:58:42,2025-04-11 16:50:08
VA-VSC-00835,Waco (349),Combat Veteran Auto-Enroll,2025-03-27 09:00:00,2025-03-30 17:26:48,2025-04-02 01:30:14,2025-04-03 04:03:11
VA-VSC-00836,Waco (349),Priority Group Upgrade,2025-03-27 10:00:00,2025-04-03 18:53:51,2025-04-15 17:13:46,2025-04-17 12:49:56
VA-VSC-00837,Phoenix (344),Combat Veteran Auto-Enroll,2025-03-27 11:00:00,2025-03-28 23:32:32,2025-03-29 13:03:39,2025-03-29 15:27:39
VA-VSC-00838,Waco (349),New Enrollment,2025-03-27 13:00:00,2025-04-03 09:43:28,2025-04-03 14:41:34,2025-04-06 04:06:29
VA-VSC-00839,Houston (362),,2025-03-27 14:00:00,2025-03-27 16:24:00,2025-04-02 21:55:26,2025-04-05 00:44:51
VA-VSC-00840,Houston (362),Priority Group Upgrade,2025-03-28 07:00:00,2025-03-28 12:24:57,2025-04-07 01:49:30,2025-04-12 09:38:02
VA-VSC-00841,Waco (349),New Enrollment,2025-03-28 09:00:00,2025-04-05 07:58:32,2025-04-10 19:50:43,2025-04-15 09:34:14
VA-VSC-00842,Houston (362),New Enrollment,2025-03-28 11:00:00,2025-03-28 21:59:50,2025-04-02 20:16:13,2025-04-06 04:35:39
VA-VSC-00843,Waco (349),New Enrollment,2025-03-28 11:00:00,2025-04-05 12:17:37,2025-04-05 14:41:37,2025-04-11 18:44:28
VA-VSC-00844,Muskogee (351),New Enrollment,2025-03-28 12:00:00,2025-03-28 14:26:56,2025-03-28 23:58:42,2025-04-04 13:16:42
VA-VSC-00845,Waco (349),Combat Veteran Auto-Enroll,2025-03-28 15:00:00,2025-04-04 08:43:28,2025-04-05 02:59:09,2025-04-08 18:55:55
VA-VSC-00846,Waco (349),New Enrollment,2025-03-28 15:00:00,2025-04-01 08:46:46,2025-04-02 04:12:01,2025-04-03 02:48:52
VA-VSC-00847,Waco (349),New Enrollment,2025-03-28 16:00:00,2025-04-01 21:40:02,2025-04-02 04:30:06,2025-04-04 05:35:42
VA-VSC-00848,Muskogee (351),Priority Group Upgrade,2025-03-29 09:00:00,2025-04-01 09:31:26,2025-04-09 10:28:08,2025-04-10 03:27:02
VA-VSC-00849,Waco (349),New Enrollment,2025-03-29 10:00:00,2025-04-07 10:11:02,2025-04-08 01:38:43,2025-04-08 18:08:57
VA-VSC-00850,Houston (362),Priority Group Upgrade,2025-03-29 12:00:00,2025-03-30 14:29:48,2025-04-10 19:02:55,2025-04-12 00:13:08
VA-VSC-00851,Waco (349),New Enrollment,2025-03-29 13:00:00,2025-04-08 10:59:52,2025-04-08 17:29:28,2025-04-20 14:52:36
VA-VSC-00852,St. Paul (335),Inter-Facility Transfer,2025-03-29 15:00:00,2025-03-30 05:20:15,2025-04-01 03:34:41,2025-04-02 20:21:32
VA-VSC-00853,Waco (349),Combat Veteran Auto-Enroll,2025-03-29 15:00:00,2025-04-04 11:45:36,2025-04-06 06:52:22,2025-04-07 07:03:15
VA-VSC-00854,Phoenix (344),,2025-03-29 16:00:00,2025-03-30 13:15:12,2025-03-30 21:22:20,2025-04-05 09:02:00
VA-VSC-00855,Waco (349),New Enrollment,2025-03-29 16:00:00,2025-04-02 21:24:06,2025-04-03 16:20:58,2025-04-04 00:25:46
VA-VSC-00856,Waco (349),Combat Veteran Auto-Enroll,2025-03-29 16:00:00,2025-04-05 08:48:26,2025-04-05 22:02:32,2025-04-07 06:17:40
VA-VSC-00857,Waco (349),New Enrollment,2025-03-30 07:00:00,2025-04-06 05:40:08,2025-04-06 08:04:08,2025-04-10 08:23:34
VA-VSC-00858,Waco (349),New Enrollment,2025-03-30 07:00:00,2025-04-05 23:18:41,2025-04-09 23:25:42,2025-04-11 06:41:15
VA-VSC-00859,Houston (362),New Enrollment,2025-03-30 08:00:00,2025-04-01 20:18:53,2025-04-02 12:59:20,2025-04-03 14:05:58
VA-VSC-00860,Waco (349),Priority Group Upgrade,2025-03-30 08:00:00,2025-04-04 05:15:27,2025-04-13 03:38:28,2025-04-15 12:15:24
VA-VSC-00861,St. Paul (335),Priority Group Upgrade,2025-03-30 10:00:00,2025-03-30 17:32:27,2025-04-05 13:09:24,2025-04-06 01:42:49
VA-VSC-00862,Waco (349),Priority Group Upgrade,2025-03-30 11:00:00,2025-04-04 05:55:25,2025-04-12 09:33:05,2025-04-13 09:04:13
VA-VSC-00863,Waco (349),New Enrollment,2025-03-30 11:00:00,2025-04-05 03:36:30,2025-04-05 06:40:54,2025-04-05 13:08:39
VA-VSC-00864,Waco (349),New Enrollment,2025-03-30 12:00:00,2025-04-05 18:24:45,2025-04-06 12:16:13,2025-04-07 03:56:39
VA-VSC-00865,Waco (349),Priority Group Upgrade,2025-03-30 12:00:00,2025-04-04 17:55:19,2025-04-11 12:16:58,2025-04-12 19:46:31
VA-VSC-00866,Houston (362),New Enrollment,2025-03-30 13:00:00,2025-04-01 04:03:36,2025-04-04 08:20:48,2025-04-10 02:49:53
VA-VSC-00867,Waco (349),Priority Group Upgrade,2025-03-30 13:00:00,2025-04-03 03:03:32,2025-04-13 19:58:25,2025-04-16 10:12:15
VA-VSC-00868,Waco (349),New Enrollment,2025-03-30 13:00:00,2025-04-05 06:27:00,2025-04-08 06:05:24,2025-04-09 03:52:29
VA-VSC-00869,Phoenix (344),Combat Veteran Auto-Enroll,2025-03-30 16:00:00,2025-03-31 07:32:05,2025-03-31 23:38:46,2025-04-01 09:21:18
VA-VSC-00870,Muskogee (351),Priority Group Upgrade,2025-03-30 16:00:00,2025-04-02 08:45:59,2025-04-09 03:06:23,2025-04-11 03:34:51
VA-VSC-00871,Waco (349),New Enrollment,2025-03-30 16:00:00,2025-04-07 21:33:22,2025-04-11 13:02:18,2025-04-14 16:41:44
VA-VSC-00872,Waco (349),,2025-03-31 07:00:00,2025-04-05 06:56:26,2025-04-09 02:57:44,2025-04-11 14:13:46
VA-VSC-00873,Houston (362),Priority Group Upgrade,2025-03-31 08:00:00,2025-04-02 04:18:17,2025-04-09 04:53:49,2025-04-10 22:51:15
VA-VSC-00874,Waco (349),Combat Veteran Auto-Enroll,2025-03-31 14:00:00,2025-04-05 23:38:14,2025-04-10 04:25:09,2025-04-10 06:49:09
VA-VSC-00875,Waco (349),New Enrollment,2025-03-31 14:00:00,2025-04-05 21:12:38,2025-04-07 15:46:08,2025-04-07 21:13:10
VA-VSC-00876,Waco (349),New Enrollment,2025-03-31 14:00:00,2025-04-07 03:10:34,2025-04-09 23:16:19,2025-04-11 17:45:49
VA-VSC-00877,St. Paul (335),Combat Veteran Auto-Enroll,2025-03-31 16:00:00,2025-03-31 21:03:49,2025-03-31 23:27:49,2025-04-03 09:22:59
VA-VSC-00878,Houston (362),Priority Group Upgrade,2025-04-01 10:00:00,2025-04-02 09:00:21,2025-04-08 12:09:19,2025-04-11 20:40:55
VA-VSC-00879,Waco (349),New Enrollment,2025-04-01 10:00:00,2025-04-09 16:40:23,2025-04-10 21:02:32,2025-04-12 18:53:44
VA-VSC-00880,Waco (349),Priority Group Upgrade,2025-04-01 11:00:00,2025-04-08 20:45:32,2025-04-22 08:09:44,2025-04-24 00:54:26
VA-VSC-00881,Waco (349),New Enrollment,2025-04-01 11:00:00,2025-04-08 23:45:40,2025-04-09 19:06:49,2025-04-14 04:19:44
VA-VSC-00882,Houston (362),Priority Group Upgrade,2025-04-01 12:00:00,2025-04-03 16:48:36,2025-04-12 13:56:45,2025-04-15 03:25:29
VA-VSC-00883,Waco (349),New Enrollment,2025-04-01 14:00:00,2025-04-08 23:48:55,2025-04-09 17:26:49,2025-04-09 23:17:33
VA-VSC-00884,Waco (349),Inter-Facility Transfer,2025-04-01 14:00:00,2025-04-08 04:48:19,2025-04-08 09:12:58,2025-04-08 17:32:30
VA-VSC-00885,St. Paul (335),Priority Group Upgrade,2025-04-01 14:00:00,2025-04-03 06:02:15,2025-04-10 15:47:42,2025-04-11 02:44:08
VA-VSC-00886,Waco (349),,2025-04-01 14:00:00,2025-04-09 09:38:36,2025-04-14 00:53:15,2025-04-16 16:00:42
VA-VSC-00887,Houston (362),Priority Group Upgrade,2025-04-02 07:00:00,2025-04-04 12:01:26,2025-04-08 19:18:27,2025-04-16 03:52:17
VA-VSC-00888,Waco (349),Inter-Facility Transfer,2025-04-02 07:00:00,2025-04-08 16:31:38,2025-04-09 12:55:14,2025-04-11 12:23:35
VA-VSC-00889,Waco (349),Combat Veteran Auto-Enroll,2025-04-02 08:00:00,2025-04-11 07:34:00,2025-04-11 17:13:23,2025-04-14 06:43:03
VA-VSC-00890,Waco (349),Priority Group Upgrade,2025-04-02 08:00:00,2025-04-08 13:12:50,2025-04-16 11:49:01,2025-04-16 22:49:19
VA-VSC-00891,St. Paul (335),Priority Group Upgrade,2025-04-02 09:00:00,2025-04-02 15:15:26,2025-04-14 04:02:05,2025-04-15 21:10:27
VA-VSC-00892,Phoenix (344),Priority Group Upgrade,2025-04-02 09:00:00,2025-04-03 05:05:30,2025-04-11 16:19:35,2025-04-16 06:53:49
VA-VSC-00893,Phoenix (344),Priority Group Upgrade,2025-04-02 11:00:00,2025-04-04 13:31:30,2025-04-10 17:14:57,2025-04-11 18:50:33
VA-VSC-00894,Waco (349),New Enrollment,2025-04-02 12:00:00,2025-04-09 04:50:28,2025-04-10 03:01:04,2025-04-12 06:15:50
VA-VSC-00895,Houston (362),Priority Group Upgrade,2025-04-02 14:00:00,2025-04-02 22:42:15,2025-04-06 06:54:49,2025-04-06 14:13:18
VA-VSC-00896,Waco (349),New Enrollment,2025-04-03 07:00:00,2025-04-09 14:35:15,2025-04-09 18:38:56,2025-04-14 18:23:12
VA-VSC-00897,Waco (349),Inter-Facility Transfer,2025-04-03 09:00:00,2025-04-11 00:28:26,2025-04-14 14:39:58,2025-04-17 07:15:13
VA-VSC-00898,Phoenix (344),New Enrollment,2025-04-03 09:00:00,2025-04-03 13:03:26,2025-04-10 03:23:18,2025-04-10 22:49:46
VA-VSC-00899,Waco (349),Inter-Facility Transfer,2025-04-03 10:00:00,2025-04-08 12:48:58,2025-04-10 19:13:32,2025-04-15 20:49:54
VA-VSC-00900,Waco (349),Priority Group Upgrade,2025-04-03 10:00:00,2025-04-09 07:31:50,2025-04-17 18:38:57,2025-04-19 00:45:38
VA-VSC-00901,Waco (349),Priority Group Upgrade,2025-04-03 11:00:00,2025-04-11 02:51:33,2025-04-20 04:46:01,2025-04-20 07:10:01
VA-VSC-00902,Waco (349),Priority Group Upgrade,2025-04-03 14:00:00,2025-04-08 14:51:46,2025-04-15 01:48:25,2025-04-18 10:59:51
VA-VSC-00903,Waco (349),New Enrollment,2025-04-03 16:00:00,2025-04-09 14:35:23,2025-04-14 18:58:03,2025-04-15 06:28:24
VA-VSC-00904,Houston (362),New Enrollment,2025-04-04 07:00:00,2025-04-04 15:00:42,2025-04-08 19:33:53,2025-04-08 21:57:53
VA-VSC-00905,Waco (349),New Enrollment,2025-04-04 09:00:00,2025-04-08 07:24:22,2025-04-09 08:42:44,2025-04-10 16:51:02
VA-VSC-00906,Phoenix (344),Priority Group Upgrade,2025-04-04 09:00:00,2025-04-04 14:08:13,2025-04-12 03:01:38,2025-04-13 04:29:20
VA-VSC-00907,St. Paul (335),New Enrollment,2025-04-04 09:00:00,2025-04-04 13:44:35,2025-04-04 16:08:35,2025-04-06 05:13:09
VA-VSC-00908,Waco (349),Combat Veteran Auto-Enroll,2025-04-04 09:00:00,2025-04-10 01:29:50,2025-04-10 14:23:51,2025-04-11 03:53:45
VA-VSC-00909,Waco (349),New Enrollment,2025-04-04 14:00:00,2025-04-12 13:09:48,2025-04-13 18:11:35,2025-04-13 22:05:24
VA-VSC-00910,Waco (349),New Enrollment,2025-04-05 07:00:00,2025-04-10 15:20:50,2025-04-13 22:43:26,2025-04-15 16:10:14
VA-VSC-00911,Houston (362),New Enrollment,2025-04-05 08:00:00,2025-04-08 22:38:20,2025-04-09 04:24:39,2025-04-19 06:37:09
VA-VSC-00912,Waco (349),Inter-Facility Transfer,2025-04-05 08:00:00,2025-04-10 21:16:57,2025-04-12 03:27:22,2025-04-13 14:13:01
VA-VSC-00913,Houston (362),Priority Group Upgrade,2025-04-05 10:00:00,2025-04-05 12:24:00,2025-04-12 10:46:21,2025-04-14 07:53:44
VA-VSC-00914,Waco (349),New Enrollment,2025-04-05 11:00:00,2025-04-13 08:00:27,2025-04-14 08:56:13,2025-04-15 02:31:25
VA-VSC-00915,Houston (362),Priority Group Upgrade,2025-04-05 15:00:00,2025-04-05 17:24:00,2025-04-17 19:49:32,2025-04-17 22:26:56
VA-VSC-00916,Waco (349),New Enrollment,2025-04-05 16:00:00,2025-04-14 07:20:21,2025-04-16 05:50:38,2025-04-27 08:16:34
VA-VSC-00917,Waco (349),Inter-Facility Transfer,2025-04-06 08:00:00,2025-04-12 03:17:53,2025-04-13 01:01:32,2025-04-13 13:06:37
VA-VSC-00918,Muskogee (351),Priority Group Upgrade,2025-04-06 09:00:00,2025-04-07 23:37:05,2025-04-18 21:07:33,2025-04-19 10:00:13
VA-VSC-00919,St. Paul (335),New Enrollment,2025-04-06 09:00:00,2025-04-10 21:36:27,2025-04-12 23:30:27,2025-04-13 15:34:55
VA-VSC-00920,Waco (349),Priority Group Upgrade,2025-04-06 11:00:00,2025-04-11 05:20:09,2025-04-19 04:32:31,2025-04-23 00:16:43
VA-VSC-00921,Phoenix (344),New Enrollment,2025-04-06 12:00:00,2025-04-06 21:15:35,2025-04-11 01:21:20,2025-04-13 04:12:14
VA-VSC-00922,Waco (349),Inter-Facility Transfer,2025-04-06 14:00:00,2025-04-17 11:23:51,2025-04-18 18:38:16,2025-04-22 05:16:02
VA-VSC-00923,Phoenix (344),New Enrollment,2025-04-06 15:00:00,2025-04-08 15:18:13,2025-04-09 06:07:00,2025-04-15 21:42:28
VA-VSC-00924,St. Paul (335),Priority Group Upgrade,2025-04-06 16:00:00,2025-04-06 18:24:00,2025-04-17 13:51:50,2025-04-24 07:32:59
VA-VSC-00925,Waco (349),New Enrollment,2025-04-07 07:00:00,2025-04-11 21:51:29,2025-04-14 01:27:40,2025-04-18 02:00:03
VA-VSC-00926,Waco (349),Priority Group Upgrade,2025-04-07 07:00:00,2025-04-13 02:03:44,2025-04-19 08:52:02,2025-04-20 02:50:15
VA-VSC-00927,Waco (349),Combat Veteran Auto-Enroll,2025-04-07 09:00:00,2025-04-15 05:55:05,2025-04-15 13:22:54,2025-04-17 20:07:39
VA-VSC-00928,Waco (349),Priority Group Upgrade,2025-04-07 09:00:00,2025-04-12 00:19:56,2025-04-20 07:00:55,2025-04-22 09:22:56
VA-VSC-00929,Houston (362),Priority Group Upgrade,2025-04-07 12:00:00,2025-04-09 09:49:26,2025-04-19 19:08:55,2025-04-22 01:06:18
VA-VSC-00930,Waco (349),Combat Veteran Auto-Enroll,2025-04-07 12:00:00,2025-04-14 20:50:28,2025-04-17 22:13:36,2025-04-20 16:18:22
VA-VSC-00931,Waco (349),New Enrollment,2025-04-07 12:00:00,2025-04-14 08:39:12,2025-04-19 22:24:16,2025-04-26 00:30:43
VA-VSC-00932,Phoenix (344),New Enrollment,2025-04-07 13:00:00,2025-04-08 00:20:01,2025-04-08 20:02:56,2025-04-09 01:37:03
VA-VSC-00933,Muskogee (351),New Enrollment,2025-04-07 13:00:00,2025-04-07 21:11:27,2025-04-11 02:15:15,2025-04-11 23:44:23
VA-VSC-00934,Waco (349),Inter-Facility Transfer,2025-04-07 14:00:00,2025-04-13 05:17:28,2025-04-14 20:45:56,2025-04-17 21:50:40
VA-VSC-00935,Waco (349),New Enrollment,2025-04-07 14:00:00,2025-04-12 09:07:34,2025-04-13 01:27:57,2025-04-21 04:46:37
VA-VSC-00936,Waco (349),Priority Group Upgrade,2025-04-07 15:00:00,2025-04-16 03:59:04,2025-04-22 10:19:32,2025-04-26 15:48:24
VA-VSC-00937,Waco (349),Priority Group Upgrade,2025-04-07 15:00:00,2025-04-12 16:25:12,2025-04-20 07:51:45,2025-04-21 13:07:30
VA-VSC-00938,Phoenix (344),New Enrollment,2025-04-07 16:00:00,2025-04-08 06:49:16,2025-04-10 08:37:33,2025-04-10 12:15:49
VA-VSC-00939,Waco (349),New Enrollment,2025-04-08 07:00:00,2025-04-13 22:37:25,2025-04-15 19:56:30,2025-04-17 22:52:26
VA-VSC-00940,Houston (362),New Enrollment,2025-04-08 07:00:00,2025-04-09 08:28:30,2025-04-13 14:27:05,2025-04-15 11:44:43
VA-VSC-00941,Waco (349),New Enrollment,2025-04-08 08:00:00,2025-04-15 04:02:25,2025-04-17 04:02:43,2025-04-17 23:29:54
VA-VSC-00942,Houston (362),New Enrollment,2025-04-08 08:00:00,2025-04-09 18:43:12,2025-04-13 11:59:25,2025-04-13 14:23:25
VA-VSC-00943,Houston (362),New Enrollment,2025-04-08 09:00:00,2025-04-10 19:47:00,2025-04-11 04:39:51,2025-04-12 09:52:48
VA-VSC-00944,Phoenix (344),Combat Veteran Auto-Enroll,2025-04-08 10:00:00,2025-04-10 17:05:29,2025-04-13 07:36:54,2025-04-17 18:24:46
VA-VSC-00945,Waco (349),Inter-Facility Transfer,2025-04-08 10:00:00,2025-04-15 03:11:42,2025-04-16 00:31:53,2025-04-18 03:48:13
VA-VSC-00946,Waco (349),,2025-04-08 14:00:00,2025-04-13 01:32:22,2025-04-15 02:27:45,2025-04-16 11:52:20
VA-VSC-00947,Waco (349),,2025-04-08 15:00:00,2025-04-14 16:07:09,2025-04-16 17:20:38,2025-04-16 19:44:38
VA-VSC-00948,Phoenix (344),New Enrollment,2025-04-08 15:00:00,2025-04-09 08:34:00,2025-04-11 21:58:32,2025-04-13 12:02:58
VA-VSC-00949,Phoenix (344),Priority Group Upgrade,2025-04-08 15:00:00,2025-04-11 05:26:43,2025-04-23 02:24:57,2025-04-24 17:02:53
VA-VSC-00950,Houston (362),Combat Veteran Auto-Enroll,2025-04-08 15:00:00,2025-04-10 07:27:10,2025-04-10 09:51:10,2025-04-10 12:15:10
VA-VSC-00951,Houston (362),New Enrollment,2025-04-09 07:00:00,2025-04-09 09:30:23,2025-04-10 06:13:25,2025-04-10 19:06:36
VA-VSC-00952,Houston (362),New Enrollment,2025-04-09 07:00:00,2025-04-14 06:34:01,2025-04-15 10:42:06,2025-04-17 14:49:36
VA-VSC-00953,Waco (349),Combat Veteran Auto-Enroll,2025-04-09 08:00:00,2025-04-14 13:11:34,2025-04-15 03:10:19,2025-04-15 22:47:16
VA-VSC-00954,Phoenix (344),Priority Group Upgrade,2025-04-09 08:00:00,2025-04-10 04:59:58,2025-04-21 08:45:33,2025-04-24 07:03:22
VA-VSC-00955,Waco (349),New Enrollment,2025-04-09 08:00:00,2025-04-13 04:58:07,2025-04-15 10:58:09,2025-04-17 02:43:50
VA-VSC-00956,Waco (349),Priority Group Upgrade,2025-04-09 09:00:00,2025-04-16 10:05:59,2025-04-23 12:49:21,2025-05-01 06:56:54
VA-VSC-00957,Waco (349),New Enrollment,2025-04-09 09:00:00,2025-04-15 06:45:07,2025-04-15 15:41:06,2025-04-17 01:40:37
VA-VSC-00958,Waco (349),New Enrollment,2025-04-09 10:00:00,2025-04-15 08:43:40,2025-04-18 21:22:49,2025-04-22 07:18:20
VA-VSC-00959,Waco (349),Combat Veteran Auto-Enroll,2025-04-10 07:00:00,2025-04-18 01:46:39,2025-04-26 15:47:04,2025-04-27 07:25:10
VA-VSC-00960,St. Paul (335),Combat Veteran Auto-Enroll,2025-04-10 09:00:00,2025-04-12 04:33:56,2025-04-13 11:54:58,2025-04-20 22:42:12
VA-VSC-00961,Waco (349),New Enrollment,2025-04-10 10:00:00,2025-04-17 15:32:25,2025-04-27 10:13:50,2025-04-29 04:49:54
VA-VSC-00962,Houston (362),Inter-Facility Transfer,2025-04-10 10:00:00,2025-04-11 21:45:40,2025-04-14 03:21:31,2025-04-14 05:45:31
VA-VSC-00963,Waco (349),New Enrollment,2025-04-10 11:00:00,2025-04-14 19:21:45,2025-04-15 05:01:02,2025-04-19 08:47:48
VA-VSC-00964,Waco (349),Combat Veteran Auto-Enroll,2025-04-10 11:00:00,2025-04-16 08:02:08,2025-04-17 23:33:46,2025-04-18 14:24:38
VA-VSC-00965,Waco (349),Priority Group Upgrade,2025-04-10 13:00:00,2025-04-15 18:48:31,2025-04-26 08:56:44,2025-04-26 12:23:31
VA-VSC-00966,Waco (349),Combat Veteran Auto-Enroll,2025-04-10 15:00:00,2025-04-16 06:44:49,2025-04-18 00:56:23,2025-04-18 03:57:45
VA-VSC-00967,St. Paul (335),Inter-Facility Transfer,2025-04-10 15:00:00,2025-04-12 23:04:51,2025-04-15 12:08:00,2025-04-23 23:20:03
VA-VSC-00968,Waco (349),New Enrollment,2025-04-11 07:00:00,2025-04-19 01:15:15,2025-04-19 17:06:26,2025-04-20 17:34:08
VA-VSC-00969,Houston (362),Inter-Facility Transfer,2025-04-11 11:00:00,2025-04-11 21:51:16,2025-04-12 02:23:49,2025-04-13 07:31:17
VA-VSC-00970,Waco (349),Combat Veteran Auto-Enroll,2025-04-11 13:00:00,2025-04-18 00:58:20,2025-04-18 09:30:40,2025-04-18 11:54:40
VA-VSC-00971,Houston (362),Combat Veteran Auto-Enroll,2025-04-11 15:00:00,2025-04-13 03:35:42,2025-04-13 05:59:42,2025-04-20 12:05:18
VA-VSC-00972,Muskogee (351),New Enrollment,2025-04-11 15:00:00,2025-04-11 22:12:54,2025-04-13 13:28:03,2025-04-14 16:51:03
VA-VSC-00973,St. Paul (335),Combat Veteran Auto-Enroll,2025-04-12 08:00:00,2025-04-12 10:24:00,2025-04-13 09:24:15,2025-04-14 20:18:42
VA-VSC-00974,Waco (349),Combat Veteran Auto-Enroll,2025-04-12 10:00:00,2025-04-19 02:34:35,2025-04-21 02:01:37,2025-04-21 05:59:34
VA-VSC-00975,Waco (349),New Enrollment,2025-04-12 11:00:00,2025-04-16 14:06:09,2025-04-17 12:04:44,2025-04-25 19:30:13
VA-VSC-00976,Waco (349),Inter-Facility Transfer,2025-04-12 12:00:00,2025-04-18 00:30:19,2025-04-20 01:15:41,2025-04-22 08:23:49
VA-VSC-00977,Houston (362),New Enrollment,2025-04-12 15:00:00,2025-04-14 07:22:10,2025-04-17 12:06:28,2025-04-17 21:08:20
VA-VSC-00978,Waco (349),New Enrollment,2025-04-12 15:00:00,2025-04-18 18:50:59,2025-04-24 01:12:29,2025-04-27 02:03:30
VA-VSC-00979,Waco (349),Priority Group Upgrade,2025-04-12 16:00:00,2025-04-15 17:23:22,2025-04-23 02:13:40,2025-04-24 03:05:41
VA-VSC-00980,Houston (362),Priority Group Upgrade,2025-04-13 07:00:00,2025-04-13 16:26:03,2025-04-20 18:32:21,2025-04-23 18:54:01
VA-VSC-00981,Waco (349),,2025-04-13 07:00:00,2025-04-19 20:42:36,2025-04-28 22:01:23,2025-04-30 03:06:50
VA-VSC-00982,St. Paul (335),New Enrollment,2025-04-13 07:00:00,2025-04-14 01:26:49,2025-04-16 05:13:35,2025-04-27 23:27:54
VA-VSC-00983,Waco (349),Inter-Facility Transfer,2025-04-13 08:00:00,2025-04-19 20:16:08,2025-04-22 23:42:47,2025-04-25 17:50:27
VA-VSC-00984,Waco (349),New Enrollment,2025-04-13 09:00:00,2025-04-21 23:41:48,2025-04-22 02:33:13,2025-04-27 10:09:04
VA-VSC-00985,St. Paul (335),New Enrollment,2025-04-13 12:00:00,2025-04-13 14:24:00,2025-04-15 11:37:13,2025-04-18 03:29:25
VA-VSC-00986,Waco (349),New Enrollment,2025-04-13 13:00:00,2025-04-25 09:07:33,2025-04-27 13:51:20,2025-04-28 13:00:03
VA-VSC-00987,Houston (362),Priority Group Upgrade,2025-04-13 14:00:00,2025-04-14 13:27:52,2025-04-20 05:06:58,2025-04-20 15:35:19
VA-VSC-00988,Waco (349),Inter-Facility Transfer,2025-04-13 15:00:00,2025-04-18 21:18:38,2025-04-22 10:29:33,2025-04-27 07:33:02
VA-VSC-00989,Waco (349),Priority Group Upgrade,2025-04-13 15:00:00,2025-04-18 08:27:30,2025-04-24 10:36:16,2025-04-25 00:06:07
VA-VSC-00990,St. Paul (335),Combat Veteran Auto-Enroll,2025-04-13 16:00:00,2025-04-14 06:09:47,2025-04-15 14:03:41,2025-04-17 07:29:31
VA-VSC-00991,St. Paul (335),New Enrollment,2025-04-14 07:00:00,2025-04-15 05:34:46,2025-04-15 20:27:56,2025-04-18 07:18:02
VA-VSC-00992,Houston (362),Priority Group Upgrade,2025-04-14 07:00:00,2025-04-16 09:26:33,2025-04-22 02:01:11,2025-04-22 06:18:42
VA-VSC-00993,Waco (349),Priority Group Upgrade,2025-04-14 07:00:00,2025-04-19 16:26:46,2025-04-27 15:21:36,2025-04-28 21:11:26
VA-VSC-00994,Houston (362),Priority Group Upgrade,2025-04-14 08:00:00,2025-04-14 10:24:00,2025-04-20 12:39:10,2025-04-20 21:34:01
VA-VSC-00995,Waco (349),New Enrollment,2025-04-14 12:00:00,2025-04-19 21:59:31,2025-04-22 23:13:09,2025-04-25 04:39:28
VA-VSC-00996,Waco (349),Priority Group Upgrade,2025-04-14 13:00:00,2025-04-20 00:09:06,2025-04-26 19:44:34,2025-04-27 21:49:42
VA-VSC-00997,Phoenix (344),Priority Group Upgrade,2025-04-14 13:00:00,2025-04-15 03:37:50,2025-04-22 23:29:11,2025-04-25 22:16:56
VA-VSC-00998,Waco (349),Combat Veteran Auto-Enroll,2025-04-14 14:00:00,2025-04-23 00:50:04,2025-04-25 21:04:43,2025-04-29 01:47:01
VA-VSC-00999,Muskogee (351),Priority Group Upgrade,2025-04-15 07:00:00,2025-04-17 21:00:04,2025-04-27 09:23:02,2025-05-03 05:17:59
VA-VSC-01000,Waco (349),New Enrollment,2025-04-15 08:00:00,2025-04-18 21:28:56,2025-04-18 23:52:56,2025-04-19 02:16:56
VA-VSC-01001,Waco (349),Priority Group Upgrade,2025-04-15 09:00:00,2025-04-22 21:27:12,2025-05-01 18:56:27,2025-05-06 18:49:50
VA-VSC-01002,Waco (349),New Enrollment,2025-04-15 09:00:00,2025-04-22 20:31:54,2025-04-23 21:26:57,2025-04-25 01:52:43
VA-VSC-01003,Phoenix (344),Combat Veteran Auto-Enroll,2025-04-15 09:00:00,2025-04-17 02:13:25,2025-04-18 22:32:10,2025-04-19 17:39:15
VA-VSC-01004,St. Paul (335),Priority Group Upgrade,2025-04-15 12:00:00,2025-04-15 15:06:57,2025-04-20 15:13:03,2025-04-20 21:57:32
VA-VSC-01005,St. Paul (335),New Enrollment,2025-04-15 15:00:00,2025-04-16 20:14:27,2025-04-21 11:28:46,2025-04-23 19:02:30
VA-VSC-01006,Houston (362),Inter-Facility Transfer,2025-04-15 16:00:00,2025-04-18 19:14:24,2025-04-21 02:25:52,2025-04-23 16:54:12
VA-VSC-01007,Houston (362),Priority Group Upgrade,2025-04-16 07:00:00,2025-04-16 22:23:41,2025-04-22 07:43:03,2025-04-26 01:36:09
VA-VSC-01008,Phoenix (344),New Enrollment,2025-04-16 08:00:00,2025-04-19 03:54:40,2025-04-20 01:33:24,2025-04-20 03:57:24
VA-VSC-01009,Waco (349),Priority Group Upgrade,2025-04-16 08:00:00,2025-04-23 09:48:30,2025-05-02 20:02:14,2025-05-02 22:26:14
VA-VSC-01010,Waco (349),New Enrollment,2025-04-16 13:00:00,2025-04-20 23:25:49,2025-04-24 16:02:34,2025-04-26 05:26:20
VA-VSC-01011,Waco (349),Combat Veteran Auto-Enroll,2025-04-16 13:00:00,2025-04-22 02:38:17,2025-04-24 11:57:39,2025-04-25 16:34:20
VA-VSC-01012,Muskogee (351),Combat Veteran Auto-Enroll,2025-04-16 14:00:00,2025-04-16 19:08:33,2025-04-16 22:43:02,2025-04-18 05:27:24
VA-VSC-01013,Muskogee (351),Inter-Facility Transfer,2025-04-16 15:00:00,2025-04-17 09:00:41,2025-04-18 23:09:45,2025-04-20 05:44:01
VA-VSC-01014,Waco (349),Priority Group Upgrade,2025-04-17 07:00:00,2025-04-23 02:40:48,2025-04-29 00:09:01,2025-05-03 18:02:57
VA-VSC-01015,St. Paul (335),Priority Group Upgrade,2025-04-17 07:00:00,2025-04-18 08:57:01,2025-04-27 03:01:33,2025-04-27 10:51:38
VA-VSC-01016,Muskogee (351),Combat Veteran Auto-Enroll,2025-04-17 08:00:00,2025-04-19 14:04:48,2025-04-20 00:16:27,2025-04-22 16:49:31
VA-VSC-01017,Waco (349),New Enrollment,2025-04-17 08:00:00,2025-04-24 21:14:59,2025-04-25 15:29:09,2025-04-26 14:44:19
VA-VSC-01018,Houston (362),Priority Group Upgrade,2025-04-17 10:00:00,2025-04-18 16:53:01,2025-04-23 23:54:07,2025-04-26 15:45:37
VA-VSC-01019,Phoenix (344),Priority Group Upgrade,2025-04-17 10:00:00,2025-04-21 16:48:50,2025-05-01 15:43:31,2025-05-03 14:58:20
VA-VSC-01020,Waco (349),New Enrollment,2025-04-17 10:00:00,2025-04-24 04:07:56,2025-04-27 10:48:39,2025-04-28 01:13:47
VA-VSC-01021,Houston (362),New Enrollment,2025-04-17 11:00:00,2025-04-18 02:21:33,2025-04-19 07:46:21,2025-04-21 19:50:20
VA-VSC-01022,Waco (349),Combat Veteran Auto-Enroll,2025-04-17 12:00:00,2025-04-23 02:09:40,2025-04-23 14:31:00,2025-04-25 11:31:55
VA-VSC-01023,Muskogee (351),Combat Veteran Auto-Enroll,2025-04-17 13:00:00,2025-04-18 01:44:05,2025-04-20 07:26:18,2025-04-22 10:03:25
VA-VSC-01024,Muskogee (351),New Enrollment,2025-04-18 07:00:00,2025-04-18 14:41:32,2025-04-18 20:22:15,2025-04-20 19:58:18
VA-VSC-01025,Muskogee (351),,2025-04-18 07:00:00,2025-04-19 00:14:31,2025-04-19 06:54:17,2025-04-20 01:52:07
VA-VSC-01026,Waco (349),New Enrollment,2025-04-18 07:00:00,2025-04-24 07:03:30,2025-04-24 11:10:41,2025-04-26 01:10:40
VA-VSC-01027,Phoenix (344),Combat Veteran Auto-Enroll,2025-04-18 08:00:00,2025-04-20 10:24:38,2025-04-20 15:19:25,2025-04-21 18:46:49
VA-VSC-01028,Phoenix (344),New Enrollment,2025-04-18 09:00:00,2025-04-19 12:04:30,2025-04-21 04:38:51,2025-04-23 13:46:08
VA-VSC-01029,Waco (349),Priority Group Upgrade,2025-04-18 10:00:00,2025-04-26 17:20:18,2025-05-06 15:49:54,2025-05-06 20:34:56
VA-VSC-01030,Phoenix (344),New Enrollment,2025-04-18 10:00:00,2025-04-24 10:56:48,2025-04-26 05:30:06,2025-04-28 13:13:49
VA-VSC-01031,Waco (349),Priority Group Upgrade,2025-04-18 11:00:00,2025-04-25 11:09:33,2025-05-05 20:39:40,2025-05-17 08:55:35
VA-VSC-01032,Houston (362),New Enrollment,2025-04-18 11:00:00,2025-04-18 13:24:00,2025-04-20 12:06:13,2025-04-22 23:17:03
VA-VSC-01033,Waco (349),Combat Veteran Auto-Enroll,2025-04-18 13:00:00,2025-04-26 21:19:59,2025-04-27 02:07:18,2025-04-29 05:01:40
VA-VSC-01034,Waco (349),New Enrollment,2025-04-18 13:00:00,2025-04-22 19:09:18,2025-04-24 22:34:19,2025-04-25 11:46:07
VA-VSC-01035,Waco (349),Priority Group Upgrade,2025-04-18 14:00:00,2025-04-24 19:53:22,2025-05-03 18:37:19,2025-05-04 00:23:32
VA-VSC-01036,Houston (362),New Enrollment,2025-04-18 15:00:00,2025-04-22 19:16:26,2025-04-23 04:57:39,2025-04-26 12:29:16
VA-VSC-01037,Waco (349),Priority Group Upgrade,2025-04-19 09:00:00,2025-04-25 05:41:05,2025-05-04 19:32:18,2025-05-07 21:52:44
VA-VSC-01038,St. Paul (335),Combat Veteran Auto-Enroll,2025-04-19 10:00:00,2025-04-19 21:51:00,2025-04-22 05:12:59,2025-04-23 06:33:58
VA-VSC-01039,Waco (349),New Enrollment,2025-04-19 10:00:00,2025-04-25 02:33:07,2025-04-26 11:45:30,2025-05-03 22:04:00
VA-VSC-01040,Waco (349),Combat Veteran Auto-Enroll,2025-04-19 11:00:00,2025-04-27 16:24:21,2025-04-28 12:29:50,2025-05-01 02:13:01
VA-VSC-01041,Waco (349),Priority Group Upgrade,2025-04-19 12:00:00,2025-04-24 14:39:32,2025-05-05 16:09:36,2025-05-06 01:03:40
VA-VSC-01042,St. Paul (335),New Enrollment,2025-04-19 13:00:00,2025-04-20 08:48:40,2025-04-22 00:16:01,2025-04-22 03:34:01
VA-VSC-01043,Waco (349),New Enrollment,2025-04-19 14:00:00,2025-04-27 03:13:05,2025-05-01 07:56:48,2025-05-03 06:07:37
VA-VSC-01044,Houston (362),New Enrollment,2025-04-19 15:00:00,2025-04-22 04:23:57,2025-04-22 09:28:21,2025-04-25 14:07:02
VA-VSC-01045,Phoenix (344),Priority Group Upgrade,2025-04-20 07:00:00,2025-04-20 10:39:13,2025-04-24 14:28:22,2025-04-25 09:15:18
VA-VSC-01046,Houston (362),Combat Veteran Auto-Enroll,2025-04-20 09:00:00,2025-04-21 14:12:33,2025-04-22 06:41:37,2025-04-26 05:20:20
VA-VSC-01047,Waco (349),New Enrollment,2025-04-20 09:00:00,2025-04-27 11:29:04,2025-04-27 20:12:46,2025-04-28 15:52:37
VA-VSC-01048,Waco (349),Priority Group Upgrade,2025-04-20 09:00:00,2025-04-26 06:40:56,2025-05-05 17:42:06,2025-05-07 06:32:20
VA-VSC-01049,Phoenix (344),Combat Veteran Auto-Enroll,2025-04-20 09:00:00,2025-04-20 19:01:32,2025-04-21 18:14:23,2025-04-22 05:51:07
VA-VSC-01050,Waco (349),Inter-Facility Transfer,2025-04-20 10:00:00,2025-04-26 02:45:13,2025-04-26 05:09:13,2025-04-26 22:32:49
VA-VSC-01051,Phoenix (344),Priority Group Upgrade,2025-04-20 10:00:00,2025-04-21 11:39:32,2025-04-30 01:59:43,2025-04-30 04:23:43
VA-VSC-01052,Waco (349),Inter-Facility Transfer,2025-04-20 11:00:00,2025-04-25 06:22:50,2025-04-27 19:02:13,2025-04-29 17:55:54
VA-VSC-01053,Muskogee (351),Priority Group Upgrade,2025-04-20 11:00:00,2025-04-21 09:16:51,2025-04-28 07:09:44,2025-04-28 10:09:12
VA-VSC-01054,St. Paul (335),New Enrollment,2025-04-20 14:00:00,2025-04-21 16:09:14,2025-04-23 13:36:06,2025-05-01 04:34:07
VA-VSC-01055,Muskogee (351),Combat Veteran Auto-Enroll,2025-04-20 16:00:00,2025-04-22 15:24:06,2025-04-23 03:02:23,2025-04-25 14:23:17
VA-VSC-01056,Waco (349),Priority Group Upgrade,2025-04-21 07:00:00,2025-04-28 06:22:09,2025-05-06 07:29:36,2025-05-09 17:50:32
VA-VSC-01057,St. Paul (335),Priority Group Upgrade,2025-04-21 08:00:00,2025-04-21 16:22:35,2025-04-27 19:39:41,2025-04-28 20:16:47
VA-VSC-01058,Waco (349),Priority Group Upgrade,2025-04-21 08:00:00,2025-04-27 22:55:59,2025-05-03 04:10:54,2025-05-03 09:45:40
VA-VSC-01059,Waco (349),Combat Veteran Auto-Enroll,2025-04-21 09:00:00,2025-04-28 11:01:34,2025-05-01 10:52:06,2025-05-04 06:29:32
VA-VSC-01060,Houston (362),Combat Veteran Auto-Enroll,2025-04-21 11:00:00,2025-04-21 18:59:52,2025-04-22 21:39:54,2025-04-23 07:26:11
VA-VSC-01061,Phoenix (344),New Enrollment,2025-04-21 11:00:00,2025-04-21 20:30:43,2025-04-22 22:38:11,2025-04-25 14:23:03
VA-VSC-01062,Muskogee (351),New Enrollment,2025-04-21 12:00:00,2025-04-21 14:51:49,2025-04-22 03:32:04,2025-04-27 08:54:59
VA-VSC-01063,St. Paul (335),Priority Group Upgrade,2025-04-21 13:00:00,2025-04-22 05:08:41,2025-04-29 12:18:13,2025-05-09 00:35:40
VA-VSC-01064,Waco (349),Priority Group Upgrade,2025-04-21 14:00:00,2025-04-28 19:31:47,2025-05-04 21:01:33,2025-05-05 10:57:57
VA-VSC-01065,Waco (349),New Enrollment,2025-04-21 14:00:00,2025-04-28 12:32:04,2025-04-30 02:26:38,2025-05-02 17:47:08
VA-VSC-01066,St. Paul (335),Combat Veteran Auto-Enroll,2025-04-21 14:00:00,2025-04-21 17:50:52,2025-04-22 05:31:24,2025-04-22 17:31:41
VA-VSC-01067,Waco (349),Priority Group Upgrade,2025-04-21 15:00:00,2025-04-26 20:56:24,2025-05-04 12:48:26,2025-05-07 00:50:35
VA-VSC-01068,Waco (349),New Enrollment,2025-04-21 15:00:00,2025-04-27 05:44:10,2025-04-27 11:26:09,2025-04-28 12:47:16
VA-VSC-01069,Waco (349),New Enrollment,2025-04-21 16:00:00,2025-04-28 09:36:23,2025-04-29 16:20:54,2025-04-29 20:51:35
VA-VSC-01070,Waco (349),New Enrollment,2025-04-21 16:00:00,2025-04-30 07:34:22,2025-05-05 08:55:10,2025-05-05 19:46:20
VA-VSC-01071,Waco (349),Inter-Facility Transfer,2025-04-21 16:00:00,2025-04-28 05:40:12,2025-04-28 19:43:49,2025-04-30 02:59:09
VA-VSC-01072,Waco (349),New Enrollment,2025-04-22 07:00:00,2025-04-27 07:38:36,2025-04-28 02:04:17,2025-05-03 09:36:29
VA-VSC-01073,Waco (349),New Enrollment,2025-04-22 07:00:00,2025-04-29 07:55:02,2025-05-01 01:55:41,2025-05-01 09:10:34
VA-VSC-01074,Waco (349),Priority Group Upgrade,2025-04-22 08:00:00,2025-04-27 12:57:50,2025-05-06 22:58:03,2025-05-08 15:09:48
VA-VSC-01075,Muskogee (351),New Enrollment,2025-04-22 09:00:00,2025-04-23 06:01:55,2025-04-24 10:35:37,2025-04-25 06:08:02
VA-VSC-01076,Waco (349),New Enrollment,2025-04-22 10:00:00,2025-04-27 22:23:49,2025-04-28 00:57:31,2025-04-28 08:29:09
VA-VSC-01077,Waco (349),New Enrollment,2025-04-22 10:00:00,2025-04-30 03:39:14,2025-04-30 09:10:25,2025-05-02 14:57:47
VA-VSC-01078,Houston (362),Priority Group Upgrade,2025-04-22 11:00:00,2025-04-23 01:17:33,2025-05-03 10:20:05,2025-05-06 07:49:28
VA-VSC-01079,Waco (349),Priority Group Upgrade,2025-04-22 12:00:00,2025-04-28 10:33:03,2025-05-09 00:31:21,2025-05-11 21:10:02
VA-VSC-01080,Muskogee (351),New Enrollment,2025-04-22 12:00:00,2025-04-24 08:50:23,2025-04-28 20:02:04,2025-04-29 18:43:36
VA-VSC-01081,St. Paul (335),,2025-04-22 13:00:00,2025-04-23 13:47:13,2025-04-23 17:02:06,2025-04-24 14:22:01
VA-VSC-01082,Waco (349),Inter-Facility Transfer,2025-04-22 14:00:00,2025-04-29 22:16:34,2025-05-02 15:11:35,2025-05-04 01:46:02
VA-VSC-01083,Waco (349),New Enrollment,2025-04-22 15:00:00,2025-04-29 02:20:56,2025-04-29 04:44:56,2025-04-30 10:43:36
VA-VSC-01084,Phoenix (344),New Enrollment,2025-04-22 16:00:00,2025-04-22 18:24:00,2025-04-23 14:51:07,2025-04-26 01:21:26
VA-VSC-01085,Muskogee (351),New Enrollment,2025-04-22 16:00:00,2025-04-23 09:27:08,2025-04-24 07:38:01,2025-04-26 12:49:15
VA-VSC-01086,Waco (349),Priority Group Upgrade,2025-04-23 08:00:00,2025-04-29 01:56:56,2025-05-10 12:50:53,2025-05-10 20:49:31
VA-VSC-01087,Houston (362),Combat Veteran Auto-Enroll,2025-04-23 10:00:00,2025-04-25 12:45:26,2025-04-27 21:12:14,2025-04-30 10:35:46
VA-VSC-01088,Waco (349),New Enrollment,2025-04-23 11:00:00,2025-04-27 21:10:11,2025-04-28 01:51:58,2025-04-28 13:35:52
VA-VSC-01089,Muskogee (351),Priority Group Upgrade,2025-04-23 12:00:00,2025-04-25 21:38:09,2025-05-05 08:20:07,2025-05-11 09:39:10
VA-VSC-01090,Waco (349),New Enrollment,2025-04-23 12:00:00,2025-04-28 23:24:50,2025-04-30 20:03:33,2025-05-02 21:36:58
VA-VSC-01091,Muskogee (351),New Enrollment,2025-04-23 12:00:00,2025-04-25 06:19:41,2025-04-25 22:21:52,2025-04-26 07:51:25
VA-VSC-01092,Houston (362),Combat Veteran Auto-Enroll,2025-04-23 13:00:00,2025-04-23 19:35:31,2025-04-23 21:59:31,2025-04-24 18:41:36
VA-VSC-01093,Houston (362),New Enrollment,2025-04-23 15:00:00,2025-04-23 17:46:17,2025-04-24 07:44:02,2025-04-26 07:13:35
VA-VSC-01094,Waco (349),Priority Group Upgrade,2025-04-24 09:00:00,2025-05-01 20:54:06,2025-05-10 10:12:47,2025-05-11 00:11:36
VA-VSC-01095,Waco (349),New Enrollment,2025-04-24 13:00:00,2025-05-03 12:19:25,2025-05-04 17:01:40,2025-05-05 02:42:01
VA-VSC-01096,Waco (349),Priority Group Upgrade,2025-04-24 13:00:00,2025-05-03 14:50:35,2025-05-12 05:47:21,2025-05-13 05:46:11
VA-VSC-01097,Waco (349),New Enrollment,2025-04-24 13:00:00,2025-05-02 02:12:41,2025-05-03 08:57:39,2025-05-03 20:59:47
VA-VSC-01098,Waco (349),Combat Veteran Auto-Enroll,2025-04-24 15:00:00,2025-04-30 01:20:02,2025-05-05 15:03:25,2025-05-07 11:58:51
VA-VSC-01099,St. Paul (335),New Enrollment,2025-04-24 15:00:00,2025-04-25 12:52:04,2025-04-26 09:02:17,2025-04-28 19:17:54
VA-VSC-01100,Waco (349),Combat Veteran Auto-Enroll,2025-04-25 07:00:00,2025-05-04 07:13:39,2025-05-05 08:42:53,2025-05-06 16:11:00
VA-VSC-01101,Waco (349),New Enrollment,2025-04-25 07:00:00,2025-05-02 00:00:43,2025-05-02 07:01:44,2025-05-07 21:28:28
VA-VSC-01102,Muskogee (351),Priority Group Upgrade,2025-04-25 08:00:00,2025-04-26 20:11:12,2025-05-04 11:28:16,2025-05-09 23:59:47
VA-VSC-01103,Phoenix (344),New Enrollment,2025-04-25 08:00:00,2025-04-26 12:07:22,2025-04-29 22:17:08,2025-04-30 07:05:47
VA-VSC-01104,Muskogee (351),Inter-Facility Transfer,2025-04-25 08:00:00,2025-04-26 12:22:46,2025-04-28 17:38:45,2025-04-29 08:51:36
VA-VSC-01105,Muskogee (351),New Enrollment,2025-04-25 09:00:00,2025-04-26 23:52:45,2025-04-29 06:08:22,2025-05-02 19:31:48
VA-VSC-01106,Waco (349),New Enrollment,2025-04-25 09:00:00,2025-04-30 15:19:12,2025-05-02 08:31:15,2025-05-03 01:56:02
VA-VSC-01107,Waco (349),Priority Group Upgrade,2025-04-25 09:00:00,2025-05-03 10:04:30,2025-05-12 12:19:02,2025-05-12 20:47:58
VA-VSC-01108,St. Paul (335),New Enrollment,2025-04-25 09:00:00,2025-04-25 11:24:00,2025-04-25 13:52:02,2025-04-26 19:13:10
VA-VSC-01109,Houston (362),New Enrollment,2025-04-25 14:00:00,2025-04-27 04:32:39,2025-04-27 10:43:22,2025-04-28 01:56:16
VA-VSC-01110,Waco (349),Inter-Facility Transfer,2025-04-26 09:00:00,2025-05-02 04:22:32,2025-05-02 22:42:30,2025-05-03 10:56:35
VA-VSC-01111,St. Paul (335),Inter-Facility Transfer,2025-04-26 09:00:00,2025-04-26 21:31:18,2025-04-28 20:27:50,2025-04-30 17:47:08
VA-VSC-01112,Waco (349),New Enrollment,2025-04-26 10:00:00,2025-05-01 10:32:51,2025-05-02 23:06:08,2025-05-04 06:13:18
VA-VSC-01113,Waco (349),Inter-Facility Transfer,2025-04-26 10:00:00,2025-05-03 10:33:09,2025-05-05 09:48:12,2025-05-05 21:49:19
VA-VSC-01114,Waco (349),Priority Group Upgrade,2025-04-26 12:00:00,2025-05-03 21:59:51,2025-05-10 04:01:15,2025-05-12 10:32:47
VA-VSC-01115,Houston (362),New Enrollment,2025-04-26 13:00:00,2025-04-27 14:24:21,2025-04-28 04:14:17,2025-04-29 13:28:47
VA-VSC-01116,Houston (362),Priority Group Upgrade,2025-04-26 15:00:00,2025-04-27 04:29:25,2025-05-01 19:47:52,2025-05-03 03:51:01
VA-VSC-01117,Waco (349),Priority Group Upgrade,2025-04-26 16:00:00,2025-04-30 21:27:30,2025-05-07 11:18:44,2025-05-07 23:28:15
VA-VSC-01118,Phoenix (344),Inter-Facility Transfer,2025-04-27 07:00:00,2025-04-27 09:24:00,2025-04-27 14:46:48,2025-04-27 18:43:55
VA-VSC-01119,Waco (349),New Enrollment,2025-04-27 08:00:00,2025-05-04 06:33:33,2025-05-04 13:59:43,2025-05-05 23:07:41
VA-VSC-01120,Waco (349),Priority Group Upgrade,2025-04-27 09:00:00,2025-05-04 23:02:58,2025-05-13 04:59:33,2025-05-13 23:32:20
VA-VSC-01121,Phoenix (344),New Enrollment,2025-04-27 10:00:00,2025-04-28 02:21:31,2025-04-30 11:05:51,2025-05-02 15:07:08
VA-VSC-01122,Muskogee (351),New Enrollment,2025-04-27 11:00:00,2025-04-28 02:13:17,2025-04-29 03:27:46,2025-05-05 23:29:58
VA-VSC-01123,Phoenix (344),New Enrollment,2025-04-27 13:00:00,2025-04-28 20:12:23,2025-05-02 08:56:39,2025-05-02 18:23:50
VA-VSC-01124,St. Paul (335),Inter-Facility Transfer,2025-04-27 14:00:00,2025-04-28 09:00:46,2025-05-01 23:10:03,2025-05-02 17:51:50
VA-VSC-01125,Houston (362),Combat Veteran Auto-Enroll,2025-04-27 16:00:00,2025-05-01 18:49:46,2025-05-01 22:30:20,2025-05-06 14:19:46
VA-VSC-01126,Houston (362),Combat Veteran Auto-Enroll,2025-04-27 16:00:00,2025-04-28 08:58:05,2025-04-28 11:43:33,2025-05-02 17:18:27
VA-VSC-01127,Waco (349),Priority Group Upgrade,2025-04-28 08:00:00,2025-05-03 16:11:59,2025-05-08 07:50:09,2025-05-08 14:50:30
VA-VSC-01128,Waco (349),New Enrollment,2025-04-28 09:00:00,2025-05-02 22:10:44,2025-05-04 23:22:40,2025-05-05 05:24:28
VA-VSC-01129,Waco (349),New Enrollment,2025-04-28 10:00:00,2025-05-03 19:18:44,2025-05-06 21:39:11,2025-05-08 08:00:02
VA-VSC-01130,Waco (349),New Enrollment,2025-04-28 10:00:00,2025-05-04 05:46:55,2025-05-05 11:36:56,2025-05-08 16:16:39
VA-VSC-01131,St. Paul (335),New Enrollment,2025-04-28 11:00:00,2025-04-29 12:47:46,2025-04-30 16:47:52,2025-05-01 06:34:24
VA-VSC-01132,Waco (349),Combat Veteran Auto-Enroll,2025-04-28 12:00:00,2025-05-03 06:10:15,2025-05-08 07:46:47,2025-05-08 20:59:31
VA-VSC-01133,Waco (349),Priority Group Upgrade,2025-04-28 12:00:00,2025-05-07 02:19:57,2025-05-14 17:09:51,2025-05-14 23:28:49
VA-VSC-01134,Waco (349),New Enrollment,2025-04-28 13:00:00,2025-05-05 13:45:55,2025-05-08 13:25:37,2025-05-09 03:38:56
VA-VSC-01135,Houston (362),New Enrollment,2025-04-28 14:00:00,2025-05-01 14:59:23,2025-05-02 14:56:12,2025-05-04 15:56:03
VA-VSC-01136,Waco (349),New Enrollment,2025-04-28 14:00:00,2025-05-03 22:49:40,2025-05-04 09:20:22,2025-05-05 01:01:19
VA-VSC-01137,Phoenix (344),New Enrollment,2025-04-28 14:00:00,2025-04-28 16:49:36,2025-04-29 04:38:16,2025-04-29 23:13:43
VA-VSC-01138,Waco (349),Inter-Facility Transfer,2025-04-28 15:00:00,2025-05-10 06:34:06,2025-05-11 22:19:41,2025-05-13 00:58:29
VA-VSC-01139,Waco (349),Priority Group Upgrade,2025-04-29 07:00:00,2025-05-04 01:42:32,2025-05-12 02:54:39,2025-05-12 07:57:40
VA-VSC-01140,Houston (362),Combat Veteran Auto-Enroll,2025-04-29 07:00:00,2025-05-02 11:08:00,2025-05-04 04:31:08,2025-05-06 07:39:38
VA-VSC-01141,Phoenix (344),Priority Group Upgrade,2025-04-29 10:00:00,2025-04-30 09:21:02,2025-05-07 01:14:55,2025-05-08 23:48:19
VA-VSC-01142,Waco (349),New Enrollment,2025-04-29 11:00:00,2025-05-04 22:13:56,2025-05-05 03:53:21,2025-05-07 12:02:37
VA-VSC-01143,Houston (362),New Enrollment,2025-04-29 11:00:00,2025-05-01 12:01:13,2025-05-03 02:52:11,2025-05-05 02:43:22
VA-VSC-01144,Houston (362),Combat Veteran Auto-Enroll,2025-04-29 13:00:00,2025-04-30 04:35:56,2025-04-30 22:45:58,2025-05-03 07:01:25
VA-VSC-01145,Waco (349),,2025-04-29 15:00:00,2025-05-06 00:34:02,2025-05-07 02:15:48,2025-05-14 01:25:23
VA-VSC-01146,Phoenix (344),New Enrollment,2025-04-30 08:00:00,2025-05-04 01:45:45,2025-05-04 20:54:21,2025-05-08 07:22:57
VA-VSC-01147,St. Paul (335),Priority Group Upgrade,2025-04-30 08:00:00,2025-05-01 06:34:09,2025-05-10 08:26:30,2025-05-10 11:09:18
VA-VSC-01148,Houston (362),Priority Group Upgrade,2025-04-30 11:00:00,2025-05-02 06:37:27,2025-05-11 06:53:04,2025-05-11 15:14:58
VA-VSC-01149,Phoenix (344),Priority Group Upgrade,2025-04-30 12:00:00,2025-05-01 00:47:00,2025-05-04 11:45:50,2025-05-05 05:59:18
VA-VSC-01150,Phoenix (344),Inter-Facility Transfer,2025-04-30 14:00:00,2025-05-01 13:41:23,2025-05-02 10:28:01,2025-05-03 02:40:42
VA-VSC-01151,St. Paul (335),Priority Group Upgrade,2025-04-30 14:00:00,2025-04-30 16:53:15,2025-05-12 09:43:13,2025-05-12 12:07:13
VA-VSC-01152,Phoenix (344),Priority Group Upgrade,2025-05-01 08:00:00,2025-05-01 10:24:00,2025-05-10 23:30:40,2025-05-22 11:24:59
VA-VSC-01153,Houston (362),New Enrollment,2025-05-01 09:00:00,2025-05-01 16:47:06,2025-05-01 19:11:06,2025-05-01 21:35:06
VA-VSC-01154,Houston (362),New Enrollment,2025-05-01 09:00:00,2025-05-02 12:15:53,2025-05-02 14:39:53,2025-05-12 17:21:41
VA-VSC-01155,Houston (362),New Enrollment,2025-05-01 10:00:00,2025-05-01 15:50:04,2025-05-03 12:29:09,2025-05-03 20:34:24
VA-VSC-01156,St. Paul (335),New Enrollment,2025-05-01 11:00:00,2025-05-02 09:22:11,2025-05-02 12:23:43,2025-05-05 10:16:20
VA-VSC-01157,Waco (349),Priority Group Upgrade,2025-05-01 11:00:00,2025-05-09 01:42:37,2025-05-17 01:22:09,2025-05-20 19:58:50
VA-VSC-01158,Phoenix (344),Priority Group Upgrade,2025-05-01 12:00:00,2025-05-04 11:33:01,2025-05-14 20:11:18,2025-05-15 00:04:31
VA-VSC-01159,Phoenix (344),New Enrollment,2025-05-01 12:00:00,2025-05-01 15:42:46,2025-05-08 06:03:48,2025-05-09 14:09:31
VA-VSC-01160,Waco (349),Combat Veteran Auto-Enroll,2025-05-01 13:00:00,2025-05-07 19:08:22,2025-05-09 23:59:43,2025-05-10 14:43:37
VA-VSC-01161,Phoenix (344),New Enrollment,2025-05-02 07:00:00,2025-05-04 03:10:13,2025-05-04 14:42:00,2025-05-05 15:20:58
VA-VSC-01162,Waco (349),New Enrollment,2025-05-02 12:00:00,2025-05-08 19:09:46,2025-05-09 19:29:36,2025-05-10 04:17:07
VA-VSC-01163,Waco (349),New Enrollment,2025-05-02 15:00:00,2025-05-08 12:39:12,2025-05-09 14:23:29,2025-05-11 02:48:27
VA-VSC-01164,St. Paul (335),New Enrollment,2025-05-02 16:00:00,2025-05-02 23:33:23,2025-05-04 14:43:35,2025-05-07 19:20:21
VA-VSC-01165,Waco (349),New Enrollment,2025-05-03 07:00:00,2025-05-10 07:39:21,2025-05-11 20:58:12,2025-05-12 04:35:54
VA-VSC-01166,St. Paul (335),Priority Group Upgrade,2025-05-03 10:00:00,2025-05-03 22:03:03,2025-05-17 00:13:38,2025-05-21 20:30:41
VA-VSC-01167,Phoenix (344),New Enrollment,2025-05-03 10:00:00,2025-05-05 17:25:06,2025-05-10 12:01:08,2025-05-11 20:19:43
VA-VSC-01168,Waco (349),Inter-Facility Transfer,2025-05-03 10:00:00,2025-05-10 05:01:36,2025-05-11 00:22:02,2025-05-11 03:57:11
VA-VSC-01169,Waco (349),New Enrollment,2025-05-03 12:00:00,2025-05-08 04:27:00,2025-05-10 12:44:27,2025-05-13 19:10:52
VA-VSC-01170,Waco (349),New Enrollment,2025-05-03 12:00:00,2025-05-08 22:38:10,2025-05-12 09:36:26,2025-05-13 18:34:17
VA-VSC-01171,Houston (362),New Enrollment,2025-05-03 13:00:00,2025-05-05 05:55:36,2025-05-05 08:19:36,2025-05-06 10:12:42
VA-VSC-01172,Muskogee (351),Priority Group Upgrade,2025-05-03 14:00:00,2025-05-04 22:18:06,2025-05-11 21:08:21,2025-05-12 16:03:49
VA-VSC-01173,Houston (362),New Enrollment,2025-05-03 15:00:00,2025-05-07 20:51:26,2025-05-10 12:01:39,2025-05-17 20:22:32
VA-VSC-01174,Waco (349),Combat Veteran Auto-Enroll,2025-05-03 15:00:00,2025-05-10 08:59:34,2025-05-13 06:33:29,2025-05-14 23:52:36
VA-VSC-01175,Houston (362),Priority Group Upgrade,2025-05-03 16:00:00,2025-05-04 13:02:01,2025-05-13 21:54:37,2025-05-17 07:42:55
VA-VSC-01176,Waco (349),Priority Group Upgrade,2025-05-03 16:00:00,2025-05-09 15:37:41,2025-05-15 08:35:42,2025-05-18 07:19:36
VA-VSC-01177,St. Paul (335),Priority Group Upgrade,2025-05-04 10:00:00,2025-05-04 12:24:00,2025-05-12 14:43:27,2025-05-13 01:28:26
VA-VSC-01178,Waco (349),New Enrollment,2025-05-04 12:00:00,2025-05-09 07:48:00,2025-05-11 06:24:27,2025-05-12 05:21:05
VA-VSC-01179,St. Paul (335),New Enrollment,2025-05-04 12:00:00,2025-05-05 05:23:14,2025-05-06 18:04:07,2025-05-10 22:50:16
VA-VSC-01180,Waco (349),New Enrollment,2025-05-04 14:00:00,2025-05-11 03:04:00,2025-05-11 19:54:07,2025-05-15 20:44:35
VA-VSC-01181,Muskogee (351),Priority Group Upgrade,2025-05-04 15:00:00,2025-05-05 01:41:48,2025-05-14 16:58:15,2025-05-15 21:14:10
VA-VSC-01182,Waco (349),New Enrollment,2025-05-05 08:00:00,2025-05-15 07:53:34,2025-05-15 20:02:37,2025-05-16 11:44:03
VA-VSC-01183,Houston (362),New Enrollment,2025-05-05 10:00:00,2025-05-06 02:43:25,2025-05-06 18:37:00,2025-05-09 10:36:23
VA-VSC-01184,Muskogee (351),Inter-Facility Transfer,2025-05-05 11:00:00,2025-05-06 16:33:50,2025-05-08 19:46:43,2025-05-12 06:06:00
VA-VSC-01185,Waco (349),New Enrollment,2025-05-05 11:00:00,2025-05-14 09:45:09,2025-05-15 06:02:53,2025-05-23 14:40:31
VA-VSC-01186,Muskogee (351),Combat Veteran Auto-Enroll,2025-05-05 12:00:00,2025-05-06 09:59:28,2025-05-08 23:06:34,2025-05-10 06:12:02
VA-VSC-01187,Houston (362),Combat Veteran Auto-Enroll,2025-05-05 15:00:00,2025-05-07 11:07:37,2025-05-11 10:56:50,2025-05-14 02:12:17
VA-VSC-01188,Waco (349),New Enrollment,2025-05-06 07:00:00,2025-05-12 03:56:14,2025-05-12 06:26:26,2025-05-12 17:26:59
VA-VSC-01189,Waco (349),New Enrollment,2025-05-06 08:00:00,2025-05-15 08:17:00,2025-05-17 02:49:05,2025-05-18 18:23:00
VA-VSC-01190,St. Paul (335),New Enrollment,2025-05-06 08:00:00,2025-05-06 21:16:01,2025-05-07 22:08:32,2025-05-08 09:32:44
VA-VSC-01191,Waco (349),Priority Group Upgrade,2025-05-06 12:00:00,2025-05-11 16:29:55,2025-05-20 00:58:53,2025-05-21 19:18:04
VA-VSC-01192,Houston (362),Priority Group Upgrade,2025-05-06 13:00:00,2025-05-09 07:24:45,2025-05-14 00:38:16,2025-05-17 22:07:29
VA-VSC-01193,Waco (349),Combat Veteran Auto-Enroll,2025-05-06 14:00:00,2025-05-17 14:19:29,2025-05-17 17:48:53,2025-05-17 22:38:57
VA-VSC-01194,Houston (362),Inter-Facility Transfer,2025-05-06 14:00:00,2025-05-07 05:58:54,2025-05-07 20:12:31,2025-05-09 21:22:50
VA-VSC-01195,Waco (349),,2025-05-06 15:00:00,2025-05-10 23:23:40,2025-05-21 03:40:06,2025-05-21 16:20:37
VA-VSC-01196,Phoenix (344),New Enrollment,2025-05-07 08:00:00,2025-05-14 00:08:26,2025-05-14 02:32:26,2025-05-16 03:31:53
VA-VSC-01197,Muskogee (351),New Enrollment,2025-05-07 11:00:00,2025-05-09 21:41:20,2025-05-11 13:50:59,2025-05-12 11:28:37
VA-VSC-01198,Muskogee (351),Combat Veteran Auto-Enroll,2025-05-07 11:00:00,2025-05-11 06:30:40,2025-05-14 15:08:39,2025-05-15 18:27:37
VA-VSC-01199,St. Paul (335),New Enrollment,2025-05-07 14:00:00,2025-05-08 14:31:48,2025-05-13 17:54:21,2025-05-21 20:15:30
VA-VSC-01200,Waco (349),New Enrollment,2025-05-07 14:00:00,2025-05-12 13:29:32,2025-05-15 09:09:29,2025-05-16 02:24:52
VA-VSC-01201,St. Paul (335),Priority Group Upgrade,2025-05-07 15:00:00,2025-05-08 04:23:22,2025-05-15 02:50:43,2025-05-15 14:06:37
VA-VSC-01202,Waco (349),New Enrollment,2025-05-07 16:00:00,2025-05-15 10:37:30,2025-05-16 05:11:23,2025-05-17 03:36:38
VA-VSC-01203,Waco (349),Inter-Facility Transfer,2025-05-08 10:00:00,2025-05-18 11:44:35,2025-05-21 08:54:20,2025-05-22 08:28:19
VA-VSC-01204,Waco (349),Priority Group Upgrade,2025-05-08 12:00:00,2025-05-15 15:20:45,2025-05-25 00:48:17,2025-05-26 00:33:10
VA-VSC-01205,Waco (349),New Enrollment,2025-05-09 07:00:00,2025-05-15 21:33:25,2025-05-17 04:17:22,2025-05-24 22:20:00
VA-VSC-01206,St. Paul (335),Inter-Facility Transfer,2025-05-09 10:00:00,2025-05-10 03:22:56,2025-05-14 07:16:28,2025-05-19 05:14:28
VA-VSC-01207,Houston (362),New Enrollment,2025-05-09 11:00:00,2025-05-09 19:25:48,2025-05-10 13:55:44,2025-05-12 15:24:38
VA-VSC-01208,Waco (349),New Enrollment,2025-05-09 12:00:00,2025-05-15 01:12:17,2025-05-15 04:50:11,2025-05-25 08:02:50
VA-VSC-01209,Waco (349),New Enrollment,2025-05-09 12:00:00,2025-05-17 11:33:21,2025-05-17 14:51:18,2025-05-18 23:40:38
VA-VSC-01210,Muskogee (351),New Enrollment,2025-05-09 12:00:00,2025-05-12 16:55:52,2025-05-16 02:37:15,2025-05-16 22:22:32
VA-VSC-01211,Waco (349),Priority Group Upgrade,2025-05-09 13:00:00,2025-05-15 13:28:28,2025-05-22 09:54:22,2025-05-23 05:51:05
VA-VSC-01212,Waco (349),New Enrollment,2025-05-09 13:00:00,2025-05-15 02:12:52,2025-05-15 04:36:52,2025-05-15 09:26:11
VA-VSC-01213,Waco (349),New Enrollment,2025-05-09 14:00:00,2025-05-14 08:36:00,2025-05-14 21:07:30,2025-05-15 12:38:22
VA-VSC-01214,St. Paul (335),New Enrollment,2025-05-10 07:00:00,2025-05-12 17:36:52,2025-05-12 23:15:22,2025-05-14 08:05:36
VA-VSC-01215,Houston (362),Combat Veteran Auto-Enroll,2025-05-10 09:00:00,2025-05-14 00:57:06,2025-05-15 12:15:46,2025-05-18 00:53:19
VA-VSC-01216,Waco (349),Combat Veteran Auto-Enroll,2025-05-10 10:00:00,2025-05-15 06:33:07,2025-05-15 08:57:07,2025-05-17 10:48:56
VA-VSC-01217,Waco (349),New Enrollment,2025-05-10 10:00:00,2025-05-16 13:44:43,2025-05-20 06:37:43,2025-05-20 17:38:44
VA-VSC-01218,Houston (362),New Enrollment,2025-05-10 11:00:00,2025-05-11 04:48:17,2025-05-12 03:03:40,2025-05-15 10:58:08
VA-VSC-01219,Houston (362),New Enrollment,2025-05-10 12:00:00,2025-05-12 14:07:40,2025-05-14 17:23:40,2025-05-15 15:13:37
VA-VSC-01220,Waco (349),New Enrollment,2025-05-10 12:00:00,2025-05-18 00:43:48,2025-05-18 16:12:35,2025-05-20 22:52:16
VA-VSC-01221,Muskogee (351),Combat Veteran Auto-Enroll,2025-05-10 12:00:00,2025-05-11 10:18:48,2025-05-11 16:11:25,2025-05-12 21:52:27
VA-VSC-01222,Waco (349),Priority Group Upgrade,2025-05-10 16:00:00,2025-05-15 21:24:13,2025-05-26 20:50:51,2025-05-27 18:45:44
VA-VSC-01223,Waco (349),New Enrollment,2025-05-11 10:00:00,2025-05-17 06:28:48,2025-05-17 14:08:24,2025-05-17 21:28:27
VA-VSC-01224,Muskogee (351),New Enrollment,2025-05-11 10:00:00,2025-05-12 03:22:18,2025-05-12 05:46:18,2025-05-13 10:02:14
VA-VSC-01225,Waco (349),New Enrollment,2025-05-11 11:00:00,2025-05-21 19:50:10,2025-05-23 11:45:35,2025-05-26 08:13:06
VA-VSC-01226,Houston (362),Priority Group Upgrade,2025-05-11 11:00:00,2025-05-11 20:42:39,2025-05-19 18:24:40,2025-05-20 04:00:45
VA-VSC-01227,Waco (349),New Enrollment,2025-05-11 11:00:00,2025-05-16 17:42:45,2025-05-18 01:38:21,2025-05-19 12:16:39
VA-VSC-01228,Waco (349),Inter-Facility Transfer,2025-05-11 13:00:00,2025-05-17 21:28:59,2025-05-20 06:01:32,2025-05-21 18:04:12
VA-VSC-01229,Muskogee (351),Combat Veteran Auto-Enroll,2025-05-11 15:00:00,2025-05-12 05:48:48,2025-05-12 08:12:48,2025-05-15 03:24:36
VA-VSC-01230,Waco (349),New Enrollment,2025-05-11 15:00:00,2025-05-19 07:03:20,2025-05-20 17:54:57,2025-05-24 15:07:04
VA-VSC-01231,Phoenix (344),Priority Group Upgrade,2025-05-11 16:00:00,2025-05-11 18:24:00,2025-05-19 22:25:00,2025-05-21 07:01:50
VA-VSC-01232,Waco (349),Inter-Facility Transfer,2025-05-12 10:00:00,2025-05-16 07:54:27,2025-05-18 02:37:04,2025-05-26 22:43:28
VA-VSC-01233,Waco (349),Priority Group Upgrade,2025-05-12 10:00:00,2025-05-18 08:22:50,2025-05-23 16:42:38,2025-05-27 19:42:48
VA-VSC-01234,Waco (349),New Enrollment,2025-05-12 14:00:00,2025-05-17 07:39:27,2025-05-17 10:03:27,2025-05-18 16:59:49
VA-VSC-01235,Houston (362),New Enrollment,2025-05-12 16:00:00,2025-05-12 18:24:00,2025-05-14 16:01:52,2025-05-15 14:21:21
VA-VSC-01236,Waco (349),Combat Veteran Auto-Enroll,2025-05-13 07:00:00,2025-05-18 13:38:25,2025-05-19 17:58:38,2025-05-27 00:43:06
VA-VSC-01237,Phoenix (344),Priority Group Upgrade,2025-05-13 07:00:00,2025-05-15 02:12:20,2025-05-26 23:38:51,2025-05-31 10:21:36
VA-VSC-01238,Waco (349),Priority Group Upgrade,2025-05-13 08:00:00,2025-05-18 14:04:49,2025-05-28 07:46:47,2025-05-29 00:58:14
VA-VSC-01239,Muskogee (351),Combat Veteran Auto-Enroll,2025-05-13 09:00:00,2025-05-16 12:19:06,2025-05-21 11:46:56,2025-05-21 19:19:45
VA-VSC-01240,Waco (349),Combat Veteran Auto-Enroll,2025-05-13 09:00:00,2025-05-23 01:18:33,2025-05-23 04:32:08,2025-05-23 16:22:25
VA-VSC-01241,Phoenix (344),Inter-Facility Transfer,2025-05-13 09:00:00,2025-05-14 04:18:40,2025-05-15 09:05:25,2025-05-17 17:59:49
VA-VSC-01242,St. Paul (335),New Enrollment,2025-05-13 09:00:00,2025-05-17 12:23:44,2025-05-19 19:27:24,2025-05-20 07:38:21
VA-VSC-01243,St. Paul (335),Priority Group Upgrade,2025-05-13 10:00:00,2025-05-13 20:23:44,2025-05-20 08:54:32,2025-05-22 10:32:44
VA-VSC-01244,Phoenix (344),Priority Group Upgrade,2025-05-13 10:00:00,2025-05-13 15:44:29,2025-05-21 18:56:06,2025-05-26 04:04:05
VA-VSC-01245,St. Paul (335),Combat Veteran Auto-Enroll,2025-05-13 10:00:00,2025-05-14 00:35:42,2025-05-14 03:21:50,2025-05-15 01:00:04
VA-VSC-01246,Houston (362),Priority Group Upgrade,2025-05-13 11:00:00,2025-05-14 02:06:06,2025-05-20 12:48:30,2025-05-21 07:38:07
VA-VSC-01247,Waco (349),New Enrollment,2025-05-13 12:00:00,2025-05-18 17:13:39,2025-05-21 00:12:48,2025-05-23 20:30:24
VA-VSC-01248,Waco (349),Combat Veteran Auto-Enroll,2025-05-13 13:00:00,2025-05-22 03:54:41,2025-05-23 05:29:41,2025-05-23 21:06:39
VA-VSC-01249,Muskogee (351),Priority Group Upgrade,2025-05-13 13:00:00,2025-05-13 23:23:33,2025-05-22 19:50:30,2025-05-23 03:21:39
VA-VSC-01250,Houston (362),New Enrollment,2025-05-13 13:00:00,2025-05-13 18:50:27,2025-05-17 06:20:30,2025-05-18 16:13:39
VA-VSC-01251,St. Paul (335),Priority Group Upgrade,2025-05-13 14:00:00,2025-05-13 16:24:00,2025-05-20 20:09:25,2025-05-21 13:53:49
VA-VSC-01252,Waco (349),New Enrollment,2025-05-14 07:00:00,2025-05-18 13:59:54,2025-05-19 03:19:11,2025-05-19 06:17:11
VA-VSC-01253,Waco (349),New Enrollment,2025-05-14 08:00:00,2025-05-24 16:16:04,2025-05-25 01:56:14,2025-05-25 15:03:32
VA-VSC-01254,Waco (349),New Enrollment,2025-05-14 08:00:00,2025-05-20 10:31:19,2025-05-23 09:08:13,2025-05-24 08:37:56
VA-VSC-01255,Houston (362),New Enrollment,2025-05-14 08:00:00,2025-05-14 14:19:09,2025-05-15 04:43:01,2025-05-17 01:50:06
VA-VSC-01256,Waco (349),Priority Group Upgrade,2025-05-14 10:00:00,2025-05-20 23:27:18,2025-05-27 06:05:10,2025-05-27 19:03:58
VA-VSC-01257,Waco (349),Priority Group Upgrade,2025-05-14 10:00:00,2025-05-21 16:42:20,2025-05-30 11:03:09,2025-06-01 18:41:18
VA-VSC-01258,Waco (349),Priority Group Upgrade,2025-05-14 11:00:00,2025-05-20 13:14:23,2025-05-26 07:39:17,2025-06-02 16:40:20
VA-VSC-01259,Waco (349),Combat Veteran Auto-Enroll,2025-05-14 13:00:00,2025-05-22 00:48:27,2025-05-23 04:14:09,2025-05-23 12:52:43
VA-VSC-01260,Houston (362),New Enrollment,2025-05-14 13:00:00,2025-05-15 05:09:48,2025-05-16 00:04:46,2025-05-18 13:10:17
VA-VSC-01261,Waco (349),New Enrollment,2025-05-14 15:00:00,2025-05-21 15:10:19,2025-05-24 05:16:51,2025-05-25 00:13:39
VA-VSC-01262,St. Paul (335),Combat Veteran Auto-Enroll,2025-05-15 07:00:00,2025-05-16 11:16:40,2025-05-17 00:32:00,2025-05-17 23:57:42
VA-VSC-01263,Waco (349),New Enrollment,2025-05-15 08:00:00,2025-05-20 12:45:47,2025-05-21 21:16:55,2025-05-22 16:41:35
VA-VSC-01264,Waco (349),Inter-Facility Transfer,2025-05-15 08:00:00,2025-05-20 20:14:47,2025-05-22 03:27:30,2025-05-22 11:01:02
VA-VSC-01265,Waco (349),Combat Veteran Auto-Enroll,2025-05-15 08:00:00,2025-05-20 05:58:58,2025-05-21 08:06:20,2025-05-22 18:01:49
VA-VSC-01266,Waco (349),Priority Group Upgrade,2025-05-15 09:00:00,2025-05-20 17:43:00,2025-05-25 14:55:15,2025-05-31 11:26:39
VA-VSC-01267,Waco (349),Inter-Facility Transfer,2025-05-15 11:00:00,2025-05-22 12:07:07,2025-05-24 23:03:55,2025-05-25 21:53:35
VA-VSC-01268,Waco (349),New Enrollment,2025-05-15 12:00:00,2025-05-22 16:58:13,2025-05-22 19:22:13,2025-05-26 07:41:13
VA-VSC-01269,Houston (362),New Enrollment,2025-05-15 12:00:00,2025-05-17 06:53:35,2025-05-18 22:43:40,2025-05-21 19:14:01
VA-VSC-01270,Waco (349),Priority Group Upgrade,2025-05-15 13:00:00,2025-05-24 15:08:33,2025-05-31 18:46:34,2025-05-31 22:06:59
VA-VSC-01271,Houston (362),New Enrollment,2025-05-15 15:00:00,2025-05-16 01:02:11,2025-05-17 08:51:40,2025-05-18 02:38:45
VA-VSC-01272,Phoenix (344),Inter-Facility Transfer,2025-05-16 07:00:00,2025-05-17 16:18:19,2025-05-20 06:26:15,2025-05-21 08:37:15
VA-VSC-01273,St. Paul (335),New Enrollment,2025-05-16 08:00:00,2025-05-19 02:21:15,2025-05-19 05:20:58,2025-05-22 21:20:51
VA-VSC-01274,Waco (349),Priority Group Upgrade,2025-05-16 09:00:00,2025-05-24 15:02:26,2025-05-30 13:10:45,2025-05-31 06:12:42
VA-VSC-01275,Waco (349),Priority Group Upgrade,2025-05-16 10:00:00,2025-05-23 13:08:00,2025-05-28 12:18:14,2025-05-30 07:24:17
VA-VSC-01276,Waco (349),Priority Group Upgrade,2025-05-16 10:00:00,2025-05-29 00:14:04,2025-06-03 15:00:43,2025-06-09 12:31:21
VA-VSC-01277,Waco (349),New Enrollment,2025-05-16 11:00:00,2025-05-22 03:12:30,2025-05-24 01:38:42,2025-05-26 03:14:00
VA-VSC-01278,Muskogee (351),New Enrollment,2025-05-16 12:00:00,2025-05-16 22:14:20,2025-05-17 03:27:35,2025-05-18 05:49:09
VA-VSC-01279,Waco (349),Combat Veteran Auto-Enroll,2025-05-16 13:00:00,2025-05-21 03:25:10,2025-05-21 14:25:03,2025-05-22 12:41:49
VA-VSC-01280,Waco (349),New Enrollment,2025-05-16 13:00:00,2025-05-24 11:48:55,2025-05-26 20:26:18,2025-05-28 00:30:22
VA-VSC-01281,Houston (362),Combat Veteran Auto-Enroll,2025-05-16 16:00:00,2025-05-17 04:00:12,2025-05-19 02:35:37,2025-05-21 09:48:51
VA-VSC-01282,St. Paul (335),Priority Group Upgrade,2025-05-17 07:00:00,2025-05-18 10:47:52,2025-05-29 06:51:59,2025-05-31 14:00:31
VA-VSC-01283,Houston (362),Combat Veteran Auto-Enroll,2025-05-17 08:00:00,2025-05-17 21:58:45,2025-05-20 23:10:20,2025-05-21 07:40:23
VA-VSC-01284,Waco (349),,2025-05-17 09:00:00,2025-05-23 05:27:39,2025-06-01 16:09:11,2025-06-01 22:33:51
VA-VSC-01285,Waco (349),New Enrollment,2025-05-17 09:00:00,2025-05-23 09:33:26,2025-05-24 05:50:36,2025-05-26 10:51:02
VA-VSC-01286,Waco (349),Priority Group Upgrade,2025-05-17 10:00:00,2025-05-22 09:02:38,2025-05-30 13:23:52,2025-06-01 16:45:05
VA-VSC-01287,Waco (349),Combat Veteran Auto-Enroll,2025-05-17 13:00:00,2025-05-24 02:07:38,2025-05-28 02:39:03,2025-05-28 08:40:27
VA-VSC-01288,Waco (349),New Enrollment,2025-05-17 13:00:00,2025-05-24 20:59:13,2025-05-25 10:23:50,2025-05-25 17:26:48
VA-VSC-01289,Waco (349),Inter-Facility Transfer,2025-05-18 08:00:00,2025-05-27 09:35:28,2025-05-29 10:49:01,2025-06-05 13:18:29
VA-VSC-01290,Waco (349),Priority Group Upgrade,2025-05-18 08:00:00,2025-05-25 03:42:59,2025-05-30 17:57:01,2025-05-31 13:47:14
VA-VSC-01291,Waco (349),New Enrollment,2025-05-18 08:00:00,2025-05-25 11:37:11,2025-05-26 16:37:41,2025-05-27 05:00:07
VA-VSC-01292,Waco (349),New Enrollment,2025-05-18 09:00:00,2025-05-24 12:10:21,2025-05-25 06:18:30,2025-05-29 16:19:09
VA-VSC-01293,Houston (362),Inter-Facility Transfer,2025-05-18 10:00:00,2025-05-19 07:09:26,2025-05-19 22:32:04,2025-05-20 12:34:44
VA-VSC-01294,Houston (362),New Enrollment,2025-05-18 11:00:00,2025-05-18 19:01:52,2025-05-18 22:48:53,2025-05-22 08:23:28
VA-VSC-01295,St. Paul (335),Combat Veteran Auto-Enroll,2025-05-18 13:00:00,2025-05-18 15:36:37,2025-05-19 04:03:24,2025-05-19 06:27:24
VA-VSC-01296,Waco (349),Combat Veteran Auto-Enroll,2025-05-18 13:00:00,2025-05-23 09:40:03,2025-05-23 12:04:03,2025-05-24 05:45:38
VA-VSC-01297,Waco (349),New Enrollment,2025-05-19 07:00:00,2025-05-26 11:05:14,2025-05-26 22:40:25,2025-05-30 03:23:57
VA-VSC-01298,Waco (349),New Enrollment,2025-05-19 08:00:00,2025-05-30 10:00:10,2025-05-31 01:24:10,2025-05-31 03:48:10
VA-VSC-01299,Houston (362),Priority Group Upgrade,2025-05-19 11:00:00,2025-05-20 21:26:06,2025-05-31 08:22:34,2025-06-04 16:32:13
VA-VSC-01300,St. Paul (335),New Enrollment,2025-05-19 13:00:00,2025-05-21 09:43:05,2025-05-22 08:55:40,2025-05-23 02:36:32
VA-VSC-01301,Waco (349),Combat Veteran Auto-Enroll,2025-05-19 13:00:00,2025-05-26 01:45:22,2025-05-27 02:51:32,2025-05-29 00:05:24
VA-VSC-01302,Muskogee (351),New Enrollment,2025-05-20 08:00:00,2025-05-21 01:33:55,2025-05-22 12:25:04,2025-05-23 01:33:57
VA-VSC-01303,Waco (349),Priority Group Upgrade,2025-05-20 09:00:00,2025-05-24 23:36:02,2025-05-28 23:00:45,2025-06-02 02:56:35
VA-VSC-01304,Waco (349),Combat Veteran Auto-Enroll,2025-05-20 13:00:00,2025-05-25 14:49:41,2025-05-27 07:22:17,2025-05-27 18:58:09
VA-VSC-01305,St. Paul (335),New Enrollment,2025-05-20 14:00:00,2025-05-26 01:27:00,2025-05-27 04:54:55,2025-05-27 21:17:09
VA-VSC-01306,Phoenix (344),New Enrollment,2025-05-20 15:00:00,2025-05-21 21:52:25,2025-05-22 09:27:41,2025-05-25 19:50:42
VA-VSC-01307,St. Paul (335),New Enrollment,2025-05-20 15:00:00,2025-05-21 01:36:47,2025-05-27 17:35:11,2025-05-29 14:11:23
VA-VSC-01308,St. Paul (335),New Enrollment,2025-05-21 08:00:00,2025-05-23 13:35:00,2025-05-23 16:18:18,2025-05-24 12:51:26
VA-VSC-01309,Waco (349),Priority Group Upgrade,2025-05-21 09:00:00,2025-05-26 15:13:40,2025-06-02 04:38:17,2025-06-02 15:00:18
VA-VSC-01310,St. Paul (335),Combat Veteran Auto-Enroll,2025-05-21 13:00:00,2025-05-22 16:22:05,2025-05-23 07:34:36,2025-05-24 01:19:19
VA-VSC-01311,Waco (349),New Enrollment,2025-05-22 07:00:00,2025-05-27 12:19:10,2025-05-28 07:15:18,2025-05-28 17:41:48
VA-VSC-01312,Phoenix (344),Priority Group Upgrade,2025-05-22 07:00:00,2025-05-22 20:40:06,2025-05-31 03:25:17,2025-06-02 03:53:53
VA-VSC-01313,Waco (349),Priority Group Upgrade,2025-05-22 08:00:00,2025-05-30 23:40:25,2025-06-05 04:23:04,2025-06-05 07:08:09
VA-VSC-01314,St. Paul (335),New Enrollment,2025-05-22 08:00:00,2025-05-23 01:14:00,2025-05-23 15:13:00,2025-05-23 19:04:46
VA-VSC-01315,Waco (349),New Enrollment,2025-05-22 11:00:00,2025-05-29 08:43:39,2025-05-31 22:08:19,2025-06-01 00:32:19
VA-VSC-01316,Houston (362),Inter-Facility Transfer,2025-05-22 11:00:00,2025-05-22 18:03:55,2025-05-23 01:21:10,2025-05-26 00:22:29
VA-VSC-01317,Waco (349),Priority Group Upgrade,2025-05-22 12:00:00,2025-05-28 04:26:33,2025-06-05 15:16:15,2025-06-06 14:03:40
VA-VSC-01318,St. Paul (335),Priority Group Upgrade,2025-05-22 13:00:00,2025-05-23 16:44:55,2025-05-30 09:09:26,2025-05-31 21:50:55
VA-VSC-01319,Waco (349),Priority Group Upgrade,2025-05-22 14:00:00,2025-05-31 01:07:01,2025-06-06 03:13:27,2025-06-06 14:24:01
VA-VSC-01320,Waco (349),New Enrollment,2025-05-23 07:00:00,2025-05-29 16:46:06,2025-05-29 19:10:06,2025-05-31 22:14:14
VA-VSC-01321,Waco (349),Priority Group Upgrade,2025-05-23 07:00:00,2025-05-29 00:55:19,2025-06-01 00:54:49,2025-06-13 10:11:14
VA-VSC-01322,Waco (349),Priority Group Upgrade,2025-05-23 08:00:00,2025-05-29 15:42:19,2025-06-02 09:01:39,2025-06-03 19:29:12
VA-VSC-01323,Phoenix (344),Priority Group Upgrade,2025-05-23 08:00:00,2025-05-23 13:02:23,2025-05-29 16:49:58,2025-05-31 02:56:41
VA-VSC-01324,Waco (349),New Enrollment,2025-05-23 09:00:00,2025-05-27 18:07:07,2025-05-28 00:07:41,2025-06-02 21:43:31
VA-VSC-01325,Muskogee (351),New Enrollment,2025-05-23 10:00:00,2025-05-24 20:01:06,2025-05-24 22:25:06,2025-05-27 14:52:13
VA-VSC-01326,Waco (349),New Enrollment,2025-05-23 11:00:00,2025-05-30 07:11:14,2025-05-31 21:05:31,2025-06-03 12:20:01
VA-VSC-01327,Waco (349),Inter-Facility Transfer,2025-05-23 11:00:00,2025-05-29 04:11:56,2025-05-31 02:54:30,2025-05-31 09:57:48
VA-VSC-01328,St. Paul (335),New Enrollment,2025-05-23 11:00:00,2025-05-24 07:07:43,2025-05-29 10:24:06,2025-05-29 14:52:19
VA-VSC-01329,Houston (362),Priority Group Upgrade,2025-05-23 13:00:00,2025-05-24 07:41:53,2025-05-30 12:24:43,2025-06-01 12:09:48
VA-VSC-01330,Waco (349),New Enrollment,2025-05-23 13:00:00,2025-05-27 23:48:35,2025-05-28 06:45:04,2025-05-28 21:07:42
VA-VSC-01331,Houston (362),New Enrollment,2025-05-23 14:00:00,2025-05-25 19:59:51,2025-05-26 01:05:23,2025-05-26 03:29:23
VA-VSC-01332,St. Paul (335),,2025-05-23 14:00:00,2025-05-24 04:28:29,2025-06-06 07:39:37,2025-06-06 13:16:20
VA-VSC-01333,Waco (349),Priority Group Upgrade,2025-05-23 16:00:00,2025-05-27 22:04:05,2025-06-06 13:30:08,2025-06-07 07:27:50
VA-VSC-01334,Muskogee (351),Priority Group Upgrade,2025-05-23 16:00:00,2025-05-24 09:45:00,2025-06-01 14:41:20,2025-06-02 19:31:07
VA-VSC-01335,Muskogee (351),New Enrollment,2025-05-23 16:00:00,2025-05-24 12:53:08,2025-05-28 11:47:28,2025-05-29 02:29:25
VA-VSC-01336,Houston (362),Priority Group Upgrade,2025-05-24 08:00:00,2025-05-24 15:54:56,2025-06-02 20:52:46,2025-06-04 19:29:15
VA-VSC-01337,Waco (349),New Enrollment,2025-05-24 09:00:00,2025-05-30 08:44:30,2025-05-31 18:26:06,2025-06-01 16:57:07
VA-VSC-01338,Houston (362),New Enrollment,2025-05-24 09:00:00,2025-05-25 08:08:06,2025-05-25 10:32:06,2025-05-27 11:05:32
VA-VSC-01339,Waco (349),Priority Group Upgrade,2025-05-24 11:00:00,2025-05-31 21:14:03,2025-06-06 11:42:49,2025-06-07 17:42:19
VA-VSC-01340,Waco (349),New Enrollment,2025-05-24 13:00:00,2025-05-29 21:44:48,2025-06-03 09:26:24,2025-06-05 06:28:35
VA-VSC-01341,Waco (349),New Enrollment,2025-05-24 13:00:00,2025-05-28 19:58:45,2025-05-30 08:36:57,2025-06-01 07:40:31
VA-VSC-01342,Waco (349),Priority Group Upgrade,2025-05-24 13:00:00,2025-05-31 04:52:53,2025-06-07 22:24:44,2025-06-08 00:48:44
VA-VSC-01343,Phoenix (344),Priority Group Upgrade,2025-05-25 07:00:00,2025-05-25 19:23:42,2025-06-06 07:12:40,2025-06-06 12:03:59
VA-VSC-01344,St. Paul (335),Combat Veteran Auto-Enroll,2025-05-25 08:00:00,2025-05-26 21:58:16,2025-05-27 02:20:31,2025-05-27 17:41:01
VA-VSC-01345,St. Paul (335),New Enrollment,2025-05-25 08:00:00,2025-05-26 08:21:45,2025-05-27 16:42:18,2025-05-30 16:20:58
VA-VSC-01346,Waco (349),New Enrollment,2025-05-25 08:00:00,2025-05-29 22:09:58,2025-05-31 06:34:56,2025-06-05 03:26:08
VA-VSC-01347,Waco (349),New Enrollment,2025-05-25 08:00:00,2025-05-30 08:33:41,2025-05-31 02:57:03,2025-06-02 14:49:36
VA-VSC-01348,Waco (349),Inter-Facility Transfer,2025-05-25 10:00:00,2025-05-28 22:25:02,2025-05-29 03:23:30,2025-05-29 08:46:34
VA-VSC-01349,Muskogee (351),Priority Group Upgrade,2025-05-25 13:00:00,2025-05-25 18:14:12,2025-06-03 09:27:50,2025-06-06 06:13:41
VA-VSC-01350,Waco (349),Priority Group Upgrade,2025-05-25 15:00:00,2025-05-31 00:00:58,2025-06-08 14:34:03,2025-06-08 19:31:30
VA-VSC-01351,Phoenix (344),New Enrollment,2025-05-25 15:00:00,2025-06-01 19:37:11,2025-06-07 13:59:46,2025-06-10 14:25:06
VA-VSC-01352,Houston (362),Priority Group Upgrade,2025-05-25 16:00:00,2025-05-25 18:24:00,2025-06-02 15:31:00,2025-06-02 19:52:37
VA-VSC-01353,Waco (349),New Enrollment,2025-05-25 16:00:00,2025-06-04 07:48:17,2025-06-05 17:33:13,2025-06-07 05:00:07
VA-VSC-01354,St. Paul (335),Priority Group Upgrade,2025-05-26 07:00:00,2025-05-27 04:04:36,2025-06-04 08:59:16,2025-06-05 15:20:36
VA-VSC-01355,Waco (349),Inter-Facility Transfer,2025-05-26 08:00:00,2025-06-01 17:24:41,2025-06-04 15:27:26,2025-06-08 14:47:36
VA-VSC-01356,Phoenix (344),Inter-Facility Transfer,2025-05-26 08:00:00,2025-05-27 05:04:06,2025-05-27 20:26:12,2025-05-29 21:25:08
VA-VSC-01357,Phoenix (344),Priority Group Upgrade,2025-05-26 09:00:00,2025-05-27 02:00:09,2025-06-04 03:14:07,2025-06-05 02:00:42
VA-VSC-01358,Waco (349),Priority Group Upgrade,2025-05-26 09:00:00,2025-06-02 06:24:49,2025-06-08 09:33:17,2025-06-10 20:34:10
VA-VSC-01359,Waco (349),Inter-Facility Transfer,2025-05-26 10:00:00,2025-06-04 06:58:23,2025-06-05 03:21:18,2025-06-07 07:54:17
VA-VSC-01360,Houston (362),Priority Group Upgrade,2025-05-26 12:00:00,2025-05-27 09:49:30,2025-06-02 01:30:42,2025-06-08 04:01:07
VA-VSC-01361,Phoenix (344),New Enrollment,2025-05-26 12:00:00,2025-05-31 07:08:39,2025-06-02 07:12:44,2025-06-03 13:53:50
VA-VSC-01362,Waco (349),Priority Group Upgrade,2025-05-26 13:00:00,2025-06-02 04:46:37,2025-06-08 21:59:12,2025-06-10 13:26:19
VA-VSC-01363,Houston (362),New Enrollment,2025-05-26 14:00:00,2025-05-27 13:10:12,2025-05-30 15:52:07,2025-06-02 05:50:45
VA-VSC-01364,Houston (362),Priority Group Upgrade,2025-05-26 14:00:00,2025-05-26 22:16:05,2025-06-04 05:06:47,2025-06-05 21:59:13
VA-VSC-01365,St. Paul (335),Priority Group Upgrade,2025-05-26 15:00:00,2025-05-27 17:51:07,2025-06-03 03:33:04,2025-06-07 01:10:02
VA-VSC-01366,Waco (349),Priority Group Upgrade,2025-05-26 15:00:00,2025-06-03 11:11:55,2025-06-13 02:00:56,2025-06-13 10:36:32
VA-VSC-01367,St. Paul (335),New Enrollment,2025-05-26 16:00:00,2025-05-27 01:44:21,2025-05-27 04:08:21,2025-05-27 14:50:27
VA-VSC-01368,Phoenix (344),New Enrollment,2025-05-26 16:00:00,2025-05-27 06:42:03,2025-05-27 13:18:12,2025-05-27 23:39:26
VA-VSC-01369,Waco (349),Priority Group Upgrade,2025-05-27 07:00:00,2025-06-03 05:25:33,2025-06-15 01:57:05,2025-06-17 23:18:33
VA-VSC-01370,Waco (349),Combat Veteran Auto-Enroll,2025-05-27 07:00:00,2025-06-02 12:00:36,2025-06-03 09:53:26,2025-06-04 16:12:40
VA-VSC-01371,Muskogee (351),Priority Group Upgrade,2025-05-27 08:00:00,2025-05-27 23:13:55,2025-06-07 19:55:23,2025-06-08 19:23:06
VA-VSC-01372,Waco (349),New Enrollment,2025-05-27 08:00:00,2025-06-05 15:02:25,2025-06-06 07:02:20,2025-06-08 19:35:44
VA-VSC-01373,Phoenix (344),Inter-Facility Transfer,2025-05-27 10:00:00,2025-05-28 10:51:12,2025-06-02 08:26:00,2025-06-03 07:47:24
VA-VSC-01374,Waco (349),Inter-Facility Transfer,2025-05-27 11:00:00,2025-06-03 14:52:33,2025-06-06 04:44:14,2025-06-08 05:27:58
VA-VSC-01375,Waco (349),New Enrollment,2025-05-27 12:00:00,2025-06-05 11:12:07,2025-06-05 15:16:24,2025-06-07 07:02:04
VA-VSC-01376,Phoenix (344),New Enrollment,2025-05-27 12:00:00,2025-05-27 23:32:12,2025-05-28 19:45:49,2025-05-30 16:59:00
VA-VSC-01377,Waco (349),Priority Group Upgrade,2025-05-27 15:00:00,2025-06-03 08:11:57,2025-06-11 05:19:30,2025-06-20 00:33:07
VA-VSC-01378,Waco (349),Combat Veteran Auto-Enroll,2025-05-27 16:00:00,2025-05-31 17:16:44,2025-06-02 14:36:33,2025-06-02 17:05:29
VA-VSC-01379,Waco (349),Inter-Facility Transfer,2025-05-28 09:00:00,2025-06-03 02:00:32,2025-06-05 03:54:13,2025-06-06 09:22:31
VA-VSC-01380,Houston (362),Combat Veteran Auto-Enroll,2025-05-28 12:00:00,2025-05-28 17:08:23,2025-05-29 03:35:20,2025-05-30 01:34:46
VA-VSC-01381,Waco (349),Priority Group Upgrade,2025-05-28 12:00:00,2025-06-02 12:41:24,2025-06-09 02:07:26,2025-06-10 23:01:07
VA-VSC-01382,Waco (349),Priority Group Upgrade,2025-05-28 13:00:00,2025-06-02 05:00:26,2025-06-05 23:28:38,2025-06-07 14:38:18
VA-VSC-01383,Muskogee (351),New Enrollment,2025-05-28 14:00:00,2025-05-30 11:59:50,2025-05-30 18:21:52,2025-06-01 16:41:49
VA-VSC-01384,Waco (349),New Enrollment,2025-05-28 14:00:00,2025-06-02 05:05:03,2025-06-02 18:11:11,2025-06-05 08:35:53
VA-VSC-01385,Houston (362),Priority Group Upgrade,2025-05-28 14:00:00,2025-05-29 21:43:36,2025-06-12 14:36:36,2025-06-19 19:23:49
VA-VSC-01386,Waco (349),Priority Group Upgrade,2025-05-29 08:00:00,2025-06-02 23:51:25,2025-06-12 18:56:24,2025-06-12 21:20:24
VA-VSC-01387,St. Paul (335),Priority Group Upgrade,2025-05-29 09:00:00,2025-05-29 11:50:56,2025-06-09 04:01:46,2025-06-11 21:57:58
VA-VSC-01388,Waco (349),Priority Group Upgrade,2025-05-29 10:00:00,2025-06-03 08:03:39,2025-06-07 19:30:19,2025-06-08 11:57:43
VA-VSC-01389,Muskogee (351),New Enrollment,2025-05-29 10:00:00,2025-05-30 15:55:22,2025-05-30 20:21:44,2025-05-31 01:01:42
VA-VSC-01390,Waco (349),Priority Group Upgrade,2025-05-29 12:00:00,2025-06-03 13:32:31,2025-06-10 15:14:54,2025-06-11 18:14:48
VA-VSC-01391,Waco (349),New Enrollment,2025-05-29 14:00:00,2025-06-04 07:50:23,2025-06-07 15:10:40,2025-06-10 01:22:57
VA-VSC-01392,Waco (349),New Enrollment,2025-05-29 15:00:00,2025-06-02 16:51:43,2025-06-04 08:49:07,2025-06-04 22:03:13
VA-VSC-01393,Waco (349),Combat Veteran Auto-Enroll,2025-05-29 16:00:00,2025-06-04 21:28:10,2025-06-06 11:07:10,2025-06-08 08:32:35
VA-VSC-01394,Waco (349),Priority Group Upgrade,2025-05-30 07:00:00,2025-06-07 06:14:47,2025-06-16 12:47:16,2025-06-17 17:01:07
VA-VSC-01395,Waco (349),Inter-Facility Transfer,2025-05-30 08:00:00,2025-06-08 09:53:55,2025-06-08 22:04:54,2025-06-11 20:41:46
VA-VSC-01396,Phoenix (344),New Enrollment,2025-05-30 11:00:00,2025-05-31 04:31:07,2025-06-04 15:22:41,2025-06-05 00:51:46
VA-VSC-01397,Waco (349),Priority Group Upgrade,2025-05-30 12:00:00,2025-06-05 05:05:25,2025-06-12 05:45:33,2025-06-12 14:51:40
VA-VSC-01398,Waco (349),New Enrollment,2025-05-30 13:00:00,2025-06-08 19:18:04,2025-06-10 16:46:39,2025-06-11 06:37:03
VA-VSC-01399,Houston (362),,2025-05-30 13:00:00,2025-05-31 14:44:41,2025-06-01 18:14:30,2025-06-05 11:34:00
VA-VSC-01400,St. Paul (335),Combat Veteran Auto-Enroll,2025-05-30 14:00:00,2025-06-01 03:38:11,2025-06-03 19:47:35,2025-06-04 07:11:58
VA-VSC-01401,Waco (349),Priority Group Upgrade,2025-05-31 07:00:00,2025-06-07 21:35:19,2025-06-14 20:27:26,2025-06-14 23:53:10
VA-VSC-01402,Waco (349),Combat Veteran Auto-Enroll,2025-05-31 09:00:00,2025-06-06 05:47:44,2025-06-06 08:11:44,2025-06-08 20:15:16
VA-VSC-01403,Waco (349),New Enrollment,2025-05-31 12:00:00,2025-06-07 00:26:25,2025-06-07 09:51:02,2025-06-07 12:15:02
VA-VSC-01404,St. Paul (335),Combat Veteran Auto-Enroll,2025-05-31 13:00:00,2025-06-01 23:10:02,2025-06-02 08:37:28,2025-06-06 06:22:19
VA-VSC-01405,Houston (362),New Enrollment,2025-05-31 14:00:00,2025-06-01 08:05:15,2025-06-02 11:19:01,2025-06-05 06:37:15
VA-VSC-01406,Waco (349),Combat Veteran Auto-Enroll,2025-05-31 15:00:00,2025-06-08 03:28:13,2025-06-09 16:30:57,2025-06-15 06:19:16
VA-VSC-01407,Phoenix (344),New Enrollment,2025-05-31 16:00:00,2025-06-01 23:21:10,2025-06-02 03:17:46,2025-06-02 18:29:59
VA-VSC-01408,St. Paul (335),New Enrollment,2025-06-01 07:00:00,2025-06-01 09:24:00,2025-06-01 14:43:16,2025-06-02 18:29:11
VA-VSC-01409,Houston (362),Priority Group Upgrade,2025-06-01 09:00:00,2025-06-01 13:33:48,2025-06-13 00:09:55,2025-06-16 06:48:22
VA-VSC-01410,Phoenix (344),Inter-Facility Transfer,2025-06-01 09:00:00,2025-06-01 11:24:00,2025-06-01 21:42:16,2025-06-05 07:46:04
VA-VSC-01411,Waco (349),New Enrollment,2025-06-01 09:00:00,2025-06-08 08:27:59,2025-06-12 17:10:40,2025-06-24 17:41:38
VA-VSC-01412,Waco (349),New Enrollment,2025-06-01 10:00:00,2025-06-07 05:51:09,2025-06-09 08:59:28,2025-06-10 02:03:42
VA-VSC-01413,Waco (349),Combat Veteran Auto-Enroll,2025-06-01 11:00:00,2025-06-08 14:22:50,2025-06-09 17:51:56,2025-06-12 21:40:59
VA-VSC-01414,Waco (349),New Enrollment,2025-06-01 13:00:00,2025-06-05 16:03:38,2025-06-09 23:15:30,2025-06-10 14:08:28
VA-VSC-01415,Waco (349),New Enrollment,2025-06-01 14:00:00,2025-06-10 12:39:25,2025-06-12 23:28:56,2025-06-15 14:29:22
VA-VSC-01416,Muskogee (351),New Enrollment,2025-06-01 16:00:00,2025-06-02 00:03:31,2025-06-02 07:37:20,2025-06-06 08:13:14
VA-VSC-01417,Waco (349),New Enrollment,2025-06-02 08:00:00,2025-06-10 10:21:55,2025-06-10 18:59:52,2025-06-12 16:49:33
VA-VSC-01418,Waco (349),Inter-Facility Transfer,2025-06-02 10:00:00,2025-06-07 15:55:12,2025-06-07 22:08:20,2025-06-09 10:34:12
VA-VSC-01419,Waco (349),Combat Veteran Auto-Enroll,2025-06-02 11:00:00,2025-06-08 00:10:36,2025-06-09 08:17:02,2025-06-09 10:41:02
VA-VSC-01420,Muskogee (351),Priority Group Upgrade,2025-06-02 13:00:00,2025-06-03 03:48:44,2025-06-10 21:42:23,2025-06-11 00:06:23
VA-VSC-01421,Waco (349),Inter-Facility Transfer,2025-06-02 13:00:00,2025-06-07 18:17:41,2025-06-08 00:01:20,2025-06-08 05:05:43
VA-VSC-01422,Waco (349),Priority Group Upgrade,2025-06-02 14:00:00,2025-06-07 18:08:47,2025-06-14 12:20:11,2025-06-15 10:05:38
VA-VSC-01423,Waco (349),New Enrollment,2025-06-02 16:00:00,2025-06-10 01:22:33,2025-06-10 03:46:33,2025-06-12 03:11:42
VA-VSC-01424,Waco (349),New Enrollment,2025-06-03 07:00:00,2025-06-10 15:50:47,2025-06-11 06:54:38,2025-06-12 19:06:40
VA-VSC-01425,Muskogee (351),New Enrollment,2025-06-03 08:00:00,2025-06-03 22:06:06,2025-06-05 17:31:10,2025-06-07 11:34:13
VA-VSC-01426,Muskogee (351),New Enrollment,2025-06-03 09:00:00,2025-06-03 11:27:27,2025-06-05 00:32:52,2025-06-07 08:20:20
VA-VSC-01427,Waco (349),Inter-Facility Transfer,2025-06-03 10:00:00,2025-06-10 22:32:32,2025-06-14 01:37:45,2025-06-17 18:30:22
VA-VSC-01428,Muskogee (351),Combat Veteran Auto-Enroll,2025-06-03 11:00:00,2025-06-05 11:27:24,2025-06-06 12:46:48,2025-06-07 13:13:40
VA-VSC-01429,Houston (362),New Enrollment,2025-06-03 12:00:00,2025-06-06 11:08:54,2025-06-06 20:35:50,2025-06-07 10:51:15
VA-VSC-01430,Phoenix (344),Priority Group Upgrade,2025-06-03 15:00:00,2025-06-04 03:55:33,2025-06-12 16:47:41,2025-06-18 06:52:43
VA-VSC-01431,Waco (349),Priority Group Upgrade,2025-06-04 07:00:00,2025-06-09 18:41:09,2025-06-19 20:53:56,2025-06-20 11:14:08
VA-VSC-01432,Waco (349),Inter-Facility Transfer,2025-06-04 09:00:00,2025-06-10 02:46:36,2025-06-10 05:10:36,2025-06-10 12:50:08
VA-VSC-01433,Waco (349),Combat Veteran Auto-Enroll,2025-06-04 09:00:00,2025-06-09 00:56:45,2025-06-14 06:09:58,2025-06-16 06:41:23
VA-VSC-01434,Houston (362),Priority Group Upgrade,2025-06-04 09:00:00,2025-06-05 18:57:53,2025-06-14 02:13:58,2025-06-18 13:22:40
VA-VSC-01435,Waco (349),Combat Veteran Auto-Enroll,2025-06-04 09:00:00,2025-06-13 16:02:18,2025-06-13 20:52:19,2025-06-14 01:44:51
VA-VSC-01436,Waco (349),Priority Group Upgrade,2025-06-04 12:00:00,2025-06-13 02:54:26,2025-06-20 06:47:38,2025-06-22 00:51:57
VA-VSC-01437,Waco (349),Priority Group Upgrade,2025-06-04 13:00:00,2025-06-09 23:37:56,2025-06-14 02:13:31,2025-06-15 10:22:18
VA-VSC-01438,St. Paul (335),New Enrollment,2025-06-04 15:00:00,2025-06-08 09:21:30,2025-06-11 03:16:58,2025-06-16 19:38:57
VA-VSC-01439,Waco (349),New Enrollment,2025-06-04 15:00:00,2025-06-10 13:11:26,2025-06-11 04:57:46,2025-06-14 13:11:51
VA-VSC-01440,Houston (362),Priority Group Upgrade,2025-06-05 07:00:00,2025-06-05 09:24:00,2025-06-13 05:16:51,2025-06-19 22:57:08
VA-VSC-01441,Muskogee (351),New Enrollment,2025-06-05 07:00:00,2025-06-06 00:51:29,2025-06-08 22:22:17,2025-06-10 04:23:56
VA-VSC-01442,Waco (349),New Enrollment,2025-06-05 08:00:00,2025-06-13 22:17:05,2025-06-14 00:41:05,2025-06-14 14:29:05
VA-VSC-01443,Houston (362),,2025-06-05 08:00:00,2025-06-05 13:25:08,2025-06-12 08:58:33,2025-06-13 06:43:45
VA-VSC-01444,Waco (349),New Enrollment,2025-06-05 09:00:00,2025-06-13 13:07:17,2025-06-13 16:49:59,2025-06-15 23:29:22
VA-VSC-01445,Phoenix (344),Priority Group Upgrade,2025-06-05 09:00:00,2025-06-05 23:48:58,2025-06-12 20:29:44,2025-06-18 07:11:13
VA-VSC-01446,Waco (349),Priority Group Upgrade,2025-06-05 10:00:00,2025-06-09 01:28:32,2025-06-17 04:35:06,2025-06-20 03:11:16
VA-VSC-01447,Houston (362),Inter-Facility Transfer,2025-06-05 10:00:00,2025-06-06 05:38:30,2025-06-06 08:02:30,2025-06-06 18:18:05
VA-VSC-01448,Phoenix (344),Priority Group Upgrade,2025-06-05 12:00:00,2025-06-06 03:54:44,2025-06-17 01:30:18,2025-06-18 08:51:46
VA-VSC-01449,Muskogee (351),New Enrollment,2025-06-05 12:00:00,2025-06-05 22:38:14,2025-06-07 18:03:51,2025-06-11 17:00:46
VA-VSC-01450,Houston (362),Priority Group Upgrade,2025-06-05 14:00:00,2025-06-05 20:31:15,2025-06-13 08:00:11,2025-06-21 03:19:36
VA-VSC-01451,Waco (349),Combat Veteran Auto-Enroll,2025-06-05 14:00:00,2025-06-14 20:14:39,2025-06-15 05:20:18,2025-06-15 08:38:19
VA-VSC-01452,Houston (362),Inter-Facility Transfer,2025-06-05 14:00:00,2025-06-06 06:45:01,2025-06-07 17:28:14,2025-06-12 07:45:23
VA-VSC-01453,Phoenix (344),New Enrollment,2025-06-05 16:00:00,2025-06-06 03:32:55,2025-06-08 23:50:28,2025-06-09 04:33:07
VA-VSC-01454,Houston (362),New Enrollment,2025-06-05 16:00:00,2025-06-05 18:24:00,2025-06-06 19:38:44,2025-06-06 22:35:54
VA-VSC-01455,Waco (349),Inter-Facility Transfer,2025-06-06 08:00:00,2025-06-10 08:42:49,2025-06-13 18:27:54,2025-06-14 07:43:55
VA-VSC-01456,Muskogee (351),New Enrollment,2025-06-06 10:00:00,2025-06-07 21:15:13,2025-06-08 10:12:57,2025-06-08 12:36:57
VA-VSC-01457,Houston (362),Priority Group Upgrade,2025-06-06 11:00:00,2025-06-07 10:25:42,2025-06-18 00:13:00,2025-06-19 01:30:00
VA-VSC-01458,Houston (362),New Enrollment,2025-06-06 11:00:00,2025-06-08 07:54:17,2025-06-08 15:39:48,2025-06-11 07:07:00
VA-VSC-01459,Waco (349),New Enrollment,2025-06-06 12:00:00,2025-06-12 16:48:25,2025-06-14 18:08:15,2025-06-16 02:53:06
VA-VSC-01460,Houston (362),New Enrollment,2025-06-06 13:00:00,2025-06-06 16:56:35,2025-06-07 23:19:06,2025-06-09 07:50:25
VA-VSC-01461,Waco (349),New Enrollment,2025-06-06 15:00:00,2025-06-10 10:13:42,2025-06-13 14:13:48,2025-06-18 02:20:16
VA-VSC-01462,Houston (362),Priority Group Upgrade,2025-06-07 07:00:00,2025-06-08 03:51:03,2025-06-11 22:12:52,2025-06-17 22:22:57
VA-VSC-01463,Waco (349),Inter-Facility Transfer,2025-06-07 08:00:00,2025-06-15 07:05:55,2025-06-15 18:47:52,2025-06-17 07:11:46
VA-VSC-01464,Houston (362),New Enrollment,2025-06-07 08:00:00,2025-06-08 09:20:47,2025-06-08 16:23:29,2025-06-08 18:47:29
VA-VSC-01465,Muskogee (351),Combat Veteran Auto-Enroll,2025-06-07 09:00:00,2025-06-07 20:52:22,2025-06-08 16:57:10,2025-06-08 20:00:54
VA-VSC-01466,Waco (349),New Enrollment,2025-06-07 10:00:00,2025-06-16 00:02:51,2025-06-16 15:13:45,2025-06-21 12:47:17
VA-VSC-01467,Muskogee (351),Priority Group Upgrade,2025-06-07 11:00:00,2025-06-07 15:49:49,2025-06-14 02:27:05,2025-06-15 10:03:15
VA-VSC-01468,Waco (349),New Enrollment,2025-06-07 14:00:00,2025-06-15 15:56:54,2025-06-16 09:24:54,2025-06-16 14:06:23
VA-VSC-01469,Phoenix (344),Inter-Facility Transfer,2025-06-07 14:00:00,2025-06-08 00:23:29,2025-06-09 01:12:06,2025-06-09 11:01:48
VA-VSC-01470,St. Paul (335),Combat Veteran Auto-Enroll,2025-06-07 14:00:00,2025-06-08 08:05:53,2025-06-11 01:15:27,2025-06-15 04:09:53
VA-VSC-01471,Houston (362),Priority Group Upgrade,2025-06-07 14:00:00,2025-06-07 16:24:00,2025-06-11 05:50:44,2025-06-11 21:18:03
VA-VSC-01472,St. Paul (335),Combat Veteran Auto-Enroll,2025-06-08 07:00:00,2025-06-10 12:30:54,2025-06-12 09:54:59,2025-06-12 14:59:53
VA-VSC-01473,Phoenix (344),Priority Group Upgrade,2025-06-08 08:00:00,2025-06-09 12:12:50,2025-06-18 04:57:14,2025-06-18 19:05:09
VA-VSC-01474,Waco (349),Inter-Facility Transfer,2025-06-08 13:00:00,2025-06-12 11:39:43,2025-06-12 18:30:11,2025-06-14 16:29:38
VA-VSC-01475,Waco (349),Priority Group Upgrade,2025-06-08 15:00:00,2025-06-19 13:05:02,2025-06-27 03:46:24,2025-06-27 08:40:28
VA-VSC-01476,Houston (362),Inter-Facility Transfer,2025-06-08 15:00:00,2025-06-13 06:21:23,2025-06-14 12:54:11,2025-06-20 11:47:12
VA-VSC-01477,St. Paul (335),Priority Group Upgrade,2025-06-09 07:00:00,2025-06-09 23:54:43,2025-06-15 11:45:49,2025-06-16 21:02:07
VA-VSC-01478,St. Paul (335),New Enrollment,2025-06-09 09:00:00,2025-06-10 19:25:41,2025-06-11 11:55:32,2025-06-15 11:39:00
VA-VSC-01479,St. Paul (335),Priority Group Upgrade,2025-06-09 09:00:00,2025-06-09 11:24:00,2025-06-14 00:37:09,2025-06-15 10:57:26
VA-VSC-01480,Waco (349),New Enrollment,2025-06-09 11:00:00,2025-06-16 00:31:04,2025-06-17 00:22:29,2025-06-19 08:06:56
VA-VSC-01481,St. Paul (335),Priority Group Upgrade,2025-06-09 12:00:00,2025-06-11 06:46:26,2025-06-18 06:22:48,2025-06-19 02:26:24
VA-VSC-01482,Waco (349),Priority Group Upgrade,2025-06-09 12:00:00,2025-06-14 08:48:37,2025-06-22 14:29:09,2025-06-26 09:48:15
VA-VSC-01483,Waco (349),Priority Group Upgrade,2025-06-09 12:00:00,2025-06-15 10:23:21,2025-06-23 18:26:57,2025-06-24 10:26:04
VA-VSC-01484,Waco (349),New Enrollment,2025-06-09 15:00:00,2025-06-14 03:36:36,2025-06-15 19:16:18,2025-06-17 21:23:05
VA-VSC-01485,Waco (349),New Enrollment,2025-06-09 15:00:00,2025-06-17 13:43:53,2025-06-17 19:08:33,2025-06-20 20:35:09
VA-VSC-01486,Waco (349),,2025-06-09 15:00:00,2025-06-16 16:57:16,2025-06-27 05:44:48,2025-06-29 19:34:15
VA-VSC-01487,Waco (349),Inter-Facility Transfer,2025-06-09 16:00:00,2025-06-16 01:39:15,2025-06-16 06:18:27,2025-06-17 21:36:46
VA-VSC-01488,Houston (362),New Enrollment,2025-06-09 16:00:00,2025-06-10 00:52:07,2025-06-10 18:20:11,2025-06-10 20:44:11
VA-VSC-01489,Waco (349),New Enrollment,2025-06-10 07:00:00,2025-06-15 22:51:48,2025-06-18 10:25:24,2025-06-19 23:58:54
VA-VSC-01490,Waco (349),Priority Group Upgrade,2025-06-10 08:00:00,2025-06-15 13:16:13,2025-06-24 11:11:12,2025-06-25 12:04:59
VA-VSC-01491,Waco (349),Priority Group Upgrade,2025-06-10 08:00:00,2025-06-19 18:22:06,2025-06-26 10:57:44,2025-06-27 23:20:12
VA-VSC-01492,Waco (349),New Enrollment,2025-06-10 08:00:00,2025-06-14 22:18:51,2025-06-17 15:49:01,2025-06-17 21:37:11
VA-VSC-01493,Waco (349),New Enrollment,2025-06-10 08:00:00,2025-06-14 20:56:15,2025-06-15 23:26:34,2025-06-23 02:28:26
VA-VSC-01494,Waco (349),New Enrollment,2025-06-10 09:00:00,2025-06-16 20:19:02,2025-06-17 01:15:30,2025-06-19 21:04:04
VA-VSC-01495,Houston (362),Inter-Facility Transfer,2025-06-10 10:00:00,2025-06-11 19:48:01,2025-06-13 05:41:13,2025-06-13 08:05:13
VA-VSC-01496,Houston (362),New Enrollment,2025-06-10 11:00:00,2025-06-12 04:26:32,2025-06-13 17:24:40,2025-06-20 08:49:35
VA-VSC-01497,Houston (362),New Enrollment,2025-06-10 11:00:00,2025-06-11 12:28:55,2025-06-12 01:31:34,2025-06-13 00:35:23
VA-VSC-01498,Waco (349),New Enrollment,2025-06-10 15:00:00,2025-06-15 10:39:13,2025-06-17 08:51:26,2025-06-19 19:53:58
VA-VSC-01499,Waco (349),New Enrollment,2025-06-10 16:00:00,2025-06-15 09:54:44,2025-06-19 01:23:51,2025-06-19 14:08:05
VA-VSC-01500,Phoenix (344),Combat Veteran Auto-Enroll,2025-06-10 16:00:00,2025-06-11 04:08:56,2025-06-11 16:00:01,2025-06-12 17:37:21
VA-VSC-01501,Waco (349),New Enrollment,2025-06-11 07:00:00,2025-06-16 17:12:31,2025-06-19 18:49:19,2025-06-20 04:30:00
VA-VSC-01502,Waco (349),New Enrollment,2025-06-11 07:00:00,2025-06-22 14:32:58,2025-06-23 03:20:03,2025-06-23 05:44:03
VA-VSC-01503,Waco (349),Priority Group Upgrade,2025-06-11 08:00:00,2025-06-18 11:28:33,2025-06-26 18:20:50,2025-06-26 20:44:50
VA-VSC-01504,Waco (349),New Enrollment,2025-06-11 08:00:00,2025-06-18 13:41:02,2025-06-20 06:21:18,2025-06-21 19:26:42
VA-VSC-01505,Waco (349),New Enrollment,2025-06-11 08:00:00,2025-06-19 14:56:00,2025-06-19 22:57:00,2025-06-20 13:58:16
VA-VSC-01506,Waco (349),Combat Veteran Auto-Enroll,2025-06-11 09:00:00,2025-06-16 00:14:31,2025-06-16 21:30:42,2025-06-19 20:59:09
VA-VSC-01507,Houston (362),Combat Veteran Auto-Enroll,2025-06-11 09:00:00,2025-06-11 17:20:29,2025-06-12 02:02:38,2025-06-14 17:11:16
VA-VSC-01508,Waco (349),Inter-Facility Transfer,2025-06-11 10:00:00,2025-06-16 19:45:30,2025-06-18 16:09:08,2025-06-19 17:59:14
VA-VSC-01509,Houston (362),Combat Veteran Auto-Enroll,2025-06-11 11:00:00,2025-06-14 02:30:01,2025-06-20 06:18:10,2025-06-22 11:29:44
VA-VSC-01510,St. Paul (335),Priority Group Upgrade,2025-06-11 12:00:00,2025-06-13 21:25:09,2025-06-23 16:06:20,2025-06-29 03:01:41
VA-VSC-01511,St. Paul (335),New Enrollment,2025-06-11 14:00:00,2025-06-12 12:32:38,2025-06-12 23:20:28,2025-06-13 20:22:16
VA-VSC-01512,St. Paul (335),Combat Veteran Auto-Enroll,2025-06-11 15:00:00,2025-06-14 07:38:15,2025-06-14 10:02:15,2025-06-16 05:00:28
VA-VSC-01513,Muskogee (351),Combat Veteran Auto-Enroll,2025-06-11 16:00:00,2025-06-12 05:25:13,2025-06-12 23:01:13,2025-06-17 06:39:26
VA-VSC-01514,Waco (349),Combat Veteran Auto-Enroll,2025-06-12 07:00:00,2025-06-20 07:44:55,2025-06-21 16:37:52,2025-06-22 07:55:46
VA-VSC-01515,Waco (349),Priority Group Upgrade,2025-06-12 07:00:00,2025-06-18 06:40:50,2025-06-23 18:29:35,2025-06-24 15:26:19
VA-VSC-01516,Waco (349),New Enrollment,2025-06-12 08:00:00,2025-06-17 04:19:59,2025-06-18 19:15:21,2025-06-19 13:42:41
VA-VSC-01517,Houston (362),Combat Veteran Auto-Enroll,2025-06-12 08:00:00,2025-06-18 05:03:38,2025-06-19 06:33:58,2025-06-19 08:57:58
VA-VSC-01518,Phoenix (344),Priority Group Upgrade,2025-06-12 13:00:00,2025-06-13 11:26:28,2025-06-22 18:27:24,2025-06-25 17:32:12
VA-VSC-01519,Waco (349),Inter-Facility Transfer,2025-06-12 16:00:00,2025-06-19 15:50:35,2025-06-19 21:15:01,2025-06-22 00:42:53
VA-VSC-01520,Muskogee (351),New Enrollment,2025-06-13 07:00:00,2025-06-15 23:17:54,2025-06-16 10:58:27,2025-06-17 00:16:58
VA-VSC-01521,Waco (349),New Enrollment,2025-06-13 08:00:00,2025-06-22 12:20:28,2025-06-23 23:41:21,2025-06-24 02:05:21
VA-VSC-01522,Muskogee (351),New Enrollment,2025-06-13 09:00:00,2025-06-13 21:32:44,2025-06-16 19:46:42,2025-06-16 22:10:42
VA-VSC-01523,Waco (349),Combat Veteran Auto-Enroll,2025-06-13 10:00:00,2025-06-18 13:38:43,2025-06-19 01:32:04,2025-06-23 23:17:53
VA-VSC-01524,Waco (349),New Enrollment,2025-06-13 10:00:00,2025-06-20 12:15:04,2025-06-21 02:46:35,2025-06-21 16:11:09
VA-VSC-01525,Waco (349),New Enrollment,2025-06-13 11:00:00,2025-06-19 16:56:15,2025-06-19 20:58:59,2025-06-21 05:03:19
VA-VSC-01526,Waco (349),Inter-Facility Transfer,2025-06-13 13:00:00,2025-06-19 19:40:04,2025-06-21 02:41:10,2025-06-23 19:48:31
VA-VSC-01527,Waco (349),New Enrollment,2025-06-14 10:00:00,2025-06-19 11:46:10,2025-06-20 00:16:05,2025-06-21 16:43:31
VA-VSC-01528,Waco (349),Combat Veteran Auto-Enroll,2025-06-14 11:00:00,2025-06-19 23:00:51,2025-06-25 22:14:47,2025-06-26 03:35:09
VA-VSC-01529,St. Paul (335),New Enrollment,2025-06-14 11:00:00,2025-06-15 10:47:59,2025-06-15 13:11:59,2025-06-18 01:03:50
VA-VSC-01530,Waco (349),Combat Veteran Auto-Enroll,2025-06-14 11:00:00,2025-06-19 10:26:35,2025-06-19 15:26:22,2025-06-20 11:10:04
VA-VSC-01531,Waco (349),Priority Group Upgrade,2025-06-14 12:00:00,2025-06-20 04:19:00,2025-06-29 10:47:51,2025-07-06 08:38:27
VA-VSC-01532,Houston (362),Inter-Facility Transfer,2025-06-14 12:00:00,2025-06-15 18:20:56,2025-06-15 23:57:42,2025-06-17 19:20:24
VA-VSC-01533,St. Paul (335),Inter-Facility Transfer,2025-06-14 13:00:00,2025-06-14 17:03:27,2025-06-15 11:31:17,2025-06-17 03:54:59
VA-VSC-01534,Waco (349),New Enrollment,2025-06-14 13:00:00,2025-06-21 08:31:53,2025-06-21 13:05:44,2025-06-21 15:29:44
VA-VSC-01535,Waco (349),,2025-06-14 14:00:00,2025-06-21 12:17:55,2025-06-23 10:53:42,2025-06-23 14:59:32
VA-VSC-01536,Waco (349),New Enrollment,2025-06-14 15:00:00,2025-06-18 04:47:49,2025-06-19 15:53:47,2025-06-19 21:46:58
VA-VSC-01537,Waco (349),Priority Group Upgrade,2025-06-14 16:00:00,2025-06-22 13:42:28,2025-06-28 20:46:16,2025-07-01 05:32:47
VA-VSC-01538,Houston (362),Combat Veteran Auto-Enroll,2025-06-15 07:00:00,2025-06-17 19:53:46,2025-06-19 20:26:11,2025-06-21 02:10:00
VA-VSC-01539,Waco (349),Priority Group Upgrade,2025-06-15 10:00:00,2025-06-23 10:52:53,2025-07-01 15:28:40,2025-07-01 21:12:13
VA-VSC-01540,Waco (349),Priority Group Upgrade,2025-06-15 12:00:00,2025-06-23 03:58:06,2025-07-01 10:03:42,2025-07-01 23:14:26
VA-VSC-01541,St. Paul (335),New Enrollment,2025-06-15 12:00:00,2025-06-15 20:55:34,2025-06-16 14:20:06,2025-06-17 05:19:32
VA-VSC-01542,Waco (349),Combat Veteran Auto-Enroll,2025-06-15 13:00:00,2025-06-23 05:30:10,2025-06-25 03:58:34,2025-06-29 06:21:01
VA-VSC-01543,Houston (362),Inter-Facility Transfer,2025-06-15 14:00:00,2025-06-16 02:43:44,2025-06-20 21:17:25,2025-06-20 23:41:25
VA-VSC-01544,Waco (349),New Enrollment,2025-06-15 16:00:00,2025-06-23 22:36:53,2025-06-24 05:48:34,2025-06-29 02:43:46
VA-VSC-01545,Muskogee (351),Priority Group Upgrade,2025-06-15 16:00:00,2025-06-15 18:24:00,2025-06-26 10:46:03,2025-06-26 21:31:34
VA-VSC-01546,Waco (349),New Enrollment,2025-06-16 07:00:00,2025-06-19 20:21:57,2025-06-21 12:00:33,2025-06-28 20:42:28
VA-VSC-01547,St. Paul (335),Priority Group Upgrade,2025-06-16 07:00:00,2025-06-17 09:51:20,2025-06-24 07:58:56,2025-06-24 12:24:14
VA-VSC-01548,Houston (362),Priority Group Upgrade,2025-06-16 07:00:00,2025-06-18 21:29:09,2025-06-29 21:31:47,2025-07-02 04:08:27
VA-VSC-01549,Waco (349),New Enrollment,2025-06-16 10:00:00,2025-06-20 15:44:24,2025-06-21 02:32:57,2025-06-22 01:11:45
VA-VSC-01550,Houston (362),New Enrollment,2025-06-16 11:00:00,2025-06-16 13:24:00,2025-06-19 06:38:53,2025-06-19 09:50:18
VA-VSC-01551,Muskogee (351),New Enrollment,2025-06-16 13:00:00,2025-06-19 03:53:16,2025-06-19 08:42:51,2025-06-19 11:57:13
VA-VSC-01552,Houston (362),Priority Group Upgrade,2025-06-16 13:00:00,2025-06-17 12:50:29,2025-06-23 10:56:29,2025-06-24 19:22:41
VA-VSC-01553,St. Paul (335),Priority Group Upgrade,2025-06-16 14:00:00,2025-06-17 14:36:34,2025-06-20 17:29:41,2025-06-22 21:41:45
VA-VSC-01554,Phoenix (344),New Enrollment,2025-06-16 14:00:00,2025-06-18 16:26:43,2025-06-20 15:16:44,2025-06-21 15:17:24
VA-VSC-01555,Waco (349),Combat Veteran Auto-Enroll,2025-06-16 14:00:00,2025-06-23 23:23:26,2025-06-27 18:26:00,2025-06-29 07:22:51
VA-VSC-01556,Waco (349),Priority Group Upgrade,2025-06-16 15:00:00,2025-06-21 20:54:30,2025-07-01 08:45:42,2025-07-01 18:50:44
VA-VSC-01557,Houston (362),New Enrollment,2025-06-16 16:00:00,2025-06-18 05:23:13,2025-06-22 01:49:03,2025-06-24 02:29:46
VA-VSC-01558,Waco (349),New Enrollment,2025-06-17 08:00:00,2025-06-26 12:46:58,2025-06-26 16:16:18,2025-06-26 19:16:49
VA-VSC-01559,Phoenix (344),Combat Veteran Auto-Enroll,2025-06-17 09:00:00,2025-06-18 05:07:11,2025-06-18 07:31:11,2025-06-18 19:31:15
VA-VSC-01560,Phoenix (344),Inter-Facility Transfer,2025-06-17 12:00:00,2025-06-17 20:05:09,2025-06-18 10:55:40,2025-06-18 13:19:40
VA-VSC-01561,Waco (349),New Enrollment,2025-06-17 13:00:00,2025-06-25 13:37:26,2025-06-26 15:42:56,2025-06-28 21:04:01
VA-VSC-01562,Waco (349),New Enrollment,2025-06-17 14:00:00,2025-06-22 20:20:57,2025-06-22 22:44:57,2025-06-24 17:08:03
VA-VSC-01563,St. Paul (335),New Enrollment,2025-06-17 14:00:00,2025-06-20 02:32:41,2025-06-22 14:31:10,2025-06-22 18:18:21
VA-VSC-01564,Waco (349),Priority Group Upgrade,2025-06-17 16:00:00,2025-06-24 03:22:08,2025-06-30 23:33:19,2025-07-02 03:41:16
VA-VSC-01565,Phoenix (344),New Enrollment,2025-06-18 07:00:00,2025-06-18 23:58:02,2025-06-22 14:52:30,2025-06-22 20:07:01
VA-VSC-01566,Waco (349),New Enrollment,2025-06-18 08:00:00,2025-06-21 23:49:14,2025-06-23 03:35:08,2025-06-25 13:06:10
VA-VSC-01567,Houston (362),Priority Group Upgrade,2025-06-18 11:00:00,2025-06-19 15:41:02,2025-06-27 17:13:44,2025-06-30 21:26:22
VA-VSC-01568,Waco (349),Priority Group Upgrade,2025-06-18 12:00:00,2025-06-24 15:17:03,2025-07-03 00:06:23,2025-07-06 15:27:46
VA-VSC-01569,Houston (362),New Enrollment,2025-06-18 12:00:00,2025-06-19 09:33:23,2025-06-19 11:57:23,2025-06-19 15:32:54
VA-VSC-01570,Waco (349),New Enrollment,2025-06-18 14:00:00,2025-06-24 09:42:57,2025-06-24 12:06:57,2025-06-25 12:42:17
VA-VSC-01571,Houston (362),Priority Group Upgrade,2025-06-18 15:00:00,2025-06-19 02:49:51,2025-06-25 18:13:19,2025-06-27 07:02:43
VA-VSC-01572,Waco (349),,2025-06-18 15:00:00,2025-06-26 19:04:25,2025-07-01 09:00:51,2025-07-01 13:21:07
VA-VSC-01573,St. Paul (335),New Enrollment,2025-06-18 15:00:00,2025-06-21 23:29:55,2025-06-22 12:55:18,2025-06-23 23:25:26
VA-VSC-01574,Phoenix (344),Combat Veteran Auto-Enroll,2025-06-18 16:00:00,2025-06-18 19:19:07,2025-06-18 21:58:02,2025-06-20 00:54:38
VA-VSC-01575,Waco (349),New Enrollment,2025-06-18 16:00:00,2025-06-24 13:29:54,2025-06-25 00:47:48,2025-06-26 16:27:38
VA-VSC-01576,Waco (349),Priority Group Upgrade,2025-06-19 07:00:00,2025-06-25 14:06:58,2025-07-03 14:59:32,2025-07-05 01:49:34
VA-VSC-01577,Waco (349),Inter-Facility Transfer,2025-06-19 08:00:00,2025-06-27 11:14:58,2025-06-27 19:24:18,2025-07-01 02:39:35
VA-VSC-01578,Houston (362),New Enrollment,2025-06-19 08:00:00,2025-06-19 21:15:34,2025-06-26 06:04:06,2025-06-27 04:06:21
VA-VSC-01579,Houston (362),New Enrollment,2025-06-19 11:00:00,2025-06-19 23:28:25,2025-06-21 12:00:01,2025-06-28 00:21:43
VA-VSC-01580,Waco (349),Priority Group Upgrade,2025-06-19 11:00:00,2025-06-30 18:04:58,2025-07-09 16:32:16,2025-07-12 11:58:21
VA-VSC-01581,Waco (349),Combat Veteran Auto-Enroll,2025-06-19 12:00:00,2025-06-29 13:54:28,2025-06-30 13:52:25,2025-07-02 12:18:00
VA-VSC-01582,Waco (349),Inter-Facility Transfer,2025-06-19 16:00:00,2025-06-28 23:34:21,2025-06-29 15:23:35,2025-06-30 02:35:51
VA-VSC-01583,Houston (362),,2025-06-19 16:00:00,2025-06-20 09:32:54,2025-06-27 13:36:40,2025-06-28 22:43:44
VA-VSC-01584,Waco (349),New Enrollment,2025-06-20 07:00:00,2025-06-28 14:13:55,2025-06-28 20:46:30,2025-07-03 11:43:13
VA-VSC-01585,Muskogee (351),Priority Group Upgrade,2025-06-20 09:00:00,2025-06-21 11:31:05,2025-06-29 08:47:39,2025-07-01 08:55:28
VA-VSC-01586,Waco (349),New Enrollment,2025-06-20 10:00:00,2025-06-25 16:51:59,2025-06-27 04:44:54,2025-06-28 11:40:07
VA-VSC-01587,Houston (362),Priority Group Upgrade,2025-06-20 12:00:00,2025-06-21 00:16:24,2025-06-28 23:09:18,2025-06-29 01:45:14
VA-VSC-01588,Waco (349),New Enrollment,2025-06-20 12:00:00,2025-06-24 00:32:23,2025-06-24 13:46:00,2025-06-28 03:03:25
VA-VSC-01589,Waco (349),New Enrollment,2025-06-20 14:00:00,2025-06-27 04:42:38,2025-06-30 07:12:06,2025-07-01 18:40:33
VA-VSC-01590,St. Paul (335),Combat Veteran Auto-Enroll,2025-06-21 09:00:00,2025-06-21 11:58:44,2025-06-22 11:27:26,2025-06-28 07:49:23
VA-VSC-01591,Houston (362),Priority Group Upgrade,2025-06-21 09:00:00,2025-06-22 08:42:13,2025-06-29 04:54:54,2025-06-29 10:39:52
VA-VSC-01592,Muskogee (351),New Enrollment,2025-06-21 10:00:00,2025-06-21 14:27:42,2025-06-22 12:56:38,2025-06-28 13:58:08
VA-VSC-01593,Waco (349),New Enrollment,2025-06-21 10:00:00,2025-06-28 14:36:40,2025-07-01 18:11:37,2025-07-02 00:20:43
VA-VSC-01594,Waco (349),Combat Veteran Auto-Enroll,2025-06-21 11:00:00,2025-06-30 17:24:22,2025-06-30 19:48:22,2025-07-01 05:55:00
VA-VSC-01595,St. Paul (335),Priority Group Upgrade,2025-06-21 11:00:00,2025-06-21 18:08:38,2025-07-02 17:18:39,2025-07-03 01:19:15
VA-VSC-01596,Houston (362),New Enrollment,2025-06-21 15:00:00,2025-06-22 12:39:23,2025-06-25 07:33:06,2025-07-01 06:15:51
VA-VSC-01597,Waco (349),New Enrollment,2025-06-21 16:00:00,2025-06-27 02:20:45,2025-07-01 02:04:34,2025-07-03 16:04:16
VA-VSC-01598,Waco (349),New Enrollment,2025-06-22 07:00:00,2025-06-29 15:54:58,2025-07-03 14:50:46,2025-07-05 19:41:30
VA-VSC-01599,Waco (349),Inter-Facility Transfer,2025-06-22 09:00:00,2025-06-27 04:24:36,2025-06-27 08:46:29,2025-06-29 21:42:09
VA-VSC-01600,Phoenix (344),Priority Group Upgrade,2025-06-22 10:00:00,2025-06-24 12:02:51,2025-06-30 16:43:57,2025-07-01 05:13:22
VA-VSC-01601,Waco (349),Priority Group Upgrade,2025-06-22 12:00:00,2025-06-26 17:42:14,2025-07-03 15:59:28,2025-07-05 14:49:48
VA-VSC-01602,Waco (349),Priority Group Upgrade,2025-06-22 13:00:00,2025-06-30 16:48:11,2025-07-09 17:16:23,2025-07-10 23:19:27
VA-VSC-01603,Waco (349),New Enrollment,2025-06-22 13:00:00,2025-06-29 20:54:45,2025-06-30 23:47:42,2025-07-03 05:52:12
VA-VSC-01604,Waco (349),Combat Veteran Auto-Enroll,2025-06-22 14:00:00,2025-06-28 12:16:30,2025-06-29 04:09:30,2025-06-30 20:48:59
VA-VSC-01605,Waco (349),Priority Group Upgrade,2025-06-22 14:00:00,2025-06-28 09:22:37,2025-07-07 13:44:35,2025-07-07 16:08:35
VA-VSC-01606,Waco (349),New Enrollment,2025-06-23 10:00:00,2025-06-29 19:53:48,2025-06-30 20:28:09,2025-07-02 03:10:39
VA-VSC-01607,Waco (349),New Enrollment,2025-06-23 12:00:00,2025-06-29 14:58:02,2025-06-29 23:53:03,2025-07-01 11:43:22
VA-VSC-01608,St. Paul (335),Priority Group Upgrade,2025-06-23 12:00:00,2025-06-23 23:47:42,2025-07-01 13:18:34,2025-07-03 14:07:47
VA-VSC-01609,Waco (349),Inter-Facility Transfer,2025-06-23 12:00:00,2025-06-28 11:29:29,2025-06-28 13:53:29,2025-06-29 03:50:45
VA-VSC-01610,Waco (349),New Enrollment,2025-06-23 13:00:00,2025-06-28 23:53:31,2025-06-30 13:22:55,2025-07-03 09:02:40
VA-VSC-01611,Phoenix (344),Combat Veteran Auto-Enroll,2025-06-23 14:00:00,2025-06-24 01:10:22,2025-06-25 01:23:24,2025-06-30 21:14:06
VA-VSC-01612,Houston (362),Combat Veteran Auto-Enroll,2025-06-23 15:00:00,2025-06-27 02:49:05,2025-06-27 16:02:47,2025-06-30 23:45:30
VA-VSC-01613,Waco (349),New Enrollment,2025-06-23 16:00:00,2025-06-30 15:18:58,2025-07-06 04:49:13,2025-07-07 11:59:21
VA-VSC-01614,Waco (349),New Enrollment,2025-06-24 08:00:00,2025-07-01 01:38:22,2025-07-03 10:48:04,2025-07-04 01:19:18
VA-VSC-01615,Waco (349),New Enrollment,2025-06-24 09:00:00,2025-07-02 03:31:36,2025-07-02 23:27:32,2025-07-08 17:29:55
VA-VSC-01616,Houston (362),Priority Group Upgrade,2025-06-24 09:00:00,2025-06-25 13:11:01,2025-07-02 04:26:51,2025-07-03 04:11:49
VA-VSC-01617,Muskogee (351),New Enrollment,2025-06-24 10:00:00,2025-06-25 21:20:54,2025-07-01 06:03:19,2025-07-01 14:53:05
VA-VSC-01618,Houston (362),New Enrollment,2025-06-24 11:00:00,2025-06-25 02:13:02,2025-06-25 05:48:52,2025-06-25 19:08:16
VA-VSC-01619,Houston (362),Priority Group Upgrade,2025-06-24 13:00:00,2025-06-25 02:37:02,2025-07-03 23:06:45,2025-07-04 11:41:36
VA-VSC-01620,St. Paul (335),Priority Group Upgrade,2025-06-24 16:00:00,2025-06-28 14:40:16,2025-07-04 08:03:24,2025-07-06 15:57:48
VA-VSC-01621,Waco (349),New Enrollment,2025-06-24 16:00:00,2025-06-30 20:56:54,2025-07-04 19:38:37,2025-07-07 01:17:00
VA-VSC-01622,Waco (349),New Enrollment,2025-06-25 07:00:00,2025-07-03 11:25:32,2025-07-03 22:23:01,2025-07-05 16:01:36
VA-VSC-01623,Houston (362),Priority Group Upgrade,2025-06-25 08:00:00,2025-06-26 19:18:13,2025-07-02 20:06:03,2025-07-04 12:19:20
VA-VSC-01624,Muskogee (351),Priority Group Upgrade,2025-06-25 09:00:00,2025-06-26 13:06:13,2025-07-03 02:55:42,2025-07-04 06:50:06
VA-VSC-01625,Waco (349),Combat Veteran Auto-Enroll,2025-06-25 10:00:00,2025-06-30 22:35:31,2025-07-02 12:12:53,2025-07-03 18:41:59
VA-VSC-01626,Houston (362),New Enrollment,2025-06-25 10:00:00,2025-06-27 00:49:38,2025-06-27 11:32:07,2025-06-28 21:39:15
VA-VSC-01627,Waco (349),Combat Veteran Auto-Enroll,2025-06-25 10:00:00,2025-07-01 19:54:59,2025-07-02 10:17:09,2025-07-03 16:55:17
VA-VSC-01628,Waco (349),Priority Group Upgrade,2025-06-25 11:00:00,2025-07-02 01:31:48,2025-07-09 19:36:13,2025-07-10 07:15:46
VA-VSC-01629,Waco (349),Priority Group Upgrade,2025-06-25 11:00:00,2025-07-01 18:39:48,2025-07-07 16:38:13,2025-07-07 19:02:13
VA-VSC-01630,Waco (349),Priority Group Upgrade,2025-06-25 12:00:00,2025-07-01 03:21:57,2025-07-08 21:57:11,2025-07-09 12:14:26
VA-VSC-01631,St. Paul (335),New Enrollment,2025-06-25 13:00:00,2025-06-26 00:42:46,2025-06-27 16:00:52,2025-06-29 07:32:35
VA-VSC-01632,Waco (349),New Enrollment,2025-06-25 13:00:00,2025-06-30 14:55:32,2025-07-04 01:43:32,2025-07-04 13:38:02
VA-VSC-01633,Houston (362),Priority Group Upgrade,2025-06-25 13:00:00,2025-06-26 16:32:41,2025-07-07 00:55:56,2025-07-08 06:19:23
VA-VSC-01634,St. Paul (335),Priority Group Upgrade,2025-06-25 14:00:00,2025-06-27 03:06:23,2025-07-06 22:36:15,2025-07-07 05:37:21
VA-VSC-01635,Muskogee (351),Priority Group Upgrade,2025-06-25 14:00:00,2025-06-26 14:44:10,2025-07-03 17:35:51,2025-07-04 00:06:49
VA-VSC-01636,Waco (349),New Enrollment,2025-06-25 15:00:00,2025-06-29 20:05:13,2025-06-30 00:01:15,2025-07-01 10:35:43
VA-VSC-01637,Waco (349),Inter-Facility Transfer,2025-06-25 15:00:00,2025-06-28 20:21:05,2025-06-30 16:22:28,2025-06-30 18:46:28
VA-VSC-01638,Waco (349),Priority Group Upgrade,2025-06-25 15:00:00,2025-06-27 15:53:36,2025-07-02 20:16:53,2025-07-03 22:41:23
VA-VSC-01639,Muskogee (351),New Enrollment,2025-06-25 16:00:00,2025-06-27 11:40:38,2025-06-29 08:38:04,2025-07-01 05:30:06
VA-VSC-01640,Muskogee (351),New Enrollment,2025-06-26 07:00:00,2025-06-29 13:47:09,2025-06-30 09:32:12,2025-07-03 16:52:56
VA-VSC-01641,Waco (349),Combat Veteran Auto-Enroll,2025-06-26 08:00:00,2025-07-03 02:26:34,2025-07-05 20:02:43,2025-07-06 10:27:52
VA-VSC-01642,Phoenix (344),Combat Veteran Auto-Enroll,2025-06-26 08:00:00,2025-06-26 14:53:16,2025-06-27 00:15:26,2025-06-27 17:44:24
VA-VSC-01643,Waco (349),Priority Group Upgrade,2025-06-26 08:00:00,2025-07-01 11:59:40,2025-07-11 12:10:27,2025-07-13 18:03:32
VA-VSC-01644,Houston (362),Combat Veteran Auto-Enroll,2025-06-26 09:00:00,2025-06-26 11:24:00,2025-06-26 15:12:41,2025-06-28 06:00:38
VA-VSC-01645,Waco (349),New Enrollment,2025-06-26 10:00:00,2025-07-03 09:29:32,2025-07-03 18:27:47,2025-07-05 00:35:58
VA-VSC-01646,St. Paul (335),New Enrollment,2025-06-26 11:00:00,2025-06-27 18:37:31,2025-06-28 12:07:32,2025-07-01 17:59:33
VA-VSC-01647,Waco (349),Combat Veteran Auto-Enroll,2025-06-26 11:00:00,2025-07-04 05:20:57,2025-07-06 05:08:47,2025-07-14 15:20:36
VA-VSC-01648,Phoenix (344),Combat Veteran Auto-Enroll,2025-06-26 12:00:00,2025-06-28 19:42:30,2025-06-30 02:53:52,2025-07-03 05:41:43
VA-VSC-01649,St. Paul (335),Priority Group Upgrade,2025-06-26 12:00:00,2025-06-27 03:24:50,2025-07-02 10:32:23,2025-07-02 13:17:20
VA-VSC-01650,St. Paul (335),Combat Veteran Auto-Enroll,2025-06-26 12:00:00,2025-07-01 14:27:51,2025-07-04 00:24:26,2025-07-08 01:54:01
VA-VSC-01651,Waco (349),New Enrollment,2025-06-26 15:00:00,2025-07-02 19:56:08,2025-07-03 03:20:47,2025-07-03 05:44:47
VA-VSC-01652,Waco (349),Combat Veteran Auto-Enroll,2025-06-27 11:00:00,2025-07-04 00:56:32,2025-07-05 06:38:05,2025-07-06 08:51:22
VA-VSC-01653,Waco (349),New Enrollment,2025-06-27 11:00:00,2025-07-03 10:41:35,2025-07-04 10:29:52,2025-07-06 19:50:53
VA-VSC-01654,Waco (349),,2025-06-27 12:00:00,2025-07-03 12:26:57,2025-07-04 09:07:06,2025-07-10 22:09:38
VA-VSC-01655,Waco (349),New Enrollment,2025-06-27 13:00:00,2025-07-03 19:48:43,2025-07-04 13:05:06,2025-07-06 15:57:18
VA-VSC-01656,Muskogee (351),New Enrollment,2025-06-27 13:00:00,2025-06-30 05:45:50,2025-07-01 07:41:45,2025-07-03 09:22:33
VA-VSC-01657,Houston (362),New Enrollment,2025-06-27 14:00:00,2025-06-27 16:24:00,2025-06-29 11:14:03,2025-07-01 22:11:28
VA-VSC-01658,Waco (349),New Enrollment,2025-06-27 15:00:00,2025-07-03 03:28:26,2025-07-03 12:24:14,2025-07-08 10:46:24
VA-VSC-01659,Waco (349),New Enrollment,2025-06-28 07:00:00,2025-07-05 10:25:52,2025-07-07 00:36:28,2025-07-07 03:00:28
VA-VSC-01660,Waco (349),New Enrollment,2025-06-28 07:00:00,2025-07-03 14:34:51,2025-07-04 23:51:10,2025-07-05 11:09:32
VA-VSC-01661,Houston (362),Priority Group Upgrade,2025-06-28 08:00:00,2025-06-28 23:30:58,2025-07-09 00:41:24,2025-07-10 16:48:22
VA-VSC-01662,Waco (349),New Enrollment,2025-06-28 09:00:00,2025-07-04 02:48:08,2025-07-04 21:19:52,2025-07-04 23:43:52
VA-VSC-01663,Phoenix (344),New Enrollment,2025-06-28 10:00:00,2025-06-29 04:38:20,2025-06-30 01:38:58,2025-07-02 21:31:30
VA-VSC-01664,Waco (349),Priority Group Upgrade,2025-06-28 10:00:00,2025-07-04 19:25:37,2025-07-08 15:57:50,2025-07-09 06:09:16
VA-VSC-01665,Muskogee (351),Combat Veteran Auto-Enroll,2025-06-28 11:00:00,2025-06-29 05:22:03,2025-06-29 20:09:25,2025-06-30 18:39:52
VA-VSC-01666,Phoenix (344),Combat Veteran Auto-Enroll,2025-06-28 11:00:00,2025-06-29 00:20:55,2025-07-04 09:35:43,2025-07-04 22:19:41
VA-VSC-01667,Waco (349),New Enrollment,2025-06-28 11:00:00,2025-07-04 15:32:56,2025-07-06 11:53:27,2025-07-06 14:17:27
VA-VSC-01668,Muskogee (351),Priority Group Upgrade,2025-06-28 11:00:00,2025-06-29 10:19:55,2025-07-09 06:45:01,2025-07-09 09:09:01
VA-VSC-01669,Waco (349),New Enrollment,2025-06-28 11:00:00,2025-07-06 11:41:41,2025-07-09 21:20:39,2025-07-10 05:51:16
VA-VSC-01670,St. Paul (335),New Enrollment,2025-06-28 14:00:00,2025-06-28 19:39:30,2025-06-29 15:22:56,2025-06-30 17:45:28
VA-VSC-01671,Waco (349),New Enrollment,2025-06-28 14:00:00,2025-07-06 07:11:22,2025-07-09 00:38:24,2025-07-09 05:25:10
VA-VSC-01672,Phoenix (344),Combat Veteran Auto-Enroll,2025-06-28 14:00:00,2025-06-29 13:50:21,2025-07-01 17:28:43,2025-07-04 19:31:36
VA-VSC-01673,Phoenix (344),New Enrollment,2025-06-28 14:00:00,2025-06-28 18:36:45,2025-06-29 21:27:02,2025-07-03 18:59:39
VA-VSC-01674,St. Paul (335),New Enrollment,2025-06-28 15:00:00,2025-06-29 02:02:39,2025-06-29 21:58:24,2025-07-03 04:17:03
VA-VSC-01675,St. Paul (335),New Enrollment,2025-06-29 08:00:00,2025-06-29 10:41:40,2025-07-02 09:20:40,2025-07-03 03:14:10
VA-VSC-01676,Waco (349),Combat Veteran Auto-Enroll,2025-06-29 08:00:00,2025-07-04 17:41:56,2025-07-05 03:18:11,2025-07-05 07:48:13
VA-VSC-01677,Waco (349),Priority Group Upgrade,2025-06-29 09:00:00,2025-07-04 02:59:38,2025-07-10 09:47:52,2025-07-11 20:40:27
VA-VSC-01678,Waco (349),New Enrollment,2025-06-29 10:00:00,2025-07-04 08:52:28,2025-07-05 06:32:42,2025-07-05 13:09:09
VA-VSC-01679,Waco (349),Priority Group Upgrade,2025-06-29 10:00:00,2025-07-09 10:17:03,2025-07-17 10:32:11,2025-07-17 14:13:37
VA-VSC-01680,Houston (362),Priority Group Upgrade,2025-06-29 11:00:00,2025-06-29 20:17:05,2025-07-06 22:03:36,2025-07-09 03:14:36
VA-VSC-01681,Waco (349),Priority Group Upgrade,2025-06-29 11:00:00,2025-07-10 12:03:05,2025-07-19 08:13:02,2025-07-21 01:35:44
VA-VSC-01682,Muskogee (351),New Enrollment,2025-06-29 11:00:00,2025-06-29 13:24:00,2025-06-29 15:48:00,2025-07-02 23:43:59
VA-VSC-01683,Houston (362),Combat Veteran Auto-Enroll,2025-06-29 12:00:00,2025-06-30 04:24:19,2025-06-30 19:25:42,2025-07-02 16:19:20
VA-VSC-01684,Phoenix (344),New Enrollment,2025-06-29 14:00:00,2025-07-01 00:51:26,2025-07-01 08:56:40,2025-07-01 18:47:21
VA-VSC-01685,Waco (349),Priority Group Upgrade,2025-06-29 15:00:00,2025-07-07 14:23:06,2025-07-15 13:08:51,2025-07-16 12:52:58
VA-VSC-01686,Phoenix (344),New Enrollment,2025-06-29 15:00:00,2025-06-29 22:58:00,2025-06-30 07:18:15,2025-07-01 07:34:24
VA-VSC-01687,Muskogee (351),New Enrollment,2025-06-30 07:00:00,2025-07-02 15:36:09,2025-07-02 18:00:09,2025-07-03 05:50:17
VA-VSC-01688,Waco (349),New Enrollment,2025-06-30 08:00:00,2025-07-09 16:06:28,2025-07-09 20:46:50,2025-07-11 20:27:23
VA-VSC-01689,Houston (362),Priority Group Upgrade,2025-06-30 08:00:00,2025-06-30 14:55:01,2025-07-08 17:59:35,2025-07-09 17:10:47
VA-VSC-01690,St. Paul (335),New Enrollment,2025-06-30 11:00:00,2025-07-01 20:05:27,2025-07-03 13:08:28,2025-07-05 13:47:11
VA-VSC-01691,Waco (349),Combat Veteran Auto-Enroll,2025-06-30 11:00:00,2025-07-05 09:53:19,2025-07-06 12:16:19,2025-07-08 12:44:00
VA-VSC-01692,Waco (349),New Enrollment,2025-06-30 11:00:00,2025-07-06 12:05:03,2025-07-08 02:22:58,2025-07-09 20:49:24
VA-VSC-01693,Waco (349),Priority Group Upgrade,2025-06-30 13:00:00,2025-07-05 10:54:54,2025-07-12 17:39:02,2025-07-15 14:01:53
VA-VSC-01694,Waco (349),Combat Veteran Auto-Enroll,2025-07-01 08:00:00,2025-07-06 22:51:32,2025-07-10 09:18:29,2025-07-14 20:26:06
VA-VSC-01695,Waco (349),Priority Group Upgrade,2025-07-01 08:00:00,2025-07-07 20:28:27,2025-07-15 02:32:12,2025-07-16 06:56:28
VA-VSC-01696,Waco (349),Priority Group Upgrade,2025-07-01 09:00:00,2025-07-06 08:21:28,2025-07-12 22:23:25,2025-07-13 02:05:51
VA-VSC-01697,Waco (349),Priority Group Upgrade,2025-07-01 09:00:00,2025-07-04 16:32:15,2025-07-10 13:50:11,2025-07-11 05:48:21
VA-VSC-01698,Waco (349),New Enrollment,2025-07-01 10:00:00,2025-07-07 09:36:59,2025-07-08 18:55:10,2025-07-10 21:48:40
VA-VSC-01699,Muskogee (351),Combat Veteran Auto-Enroll,2025-07-01 12:00:00,2025-07-01 14:24:00,2025-07-01 18:31:46,2025-07-02 09:18:41
VA-VSC-01700,Waco (349),New Enrollment,2025-07-01 14:00:00,2025-07-05 14:03:00,2025-07-06 23:16:27,2025-07-19 12:48:16
VA-VSC-01701,Muskogee (351),Priority Group Upgrade,2025-07-01 15:00:00,2025-07-01 18:03:37,2025-07-12 19:46:37,2025-07-13 01:50:55
VA-VSC-01702,Waco (349),Priority Group Upgrade,2025-07-01 15:00:00,2025-07-11 00:52:25,2025-07-17 06:50:30,2025-07-18 01:01:59
VA-VSC-01703,Waco (349),New Enrollment,2025-07-01 15:00:00,2025-07-08 17:41:49,2025-07-11 00:27:20,2025-07-13 14:03:28
VA-VSC-01704,Waco (349),New Enrollment,2025-07-02 10:00:00,2025-07-08 16:23:30,2025-07-11 21:46:57,2025-07-13 02:25:48
VA-VSC-01705,Waco (349),,2025-07-02 11:00:00,2025-07-07 16:33:24,2025-07-16 22:02:29,2025-07-17 04:30:29
VA-VSC-01706,Waco (349),Combat Veteran Auto-Enroll,2025-07-02 11:00:00,2025-07-09 15:05:41,2025-07-11 13:51:24,2025-07-14 13:10:01
VA-VSC-01707,Houston (362),Inter-Facility Transfer,2025-07-02 11:00:00,2025-07-05 11:55:21,2025-07-06 19:34:41,2025-07-09 20:07:50
VA-VSC-01708,Waco (349),Priority Group Upgrade,2025-07-02 11:00:00,2025-07-08 19:25:34,2025-07-15 15:00:31,2025-07-16 08:50:07
VA-VSC-01709,Houston (362),Priority Group Upgrade,2025-07-02 11:00:00,2025-07-02 21:09:55,2025-07-10 01:21:36,2025-07-10 06:50:58
VA-VSC-01710,Houston (362),Inter-Facility Transfer,2025-07-02 12:00:00,2025-07-04 01:48:42,2025-07-06 18:24:18,2025-07-08 08:20:30
VA-VSC-01711,Waco (349),New Enrollment,2025-07-02 13:00:00,2025-07-07 05:49:44,2025-07-07 23:17:15,2025-07-08 09:34:38
VA-VSC-01712,Waco (349),New Enrollment,2025-07-02 13:00:00,2025-07-08 13:44:36,2025-07-10 22:15:12,2025-07-12 04:16:39
VA-VSC-01713,St. Paul (335),Priority Group Upgrade,2025-07-03 07:00:00,2025-07-03 13:12:27,2025-07-12 17:53:52,2025-07-13 22:04:29
VA-VSC-01714,Waco (349),Combat Veteran Auto-Enroll,2025-07-03 07:00:00,2025-07-08 19:43:58,2025-07-09 23:53:22,2025-07-18 00:56:34
VA-VSC-01715,Waco (349),Combat Veteran Auto-Enroll,2025-07-03 09:00:00,2025-07-08 18:27:57,2025-07-10 07:27:04,2025-07-11 16:48:07
VA-VSC-01716,Muskogee (351),New Enrollment,2025-07-03 09:00:00,2025-07-06 04:14:46,2025-07-10 09:26:34,2025-07-10 18:00:48
VA-VSC-01717,Waco (349),New Enrollment,2025-07-03 09:00:00,2025-07-10 15:05:24,2025-07-11 14:45:03,2025-07-12 19:44:18
VA-VSC-01718,Houston (362),New Enrollment,2025-07-03 09:00:00,2025-07-05 22:40:05,2025-07-07 14:40:27,2025-07-11 18:35:17
VA-VSC-01719,Muskogee (351),New Enrollment,2025-07-03 10:00:00,2025-07-09 15:43:45,2025-07-10 18:00:10,2025-07-10 22:42:08
VA-VSC-01720,Waco (349),New Enrollment,2025-07-03 10:00:00,2025-07-08 20:06:19,2025-07-09 10:10:52,2025-07-09 15:25:42
VA-VSC-01721,Waco (349),Combat Veteran Auto-Enroll,2025-07-03 10:00:00,2025-07-09 14:01:59,2025-07-10 02:42:46,2025-07-17 13:30:41
VA-VSC-01722,Waco (349),New Enrollment,2025-07-03 14:00:00,2025-07-10 01:17:37,2025-07-10 23:56:17,2025-07-12 08:29:44
VA-VSC-01723,Waco (349),Combat Veteran Auto-Enroll,2025-07-03 15:00:00,2025-07-11 06:16:24,2025-07-11 08:40:24,2025-07-13 16:19:15
VA-VSC-01724,Waco (349),New Enrollment,2025-07-04 09:00:00,2025-07-11 10:20:40,2025-07-11 19:46:43,2025-07-11 22:10:43
VA-VSC-01725,Houston (362),Priority Group Upgrade,2025-07-04 12:00:00,2025-07-05 22:59:11,2025-07-16 19:52:17,2025-07-18 00:16:37
VA-VSC-01726,Waco (349),New Enrollment,2025-07-04 12:00:00,2025-07-09 11:26:21,2025-07-10 01:44:41,2025-07-11 04:12:48
VA-VSC-01727,Waco (349),New Enrollment,2025-07-04 13:00:00,2025-07-12 00:26:46,2025-07-12 11:55:55,2025-07-12 14:26:36
VA-VSC-01728,Muskogee (351),New Enrollment,2025-07-04 13:00:00,2025-07-05 08:52:04,2025-07-10 09:19:57,2025-07-11 18:57:09
VA-VSC-01729,St. Paul (335),Inter-Facility Transfer,2025-07-04 13:00:00,2025-07-04 22:17:50,2025-07-05 06:01:51,2025-07-07 14:57:12
VA-VSC-01730,Houston (362),Combat Veteran Auto-Enroll,2025-07-04 14:00:00,2025-07-05 12:08:18,2025-07-06 21:29:11,2025-07-09 17:01:23
VA-VSC-01731,Waco (349),Priority Group Upgrade,2025-07-04 15:00:00,2025-07-10 21:16:52,2025-07-13 03:38:48,2025-07-16 09:31:15
VA-VSC-01732,Houston (362),New Enrollment,2025-07-04 16:00:00,2025-07-05 14:12:32,2025-07-07 00:20:02,2025-07-07 08:06:25
VA-VSC-01733,Waco (349),Inter-Facility Transfer,2025-07-04 16:00:00,2025-07-11 04:34:06,2025-07-11 19:17:13,2025-07-12 15:59:41
VA-VSC-01734,Waco (349),New Enrollment,2025-07-05 07:00:00,2025-07-11 09:56:47,2025-07-11 16:12:59,2025-07-12 00:41:25
VA-VSC-01735,Waco (349),New Enrollment,2025-07-05 07:00:00,2025-07-10 09:02:32,2025-07-11 04:25:01,2025-07-11 22:20:24
VA-VSC-01736,Phoenix (344),Priority Group Upgrade,2025-07-05 08:00:00,2025-07-07 04:35:24,2025-07-11 17:04:53,2025-07-12 03:35:08
VA-VSC-01737,Waco (349),Inter-Facility Transfer,2025-07-05 10:00:00,2025-07-11 03:10:34,2025-07-11 09:47:22,2025-07-11 16:10:38
VA-VSC-01738,Waco (349),New Enrollment,2025-07-05 12:00:00,2025-07-13 04:39:35,2025-07-14 05:18:30,2025-07-16 05:11:23
VA-VSC-01739,Waco (349),New Enrollment,2025-07-05 13:00:00,2025-07-08 20:42:59,2025-07-09 09:58:21,2025-07-11 12:40:19
VA-VSC-01740,Waco (349),Inter-Facility Transfer,2025-07-05 14:00:00,2025-07-10 15:06:32,2025-07-12 01:40:47,2025-07-15 21:27:43
VA-VSC-01741,Phoenix (344),New Enrollment,2025-07-05 14:00:00,2025-07-06 17:09:21,2025-07-07 22:39:48,2025-07-08 03:31:43
VA-VSC-01742,St. Paul (335),New Enrollment,2025-07-05 15:00:00,2025-07-07 13:11:44,2025-07-12 23:25:47,2025-07-13 09:01:38
VA-VSC-01743,St. Paul (335),Priority Group Upgrade,2025-07-05 15:00:00,2025-07-08 07:56:42,2025-07-14 19:35:14,2025-07-20 07:29:01
VA-VSC-01744,Waco (349),Combat Veteran Auto-Enroll,2025-07-05 15:00:00,2025-07-11 08:02:35,2025-07-13 16:34:29,2025-07-13 19:32:01
VA-VSC-01745,Waco (349),Priority Group Upgrade,2025-07-06 07:00:00,2025-07-12 18:39:48,2025-07-16 12:25:41,2025-07-19 21:49:22
VA-VSC-01746,Waco (349),Inter-Facility Transfer,2025-07-06 08:00:00,2025-07-13 11:35:18,2025-07-16 02:39:14,2025-07-16 22:31:15
VA-VSC-01747,Waco (349),Priority Group Upgrade,2025-07-06 08:00:00,2025-07-10 07:03:54,2025-07-19 06:39:21,2025-07-20 06:10:24
VA-VSC-01748,Waco (349),New Enrollment,2025-07-06 09:00:00,2025-07-13 20:24:07,2025-07-14 05:13:54,2025-07-16 05:49:46
VA-VSC-01749,St. Paul (335),Inter-Facility Transfer,2025-07-06 10:00:00,2025-07-07 16:53:55,2025-07-08 09:40:10,2025-07-10 18:44:53
VA-VSC-01750,Waco (349),New Enrollment,2025-07-06 11:00:00,2025-07-13 05:24:12,2025-07-13 07:48:12,2025-07-19 05:31:13
VA-VSC-01751,Waco (349),New Enrollment,2025-07-06 11:00:00,2025-07-12 20:58:15,2025-07-15 11:31:59,2025-07-15 20:25:37
VA-VSC-01752,Waco (349),Priority Group Upgrade,2025-07-06 16:00:00,2025-07-11 14:38:54,2025-07-23 14:33:03,2025-07-24 23:36:26
VA-VSC-01753,Waco (349),New Enrollment,2025-07-07 07:00:00,2025-07-11 14:11:43,2025-07-12 05:33:13,2025-07-14 21:01:58
VA-VSC-01754,Waco (349),New Enrollment,2025-07-07 07:00:00,2025-07-12 19:47:11,2025-07-13 03:51:16,2025-07-16 10:58:42
VA-VSC-01755,Muskogee (351),New Enrollment,2025-07-07 12:00:00,2025-07-08 09:32:25,2025-07-10 04:24:56,2025-07-11 14:35:07
VA-VSC-01756,St. Paul (335),New Enrollment,2025-07-07 14:00:00,2025-07-08 05:32:29,2025-07-16 03:31:37,2025-07-16 11:11:41
VA-VSC-01757,Muskogee (351),Combat Veteran Auto-Enroll,2025-07-08 07:00:00,2025-07-09 08:52:13,2025-07-12 15:00:11,2025-07-14 22:47:26
VA-VSC-01758,Waco (349),Priority Group Upgrade,2025-07-08 07:00:00,2025-07-17 11:45:34,2025-07-23 22:14:42,2025-07-24 13:28:56
VA-VSC-01759,Waco (349),Inter-Facility Transfer,2025-07-08 08:00:00,2025-07-16 02:08:46,2025-07-16 07:54:05,2025-07-19 03:34:40
VA-VSC-01760,Waco (349),New Enrollment,2025-07-08 08:00:00,2025-07-15 02:24:33,2025-07-15 13:40:13,2025-07-16 22:25:00
VA-VSC-01761,Waco (349),New Enrollment,2025-07-08 08:00:00,2025-07-16 02:00:39,2025-07-18 04:20:57,2025-07-18 21:42:27
VA-VSC-01762,Phoenix (344),New Enrollment,2025-07-08 09:00:00,2025-07-08 18:20:08,2025-07-09 17:16:26,2025-07-11 23:23:34
VA-VSC-01763,Waco (349),New Enrollment,2025-07-08 10:00:00,2025-07-18 15:44:56,2025-07-18 21:14:07,2025-07-19 21:28:24
VA-VSC-01764,Waco (349),New Enrollment,2025-07-08 10:00:00,2025-07-13 11:40:11,2025-07-16 06:37:38,2025-07-17 19:21:50
VA-VSC-01765,Waco (349),Combat Veteran Auto-Enroll,2025-07-08 10:00:00,2025-07-17 13:09:18,2025-07-17 16:06:38,2025-07-19 02:46:19
VA-VSC-01766,Waco (349),Inter-Facility Transfer,2025-07-08 12:00:00,2025-07-15 04:10:16,2025-07-20 13:19:44,2025-07-21 06:19:49
VA-VSC-01767,St. Paul (335),Inter-Facility Transfer,2025-07-08 15:00:00,2025-07-08 23:15:27,2025-07-09 23:11:34,2025-07-11 12:41:31
VA-VSC-01768,Waco (349),New Enrollment,2025-07-09 07:00:00,2025-07-13 13:49:01,2025-07-14 07:48:19,2025-07-15 11:37:59
VA-VSC-01769,Waco (349),Combat Veteran Auto-Enroll,2025-07-09 08:00:00,2025-07-18 05:34:58,2025-07-21 02:10:51,2025-07-22 07:18:47
VA-VSC-01770,Waco (349),New Enrollment,2025-07-09 09:00:00,2025-07-13 19:03:52,2025-07-17 06:17:44,2025-07-17 12:40:07
VA-VSC-01771,Waco (349),New Enrollment,2025-07-09 09:00:00,2025-07-14 05:05:58,2025-07-16 15:33:39,2025-07-18 09:08:38
VA-VSC-01772,St. Paul (335),Combat Veteran Auto-Enroll,2025-07-09 11:00:00,2025-07-13 05:01:15,2025-07-13 14:29:53,2025-07-14 22:24:34
VA-VSC-01773,Phoenix (344),Priority Group Upgrade,2025-07-09 15:00:00,2025-07-14 04:10:57,2025-07-24 05:47:51,2025-07-26 20:24:00
VA-VSC-01774,Muskogee (351),New Enrollment,2025-07-09 15:00:00,2025-07-10 03:17:55,2025-07-11 06:31:14,2025-07-13 03:36:53
VA-VSC-01775,St. Paul (335),New Enrollment,2025-07-09 16:00:00,2025-07-10 19:04:16,2025-07-12 17:44:48,2025-07-14 21:46:14
VA-VSC-01776,Waco (349),New Enrollment,2025-07-10 08:00:00,2025-07-14 18:49:22,2025-07-15 16:49:44,2025-07-17 21:10:58
VA-VSC-01777,Houston (362),Priority Group Upgrade,2025-07-10 09:00:00,2025-07-10 19:06:28,2025-07-18 03:54:31,2025-07-18 10:17:40
VA-VSC-01778,Waco (349),Priority Group Upgrade,2025-07-10 10:00:00,2025-07-15 21:05:06,2025-07-25 03:57:17,2025-07-27 21:12:56
VA-VSC-01779,Waco (349),Inter-Facility Transfer,2025-07-10 10:00:00,2025-07-15 05:39:33,2025-07-15 11:19:36,2025-07-16 06:01:03
VA-VSC-01780,Phoenix (344),New Enrollment,2025-07-10 11:00:00,2025-07-10 23:12:22,2025-07-13 18:58:37,2025-07-13 21:22:37
VA-VSC-01781,Waco (349),New Enrollment,2025-07-10 11:00:00,2025-07-16 18:54:04,2025-07-16 23:58:08,2025-07-20 11:08:40
VA-VSC-01782,Phoenix (344),Priority Group Upgrade,2025-07-10 11:00:00,2025-07-10 17:53:12,2025-07-21 09:47:57,2025-07-21 17:57:17
VA-VSC-01783,Waco (349),,2025-07-10 16:00:00,2025-07-16 06:10:54,2025-07-25 18:30:49,2025-08-04 05:51:11
VA-VSC-01784,Houston (362),New Enrollment,2025-07-11 09:00:00,2025-07-12 07:16:21,2025-07-21 22:41:34,2025-07-23 12:44:40
VA-VSC-01785,Houston (362),Priority Group Upgrade,2025-07-11 10:00:00,2025-07-12 01:41:38,2025-07-22 12:52:26,2025-07-23 01:40:51
VA-VSC-01786,Phoenix (344),Combat Veteran Auto-Enroll,2025-07-11 10:00:00,2025-07-11 12:54:06,2025-07-12 05:42:55,2025-07-13 08:09:33
VA-VSC-01787,Houston (362),Inter-Facility Transfer,2025-07-11 10:00:00,2025-07-12 08:50:23,2025-07-19 13:09:31,2025-07-20 01:08:43
VA-VSC-01788,Houston (362),Combat Veteran Auto-Enroll,2025-07-11 10:00:00,2025-07-11 23:34:15,2025-07-12 04:40:38,2025-07-14 01:34:53
VA-VSC-01789,Waco (349),Combat Veteran Auto-Enroll,2025-07-11 11:00:00,2025-07-17 06:33:14,2025-07-18 06:14:22,2025-07-18 19:46:55
VA-VSC-01790,Waco (349),Priority Group Upgrade,2025-07-11 14:00:00,2025-07-16 08:01:31,2025-07-20 07:02:23,2025-07-20 16:03:08
VA-VSC-01791,Waco (349),Combat Veteran Auto-Enroll,2025-07-11 16:00:00,2025-07-21 23:33:09,2025-07-24 19:40:40,2025-07-27 11:18:33
VA-VSC-01792,St. Paul (335),New Enrollment,2025-07-12 07:00:00,2025-07-15 02:18:40,2025-07-15 04:42:40,2025-07-16 09:56:23
VA-VSC-01793,Waco (349),New Enrollment,2025-07-12 07:00:00,2025-07-19 14:54:52,2025-07-20 22:25:41,2025-07-21 07:40:18
VA-VSC-01794,Houston (362),New Enrollment,2025-07-12 07:00:00,2025-07-12 18:59:17,2025-07-13 08:45:16,2025-07-13 23:17:42
VA-VSC-01795,Waco (349),Priority Group Upgrade,2025-07-12 12:00:00,2025-07-18 21:09:47,2025-07-27 06:50:44,2025-07-31 03:29:28
VA-VSC-01796,Waco (349),New Enrollment,2025-07-12 15:00:00,2025-07-20 09:26:43,2025-07-21 04:49:02,2025-07-22 01:12:08
VA-VSC-01797,St. Paul (335),Inter-Facility Transfer,2025-07-12 15:00:00,2025-07-13 04:40:46,2025-07-17 15:39:31,2025-07-18 17:46:21
VA-VSC-01798,Waco (349),New Enrollment,2025-07-12 16:00:00,2025-07-19 15:27:39,2025-07-20 03:25:12,2025-07-20 20:28:41
VA-VSC-01799,Waco (349),New Enrollment,2025-07-12 16:00:00,2025-07-18 12:33:20,2025-07-27 19:58:13,2025-07-29 06:57:31
VA-VSC-01800,Waco (349),Priority Group Upgrade,2025-07-12 16:00:00,2025-07-19 21:01:45,2025-07-24 18:12:35,2025-07-31 09:41:41
VA-VSC-01801,Muskogee (351),New Enrollment,2025-07-12 16:00:00,2025-07-18 00:52:52,2025-07-18 03:21:36,2025-07-21 20:24:19
VA-VSC-01802,St. Paul (335),New Enrollment,2025-07-13 07:00:00,2025-07-13 19:38:57,2025-07-14 15:11:22,2025-07-18 04:48:18
VA-VSC-01803,Waco (349),New Enrollment,2025-07-13 08:00:00,2025-07-17 15:35:28,2025-07-18 07:19:51,2025-07-24 09:06:35
VA-VSC-01804,Waco (349),Priority Group Upgrade,2025-07-13 10:00:00,2025-07-17 10:12:32,2025-07-25 15:50:38,2025-07-28 11:50:57
VA-VSC-01805,Waco (349),New Enrollment,2025-07-13 10:00:00,2025-07-18 23:59:25,2025-07-21 06:44:11,2025-07-21 09:08:11
VA-VSC-01806,St. Paul (335),Combat Veteran Auto-Enroll,2025-07-13 12:00:00,2025-07-15 16:56:58,2025-07-15 22:35:20,2025-07-17 13:24:46
VA-VSC-01807,Houston (362),Priority Group Upgrade,2025-07-13 13:00:00,2025-07-14 21:40:53,2025-07-20 12:12:46,2025-07-21 22:40:56
VA-VSC-01808,Waco (349),New Enrollment,2025-07-13 13:00:00,2025-07-22 22:23:37,2025-07-24 00:14:18,2025-07-24 08:27:16
VA-VSC-01809,Waco (349),New Enrollment,2025-07-13 14:00:00,2025-07-20 15:11:55,2025-07-20 18:37:02,2025-07-21 02:48:09
VA-VSC-01810,Waco (349),New Enrollment,2025-07-13 14:00:00,2025-07-19 18:48:19,2025-07-20 05:37:08,2025-07-21 10:40:29
VA-VSC-01811,Houston (362),Combat Veteran Auto-Enroll,2025-07-13 14:00:00,2025-07-14 17:16:28,2025-07-17 20:27:55,2025-07-19 08:24:18
VA-VSC-01812,St. Paul (335),New Enrollment,2025-07-13 15:00:00,2025-07-13 17:42:43,2025-07-14 16:06:52,2025-07-18 02:58:12
VA-VSC-01813,Waco (349),New Enrollment,2025-07-14 07:00:00,2025-07-19 08:19:46,2025-07-19 11:46:22,2025-07-20 06:57:19
VA-VSC-01814,Waco (349),Combat Veteran Auto-Enroll,2025-07-14 08:00:00,2025-07-20 22:13:54,2025-07-21 11:23:43,2025-07-21 18:22:11
VA-VSC-01815,Waco (349),Priority Group Upgrade,2025-07-14 08:00:00,2025-07-18 18:51:13,2025-07-23 19:09:02,2025-07-25 08:02:24
VA-VSC-01816,Muskogee (351),New Enrollment,2025-07-14 14:00:00,2025-07-15 11:13:51,2025-07-15 13:37:51,2025-07-16 16:45:35
VA-VSC-01817,Waco (349),New Enrollment,2025-07-14 14:00:00,2025-07-21 01:08:58,2025-07-21 08:22:53,2025-07-21 22:36:42
VA-VSC-01818,St. Paul (335),Inter-Facility Transfer,2025-07-14 15:00:00,2025-07-14 22:08:18,2025-07-15 00:46:21,2025-07-15 21:17:31
VA-VSC-01819,Houston (362),Combat Veteran Auto-Enroll,2025-07-14 15:00:00,2025-07-19 06:12:51,2025-07-19 21:56:16,2025-07-21 03:33:45
VA-VSC-01820,Waco (349),Priority Group Upgrade,2025-07-14 15:00:00,2025-07-21 09:12:09,2025-07-30 02:58:43,2025-08-05 02:40:23
VA-VSC-01821,Waco (349),Priority Group Upgrade,2025-07-14 16:00:00,2025-07-23 16:57:34,2025-08-01 01:24:54,2025-08-02 23:29:18
VA-VSC-01822,Waco (349),Priority Group Upgrade,2025-07-14 16:00:00,2025-07-24 05:57:56,2025-07-31 05:47:43,2025-08-01 09:34:09
VA-VSC-01823,Houston (362),,2025-07-15 07:00:00,2025-07-16 21:44:47,2025-07-17 00:08:47,2025-07-19 09:07:05
VA-VSC-01824,St. Paul (335),Inter-Facility Transfer,2025-07-15 08:00:00,2025-07-18 14:33:21,2025-07-19 07:55:22,2025-07-19 10:19:22
VA-VSC-01825,Houston (362),New Enrollment,2025-07-15 09:00:00,2025-07-15 11:24:00,2025-07-18 19:31:48,2025-07-21 09:03:57
VA-VSC-01826,Waco (349),Combat Veteran Auto-Enroll,2025-07-15 10:00:00,2025-07-20 09:48:40,2025-07-20 12:12:40,2025-07-23 18:38:12
VA-VSC-01827,Waco (349),New Enrollment,2025-07-15 10:00:00,2025-07-21 03:30:06,2025-07-23 10:00:52,2025-07-24 21:47:21
VA-VSC-01828,Muskogee (351),New Enrollment,2025-07-15 10:00:00,2025-07-19 04:20:38,2025-07-20 03:57:32,2025-07-22 10:11:51
VA-VSC-01829,St. Paul (335),Priority Group Upgrade,2025-07-15 11:00:00,2025-07-16 07:31:54,2025-07-25 17:10:59,2025-07-26 17:35:44
VA-VSC-01830,Waco (349),New Enrollment,2025-07-15 12:00:00,2025-07-21 15:59:42,2025-07-22 16:48:01,2025-07-23 13:47:35
VA-VSC-01831,Muskogee (351),Inter-Facility Transfer,2025-07-15 13:00:00,2025-07-16 11:37:55,2025-07-16 16:46:45,2025-07-16 19:10:45
VA-VSC-01832,Houston (362),New Enrollment,2025-07-15 13:00:00,2025-07-15 22:29:03,2025-07-17 07:55:26,2025-07-19 19:37:16
VA-VSC-01833,Houston (362),Priority Group Upgrade,2025-07-15 14:00:00,2025-07-17 16:27:49,2025-07-27 12:42:37,2025-07-28 14:12:32
VA-VSC-01834,St. Paul (335),Inter-Facility Transfer,2025-07-15 16:00:00,2025-07-15 18:24:00,2025-07-15 23:11:55,2025-07-17 03:46:13
VA-VSC-01835,St. Paul (335),Inter-Facility Transfer,2025-07-15 16:00:00,2025-07-15 22:50:08,2025-07-16 11:00:34,2025-07-18 13:06:40
VA-VSC-01836,Houston (362),New Enrollment,2025-07-16 08:00:00,2025-07-16 20:47:11,2025-07-18 02:07:39,2025-07-19 03:38:59
VA-VSC-01837,Waco (349),New Enrollment,2025-07-16 08:00:00,2025-07-21 19:40:25,2025-07-21 22:26:32,2025-07-22 11:22:40
VA-VSC-01838,Waco (349),Priority Group Upgrade,2025-07-16 10:00:00,2025-07-20 08:41:19,2025-07-25 08:38:25,2025-07-28 12:52:35
VA-VSC-01839,Muskogee (351),New Enrollment,2025-07-16 11:00:00,2025-07-18 11:46:59,2025-07-18 20:50:54,2025-07-19 02:56:19
VA-VSC-01840,Waco (349),Inter-Facility Transfer,2025-07-16 11:00:00,2025-07-22 03:26:41,2025-07-23 16:50:55,2025-07-25 12:47:21
VA-VSC-01841,Waco (349),Inter-Facility Transfer,2025-07-16 15:00:00,2025-07-22 12:23:05,2025-07-22 22:11:48,2025-07-25 18:31:22
VA-VSC-01842,Waco (349),New Enrollment,2025-07-17 07:00:00,2025-07-24 08:57:48,2025-07-24 20:51:22,2025-07-25 01:39:33
VA-VSC-01843,Waco (349),New Enrollment,2025-07-17 09:00:00,2025-07-22 15:15:30,2025-07-23 19:04:21,2025-07-31 01:40:15
VA-VSC-01844,Houston (362),New Enrollment,2025-07-17 10:00:00,2025-07-18 00:40:53,2025-07-18 09:37:40,2025-07-18 18:23:14
VA-VSC-01845,Muskogee (351),Inter-Facility Transfer,2025-07-17 11:00:00,2025-07-17 16:28:19,2025-07-18 00:10:24,2025-07-20 21:07:50
VA-VSC-01846,Waco (349),New Enrollment,2025-07-17 11:00:00,2025-07-20 07:45:35,2025-07-29 06:04:41,2025-07-30 17:34:41
VA-VSC-01847,Waco (349),New Enrollment,2025-07-17 14:00:00,2025-07-24 19:23:23,2025-07-25 18:20:40,2025-07-26 13:30:00
VA-VSC-01848,Waco (349),New Enrollment,2025-07-17 15:00:00,2025-07-20 22:46:20,2025-07-24 20:20:08,2025-07-25 12:50:32
VA-VSC-01849,Phoenix (344),Priority Group Upgrade,2025-07-18 07:00:00,2025-07-18 09:35:43,2025-07-23 14:47:02,2025-07-24 00:52:08
VA-VSC-01850,Houston (362),New Enrollment,2025-07-18 07:00:00,2025-07-19 17:04:16,2025-07-20 11:51:29,2025-07-23 12:58:03
VA-VSC-01851,Waco (349),New Enrollment,2025-07-18 08:00:00,2025-07-25 17:26:28,2025-07-26 01:07:06,2025-07-27 16:50:41
VA-VSC-01852,St. Paul (335),Inter-Facility Transfer,2025-07-18 08:00:00,2025-07-19 10:23:25,2025-07-21 10:49:52,2025-07-21 13:38:13
VA-VSC-01853,Phoenix (344),Inter-Facility Transfer,2025-07-18 10:00:00,2025-07-19 23:51:39,2025-07-20 11:19:17,2025-07-22 04:02:29
VA-VSC-01854,Phoenix (344),Combat Veteran Auto-Enroll,2025-07-18 12:00:00,2025-07-18 19:59:28,2025-07-21 13:41:56,2025-07-22 21:08:21
VA-VSC-01855,Phoenix (344),New Enrollment,2025-07-18 14:00:00,2025-07-19 19:39:35,2025-07-22 04:32:59,2025-07-26 16:52:34
VA-VSC-01856,Waco (349),New Enrollment,2025-07-18 14:00:00,2025-07-26 17:55:21,2025-07-26 23:43:16,2025-07-30 20:15:20
VA-VSC-01857,St. Paul (335),Priority Group Upgrade,2025-07-18 16:00:00,2025-07-19 19:45:31,2025-07-26 03:50:04,2025-07-31 05:52:50
VA-VSC-01858,Waco (349),New Enrollment,2025-07-19 09:00:00,2025-07-24 11:17:03,2025-07-26 13:18:55,2025-07-27 17:46:16
VA-VSC-01859,Phoenix (344),Inter-Facility Transfer,2025-07-19 11:00:00,2025-07-20 15:56:20,2025-07-21 13:37:36,2025-07-23 10:52:17
VA-VSC-01860,St. Paul (335),Priority Group Upgrade,2025-07-19 13:00:00,2025-07-21 14:45:01,2025-07-27 20:03:27,2025-07-30 05:06:52
VA-VSC-01861,St. Paul (335),New Enrollment,2025-07-19 13:00:00,2025-07-20 00:14:39,2025-07-20 02:38:39,2025-07-23 07:12:27
VA-VSC-01862,Houston (362),Inter-Facility Transfer,2025-07-20 09:00:00,2025-07-20 20:26:43,2025-07-21 12:21:38,2025-07-22 08:00:56
VA-VSC-01863,Waco (349),Inter-Facility Transfer,2025-07-20 09:00:00,2025-07-27 21:20:34,2025-07-29 16:59:14,2025-08-01 15:55:19
VA-VSC-01864,Waco (349),New Enrollment,2025-07-20 10:00:00,2025-07-25 11:42:43,2025-07-27 02:52:44,2025-07-29 16:05:56
VA-VSC-01865,Muskogee (351),,2025-07-20 10:00:00,2025-07-23 02:49:03,2025-07-30 16:43:10,2025-08-01 18:51:09
VA-VSC-01866,Muskogee (351),New Enrollment,2025-07-20 10:00:00,2025-07-20 12:24:00,2025-07-23 01:42:35,2025-07-24 17:46:55
VA-VSC-01867,Waco (349),,2025-07-20 10:00:00,2025-07-27 06:29:16,2025-08-01 18:39:40,2025-08-08 01:48:28
VA-VSC-01868,Waco (349),New Enrollment,2025-07-20 11:00:00,2025-07-27 11:55:38,2025-07-27 14:19:38,2025-07-30 13:07:08
VA-VSC-01869,Waco (349),Priority Group Upgrade,2025-07-20 12:00:00,2025-07-25 04:34:29,2025-08-01 04:37:35,2025-08-04 14:15:38
VA-VSC-01870,St. Paul (335),Inter-Facility Transfer,2025-07-20 12:00:00,2025-07-21 20:14:11,2025-07-27 01:13:56,2025-07-29 04:21:03
VA-VSC-01871,St. Paul (335),Priority Group Upgrade,2025-07-20 12:00:00,2025-07-20 19:19:03,2025-07-28 10:54:52,2025-08-04 23:15:33
VA-VSC-01872,Waco (349),New Enrollment,2025-07-20 14:00:00,2025-07-24 16:13:16,2025-07-26 20:52:00,2025-07-30 21:50:34
VA-VSC-01873,Waco (349),Priority Group Upgrade,2025-07-20 15:00:00,2025-07-25 03:55:22,2025-07-31 11:53:43,2025-08-02 02:07:20
VA-VSC-01874,Phoenix (344),New Enrollment,2025-07-20 16:00:00,2025-07-21 14:16:42,2025-07-21 20:17:56,2025-07-25 04:13:09
VA-VSC-01875,St. Paul (335),Combat Veteran Auto-Enroll,2025-07-21 07:00:00,2025-07-21 09:24:00,2025-07-21 12:58:35,2025-07-22 09:05:00
VA-VSC-01876,Waco (349),New Enrollment,2025-07-21 07:00:00,2025-07-25 18:25:33,2025-07-26 17:40:14,2025-07-27 18:09:51
VA-VSC-01877,Houston (362),New Enrollment,2025-07-21 08:00:00,2025-07-24 14:57:10,2025-07-25 08:52:25,2025-07-26 15:43:43
VA-VSC-01878,Waco (349),New Enrollment,2025-07-21 08:00:00,2025-07-27 16:52:26,2025-07-28 04:43:39,2025-08-01 16:55:47
VA-VSC-01879,Waco (349),Combat Veteran Auto-Enroll,2025-07-21 08:00:00,2025-07-27 14:30:31,2025-07-28 21:37:06,2025-07-29 10:47:37
VA-VSC-01880,Houston (362),New Enrollment,2025-07-21 09:00:00,2025-07-21 19:07:15,2025-07-23 12:18:56,2025-07-25 22:43:49
VA-VSC-01881,Houston (362),Combat Veteran Auto-Enroll,2025-07-21 10:00:00,2025-07-22 09:48:32,2025-07-23 18:50:58,2025-07-25 11:51:35
VA-VSC-01882,Phoenix (344),New Enrollment,2025-07-21 11:00:00,2025-07-21 13:27:35,2025-07-23 05:24:02,2025-07-24 11:51:15
VA-VSC-01883,Houston (362),New Enrollment,2025-07-21 13:00:00,2025-07-22 05:37:10,2025-07-25 04:23:57,2025-07-25 06:47:57
VA-VSC-01884,St. Paul (335),Priority Group Upgrade,2025-07-21 14:00:00,2025-07-21 22:20:08,2025-07-29 17:50:21,2025-07-29 20:14:21
VA-VSC-01885,Waco (349),Inter-Facility Transfer,2025-07-21 14:00:00,2025-07-26 04:47:10,2025-08-01 21:28:00,2025-08-02 12:35:16
VA-VSC-01886,Waco (349),Inter-Facility Transfer,2025-07-21 14:00:00,2025-07-28 03:53:13,2025-08-03 09:51:11,2025-08-04 02:25:01
VA-VSC-01887,Waco (349),New Enrollment,2025-07-21 14:00:00,2025-07-30 03:36:14,2025-08-08 04:20:22,2025-08-09 22:58:02
VA-VSC-01888,Waco (349),New Enrollment,2025-07-21 16:00:00,2025-07-27 16:17:04,2025-07-27 23:03:03,2025-07-29 03:58:02
VA-VSC-01889,St. Paul (335),New Enrollment,2025-07-21 16:00:00,2025-07-22 03:04:21,2025-07-22 15:04:01,2025-07-26 13:43:22
VA-VSC-01890,Muskogee (351),Priority Group Upgrade,2025-07-21 16:00:00,2025-07-22 07:46:13,2025-07-28 02:19:51,2025-07-29 22:44:09
VA-VSC-01891,Waco (349),Priority Group Upgrade,2025-07-22 07:00:00,2025-07-27 11:32:36,2025-08-03 17:26:44,2025-08-04 10:13:23
VA-VSC-01892,Waco (349),Inter-Facility Transfer,2025-07-22 10:00:00,2025-07-28 19:30:41,2025-07-31 16:08:23,2025-08-01 05:01:32
VA-VSC-01893,St. Paul (335),Inter-Facility Transfer,2025-07-22 10:00:00,2025-07-23 12:21:48,2025-07-26 10:05:58,2025-07-27 11:19:20
VA-VSC-01894,Waco (349),New Enrollment,2025-07-22 11:00:00,2025-07-29 22:59:49,2025-08-02 10:58:43,2025-08-02 22:10:48
VA-VSC-01895,Houston (362),Priority Group Upgrade,2025-07-22 14:00:00,2025-07-22 20:17:05,2025-07-31 19:11:07,2025-08-06 03:36:59
VA-VSC-01896,St. Paul (335),Combat Veteran Auto-Enroll,2025-07-22 14:00:00,2025-07-22 16:24:00,2025-07-24 00:48:55,2025-07-25 16:41:10
VA-VSC-01897,Houston (362),Combat Veteran Auto-Enroll,2025-07-22 15:00:00,2025-07-23 05:15:41,2025-07-24 17:13:12,2025-07-30 14:33:09
VA-VSC-01898,Waco (349),New Enrollment,2025-07-22 16:00:00,2025-07-26 10:17:27,2025-07-26 14:54:34,2025-07-26 17:18:34
VA-VSC-01899,Waco (349),New Enrollment,2025-07-23 09:00:00,2025-07-27 20:11:44,2025-07-28 21:23:17,2025-07-31 17:27:23
VA-VSC-01900,St. Paul (335),New Enrollment,2025-07-23 10:00:00,2025-07-24 00:20:08,2025-07-24 14:47:09,2025-07-28 02:57:59
VA-VSC-01901,Houston (362),New Enrollment,2025-07-23 11:00:00,2025-07-25 17:35:52,2025-07-26 03:08:12,2025-07-26 21:16:25
VA-VSC-01902,Waco (349),New Enrollment,2025-07-23 15:00:00,2025-07-29 08:28:08,2025-07-29 11:26:51,2025-07-30 06:22:26
VA-VSC-01903,St. Paul (335),New Enrollment,2025-07-23 15:00:00,2025-07-23 20:42:44,2025-07-24 16:37:32,2025-07-27 12:02:37
VA-VSC-01904,Waco (349),Priority Group Upgrade,2025-07-23 16:00:00,2025-07-30 17:25:08,2025-08-13 04:33:21,2025-08-13 08:14:43
VA-VSC-01905,St. Paul (335),New Enrollment,2025-07-23 16:00:00,2025-07-24 14:24:05,2025-07-25 04:41:39,2025-07-25 15:44:30
VA-VSC-01906,Waco (349),New Enrollment,2025-07-24 07:00:00,2025-07-28 22:36:10,2025-07-29 18:47:39,2025-07-30 04:09:12
VA-VSC-01907,Muskogee (351),New Enrollment,2025-07-24 07:00:00,2025-07-28 06:55:09,2025-07-28 11:01:01,2025-08-05 22:29:14
VA-VSC-01908,Waco (349),Combat Veteran Auto-Enroll,2025-07-24 09:00:00,2025-07-30 11:45:01,2025-07-31 07:33:24,2025-08-03 00:10:56
VA-VSC-01909,Waco (349),Combat Veteran Auto-Enroll,2025-07-24 10:00:00,2025-07-30 17:32:14,2025-07-31 19:26:53,2025-08-02 20:12:02
VA-VSC-01910,Waco (349),Priority Group Upgrade,2025-07-24 11:00:00,2025-07-27 08:44:41,2025-08-03 14:09:02,2025-08-04 18:15:10
VA-VSC-01911,Waco (349),New Enrollment,2025-07-24 14:00:00,2025-07-31 08:50:10,2025-08-03 15:38:41,2025-08-05 15:44:14
VA-VSC-01912,Phoenix (344),Inter-Facility Transfer,2025-07-24 14:00:00,2025-07-25 19:39:57,2025-07-27 02:45:17,2025-07-27 05:09:17
VA-VSC-01913,Muskogee (351),New Enrollment,2025-07-24 15:00:00,2025-08-03 00:12:58,2025-08-03 02:36:58,2025-08-04 02:44:57
VA-VSC-01914,Waco (349),New Enrollment,2025-07-25 07:00:00,2025-08-01 05:40:45,2025-08-01 09:20:58,2025-08-04 13:04:25
VA-VSC-01915,Waco (349),New Enrollment,2025-07-25 08:00:00,2025-07-30 03:40:56,2025-08-01 13:49:39,2025-08-02 05:07:02
VA-VSC-01916,St. Paul (335),New Enrollment,2025-07-25 16:00:00,2025-07-26 19:34:32,2025-07-29 08:19:19,2025-07-30 13:12:57
VA-VSC-01917,Phoenix (344),New Enrollment,2025-07-25 16:00:00,2025-07-26 05:43:57,2025-07-31 16:32:33,2025-07-31 22:30:07
VA-VSC-01918,Houston (362),Inter-Facility Transfer,2025-07-26 10:00:00,2025-07-27 05:12:10,2025-07-28 00:06:19,2025-07-28 05:03:46
VA-VSC-01919,Waco (349),Priority Group Upgrade,2025-07-26 11:00:00,2025-07-31 00:10:07,2025-08-08 14:55:40,2025-08-12 19:29:50
VA-VSC-01920,Waco (349),New Enrollment,2025-07-26 12:00:00,2025-08-01 22:32:10,2025-08-03 07:28:43,2025-08-05 17:24:22
VA-VSC-01921,Houston (362),Inter-Facility Transfer,2025-07-26 13:00:00,2025-07-29 09:43:10,2025-07-29 13:11:02,2025-07-30 08:28:29
VA-VSC-01922,Waco (349),New Enrollment,2025-07-26 13:00:00,2025-07-31 20:36:55,2025-08-05 15:02:24,2025-08-13 12:47:43
VA-VSC-01923,Houston (362),New Enrollment,2025-07-26 14:00:00,2025-07-26 17:39:20,2025-07-31 02:45:38,2025-08-01 06:04:27
VA-VSC-01924,Waco (349),Priority Group Upgrade,2025-07-26 15:00:00,2025-08-01 13:18:54,2025-08-13 10:01:24,2025-08-13 15:19:21
VA-VSC-01925,St. Paul (335),Priority Group Upgrade,2025-07-26 15:00:00,2025-07-26 17:38:40,2025-08-05 07:11:33,2025-08-05 14:59:22
VA-VSC-01926,Waco (349),New Enrollment,2025-07-27 07:00:00,2025-08-02 11:22:34,2025-08-03 10:43:05,2025-08-03 13:07:05
VA-VSC-01927,Houston (362),New Enrollment,2025-07-27 08:00:00,2025-07-27 16:36:07,2025-07-28 01:39:34,2025-07-28 09:57:39
VA-VSC-01928,Waco (349),Priority Group Upgrade,2025-07-27 11:00:00,2025-08-10 02:55:32,2025-08-17 15:52:57,2025-08-18 16:50:42
VA-VSC-01929,Houston (362),Priority Group Upgrade,2025-07-27 11:00:00,2025-07-28 00:14:49,2025-08-08 10:47:32,2025-08-11 05:16:54
VA-VSC-01930,Waco (349),Priority Group Upgrade,2025-07-27 12:00:00,2025-08-03 19:53:55,2025-08-11 17:30:44,2025-08-16 20:12:30
VA-VSC-01931,Houston (362),New Enrollment,2025-07-28 07:00:00,2025-08-01 13:04:06,2025-08-03 07:16:44,2025-08-03 12:28:00
VA-VSC-01932,Houston (362),New Enrollment,2025-07-28 07:00:00,2025-07-28 15:04:37,2025-07-29 23:37:29,2025-07-30 15:05:51
VA-VSC-01933,Houston (362),New Enrollment,2025-07-28 09:00:00,2025-08-01 03:59:09,2025-08-01 22:41:53,2025-08-03 04:01:46
VA-VSC-01934,Houston (362),New Enrollment,2025-07-28 14:00:00,2025-07-30 00:49:43,2025-07-31 03:34:18,2025-08-01 02:41:01
VA-VSC-01935,Houston (362),Inter-Facility Transfer,2025-07-28 14:00:00,2025-07-28 16:24:00,2025-07-30 01:04:04,2025-08-03 02:06:47
VA-VSC-01936,St. Paul (335),Priority Group Upgrade,2025-07-28 15:00:00,2025-07-30 00:20:20,2025-08-08 19:01:51,2025-08-09 01:35:25
VA-VSC-01937,Waco (349),New Enrollment,2025-07-28 15:00:00,2025-08-02 13:34:56,2025-08-03 14:41:57,2025-08-07 05:37:02
VA-VSC-01938,Phoenix (344),Combat Veteran Auto-Enroll,2025-07-28 16:00:00,2025-07-28 18:30:31,2025-07-29 21:42:55,2025-07-30 09:18:41
VA-VSC-01939,Waco (349),Priority Group Upgrade,2025-07-29 09:00:00,2025-08-02 05:22:49,2025-08-11 09:57:59,2025-08-11 12:21:59
VA-VSC-01940,Waco (349),New Enrollment,2025-07-29 09:00:00,2025-08-05 01:10:21,2025-08-05 06:40:06,2025-08-07 22:33:39
VA-VSC-01941,Waco (349),,2025-07-29 12:00:00,2025-08-06 13:58:00,2025-08-07 01:57:30,2025-08-07 04:21:30
VA-VSC-01942,Waco (349),Combat Veteran Auto-Enroll,2025-07-29 12:00:00,2025-08-05 02:56:31,2025-08-06 12:11:21,2025-08-06 14:35:21
VA-VSC-01943,St. Paul (335),Priority Group Upgrade,2025-07-29 14:00:00,2025-08-01 11:56:22,2025-08-09 16:07:16,2025-08-10 00:00:22
VA-VSC-01944,St. Paul (335),,2025-07-29 14:00:00,2025-07-30 03:58:50,2025-07-30 06:22:50,2025-07-31 12:47:20
VA-VSC-01945,St. Paul (335),Priority Group Upgrade,2025-07-29 15:00:00,2025-07-31 07:16:57,2025-08-08 14:58:54,2025-08-10 00:09:21
VA-VSC-01946,Waco (349),Combat Veteran Auto-Enroll,2025-07-29 16:00:00,2025-08-06 02:52:54,2025-08-06 12:16:22,2025-08-07 06:46:02
VA-VSC-01947,Waco (349),New Enrollment,2025-07-30 07:00:00,2025-08-06 09:17:51,2025-08-08 08:54:51,2025-08-13 05:41:05
VA-VSC-01948,Waco (349),New Enrollment,2025-07-30 08:00:00,2025-08-02 12:39:41,2025-08-06 11:15:25,2025-08-09 09:39:43
VA-VSC-01949,Waco (349),Combat Veteran Auto-Enroll,2025-07-30 09:00:00,2025-08-06 04:29:00,2025-08-06 09:37:31,2025-08-09 12:57:37
VA-VSC-01950,Waco (349),New Enrollment,2025-07-30 11:00:00,2025-08-04 13:45:04,2025-08-06 06:32:11,2025-08-07 04:52:03
VA-VSC-01951,Waco (349),Combat Veteran Auto-Enroll,2025-07-30 13:00:00,2025-08-05 23:52:32,2025-08-07 23:35:10,2025-08-08 01:59:10
VA-VSC-01952,Waco (349),Priority Group Upgrade,2025-07-30 15:00:00,2025-08-06 00:55:51,2025-08-16 08:38:14,2025-08-20 11:34:55
VA-VSC-01953,Houston (362),New Enrollment,2025-07-30 15:00:00,2025-08-01 10:59:51,2025-08-02 06:16:13,2025-08-03 15:38:08
VA-VSC-01954,St. Paul (335),New Enrollment,2025-07-30 16:00:00,2025-08-01 02:43:15,2025-08-01 05:07:15,2025-08-05 15:25:32
VA-VSC-01955,Muskogee (351),Combat Veteran Auto-Enroll,2025-07-31 07:00:00,2025-08-02 01:18:13,2025-08-02 11:37:55,2025-08-10 10:19:41
VA-VSC-01956,Muskogee (351),New Enrollment,2025-07-31 08:00:00,2025-07-31 13:41:38,2025-08-04 06:03:10,2025-08-05 00:52:53
VA-VSC-01957,Houston (362),Priority Group Upgrade,2025-07-31 10:00:00,2025-08-02 03:28:51,2025-08-09 02:39:06,2025-08-11 18:39:49
VA-VSC-01958,Waco (349),Priority Group Upgrade,2025-07-31 14:00:00,2025-08-05 10:23:55,2025-08-13 15:12:43,2025-08-13 20:15:42
VA-VSC-01959,Houston (362),,2025-07-31 15:00:00,2025-08-02 01:08:56,2025-08-12 03:49:30,2025-08-16 19:02:05
VA-VSC-01960,St. Paul (335),Inter-Facility Transfer,2025-08-01 08:00:00,2025-08-02 21:35:10,2025-08-02 23:59:10,2025-08-03 11:57:03
VA-VSC-01961,Waco (349),Priority Group Upgrade,2025-08-01 10:00:00,2025-08-06 10:34:50,2025-08-14 15:52:25,2025-08-19 16:15:37
VA-VSC-01962,Waco (349),New Enrollment,2025-08-01 11:00:00,2025-08-07 02:23:32,2025-08-12 02:25:09,2025-08-14 18:35:35
VA-VSC-01963,Phoenix (344),Inter-Facility Transfer,2025-08-01 11:00:00,2025-08-03 13:55:11,2025-08-03 17:54:30,2025-08-05 12:15:19
VA-VSC-01964,Waco (349),Priority Group Upgrade,2025-08-01 11:00:00,2025-08-09 12:11:40,2025-08-18 13:57:32,2025-08-20 12:51:19
VA-VSC-01965,Houston (362),New Enrollment,2025-08-01 11:00:00,2025-08-01 13:24:00,2025-08-02 14:24:10,2025-08-05 02:27:39
VA-VSC-01966,Houston (362),New Enrollment,2025-08-01 13:00:00,2025-08-01 15:24:00,2025-08-03 18:48:58,2025-08-05 12:02:59
VA-VSC-01967,Waco (349),Combat Veteran Auto-Enroll,2025-08-01 13:00:00,2025-08-08 13:46:54,2025-08-08 22:38:13,2025-08-12 12:37:27
VA-VSC-01968,Waco (349),New Enrollment,2025-08-01 13:00:00,2025-08-05 23:52:28,2025-08-09 03:01:47,2025-08-11 13:36:51
VA-VSC-01969,Waco (349),Priority Group Upgrade,2025-08-02 08:00:00,2025-08-07 20:38:26,2025-08-12 12:01:27,2025-08-13 04:32:53
VA-VSC-01970,Waco (349),Priority Group Upgrade,2025-08-02 08:00:00,2025-08-08 23:17:47,2025-08-15 14:44:46,2025-08-21 16:32:26
VA-VSC-01971,Waco (349),New Enrollment,2025-08-02 08:00:00,2025-08-09 01:54:12,2025-08-10 11:11:30,2025-08-16 22:21:51
VA-VSC-01972,Phoenix (344),Priority Group Upgrade,2025-08-02 09:00:00,2025-08-04 11:05:01,2025-08-10 09:45:38,2025-08-13 00:42:48
VA-VSC-01973,Waco (349),New Enrollment,2025-08-02 10:00:00,2025-08-09 05:12:36,2025-08-10 04:18:21,2025-08-10 15:06:14
VA-VSC-01974,Waco (349),New Enrollment,2025-08-02 10:00:00,2025-08-08 12:44:51,2025-08-10 08:40:17,2025-08-13 01:35:47
VA-VSC-01975,Waco (349),Priority Group Upgrade,2025-08-02 12:00:00,2025-08-10 13:34:22,2025-08-15 08:52:57,2025-08-24 08:17:40
VA-VSC-01976,Muskogee (351),New Enrollment,2025-08-02 12:00:00,2025-08-03 18:49:53,2025-08-04 14:22:36,2025-08-05 21:18:33
VA-VSC-01977,Waco (349),Priority Group Upgrade,2025-08-02 12:00:00,2025-08-10 07:24:20,2025-08-18 01:16:15,2025-08-19 10:15:18
VA-VSC-01978,Waco (349),Combat Veteran Auto-Enroll,2025-08-02 12:00:00,2025-08-07 19:36:40,2025-08-10 02:27:28,2025-08-11 01:28:37
VA-VSC-01979,Phoenix (344),Combat Veteran Auto-Enroll,2025-08-02 13:00:00,2025-08-02 22:27:56,2025-08-04 13:15:28,2025-08-06 16:47:01
VA-VSC-01980,Phoenix (344),New Enrollment,2025-08-02 15:00:00,2025-08-04 02:09:33,2025-08-11 10:08:04,2025-08-12 09:36:06
VA-VSC-01981,Waco (349),New Enrollment,2025-08-02 15:00:00,2025-08-07 12:13:30,2025-08-09 23:00:16,2025-08-11 16:27:31
VA-VSC-01982,St. Paul (335),Priority Group Upgrade,2025-08-02 16:00:00,2025-08-02 18:24:00,2025-08-11 19:01:28,2025-08-11 21:33:45
VA-VSC-01983,Waco (349),Inter-Facility Transfer,2025-08-03 08:00:00,2025-08-08 01:33:45,2025-08-08 06:25:59,2025-08-10 10:02:01
VA-VSC-01984,Waco (349),Combat Veteran Auto-Enroll,2025-08-03 09:00:00,2025-08-07 13:28:08,2025-08-07 15:52:08,2025-08-08 17:53:06
VA-VSC-01985,Waco (349),Combat Veteran Auto-Enroll,2025-08-03 10:00:00,2025-08-07 22:44:14,2025-08-09 14:31:50,2025-08-11 12:31:55
VA-VSC-01986,Waco (349),New Enrollment,2025-08-03 13:00:00,2025-08-12 17:12:02,2025-08-13 19:27:09,2025-08-15 02:09:36
VA-VSC-01987,St. Paul (335),New Enrollment,2025-08-03 13:00:00,2025-08-03 17:22:10,2025-08-04 17:41:24,2025-08-05 19:56:47
VA-VSC-01988,Waco (349),Priority Group Upgrade,2025-08-03 14:00:00,2025-08-09 03:03:34,2025-08-18 07:56:02,2025-08-24 04:34:02
VA-VSC-01989,Waco (349),New Enrollment,2025-08-03 14:00:00,2025-08-09 21:13:03,2025-08-10 23:30:42,2025-08-12 04:28:24
VA-VSC-01990,St. Paul (335),New Enrollment,2025-08-03 16:00:00,2025-08-05 03:42:46,2025-08-06 12:52:23,2025-08-13 14:20:39
VA-VSC-01991,St. Paul (335),Inter-Facility Transfer,2025-08-03 16:00:00,2025-08-04 17:15:28,2025-08-05 15:50:27,2025-08-07 05:24:33
VA-VSC-01992,Waco (349),New Enrollment,2025-08-03 16:00:00,2025-08-10 20:10:10,2025-08-12 06:18:55,2025-08-14 08:18:13
VA-VSC-01993,Houston (362),New Enrollment,2025-08-04 07:00:00,2025-08-04 20:46:50,2025-08-06 15:05:51,2025-08-08 18:48:15
VA-VSC-01994,Waco (349),New Enrollment,2025-08-04 08:00:00,2025-08-09 19:24:25,2025-08-10 18:04:54,2025-08-13 11:16:49
VA-VSC-01995,St. Paul (335),Inter-Facility Transfer,2025-08-04 10:00:00,2025-08-05 05:54:26,2025-08-07 12:21:14,2025-08-08 17:07:38
VA-VSC-01996,Houston (362),Priority Group Upgrade,2025-08-04 11:00:00,2025-08-09 08:53:48,2025-08-18 18:33:03,2025-08-18 23:11:24
VA-VSC-01997,Muskogee (351),Priority Group Upgrade,2025-08-04 13:00:00,2025-08-05 01:21:59,2025-08-07 16:58:56,2025-08-09 22:29:55
VA-VSC-01998,Waco (349),Inter-Facility Transfer,2025-08-04 14:00:00,2025-08-09 13:11:46,2025-08-11 01:07:21,2025-08-14 01:35:55
VA-VSC-01999,Waco (349),New Enrollment,2025-08-04 15:00:00,2025-08-12 04:48:40,2025-08-13 02:18:39,2025-08-17 04:32:23
VA-VSC-02000,Waco (349),Priority Group Upgrade,2025-08-04 16:00:00,2025-08-11 19:49:56,2025-08-16 22:14:14,2025-08-17 02:51:21
VA-VSC-02001,Waco (349),New Enrollment,2025-08-05 07:00:00,2025-08-11 21:51:48,2025-08-13 12:21:43,2025-08-14 07:40:59
VA-VSC-02002,Waco (349),New Enrollment,2025-08-05 07:00:00,2025-08-11 20:35:57,2025-08-12 02:48:52,2025-08-13 20:25:00
VA-VSC-02003,Phoenix (344),Combat Veteran Auto-Enroll,2025-08-05 07:00:00,2025-08-06 05:28:58,2025-08-09 07:07:31,2025-08-10 03:49:30
VA-VSC-02004,Waco (349),Combat Veteran Auto-Enroll,2025-08-05 08:00:00,2025-08-09 23:25:55,2025-08-11 08:17:52,2025-08-12 19:58:23
VA-VSC-02005,Waco (349),New Enrollment,2025-08-05 08:00:00,2025-08-11 01:48:16,2025-08-12 16:48:52,2025-08-13 01:02:09
VA-VSC-02006,St. Paul (335),New Enrollment,2025-08-05 08:00:00,2025-08-05 18:38:18,2025-08-07 14:20:38,2025-08-09 16:50:45
VA-VSC-02007,Waco (349),Priority Group Upgrade,2025-08-05 09:00:00,2025-08-10 07:01:45,2025-08-15 00:51:59,2025-08-15 08:30:46
VA-VSC-02008,St. Paul (335),New Enrollment,2025-08-05 10:00:00,2025-08-05 13:20:06,2025-08-13 03:27:09,2025-08-13 12:07:46
VA-VSC-02009,Waco (349),,2025-08-05 10:00:00,2025-08-13 11:14:25,2025-08-16 02:59:48,2025-08-26 12:25:39
VA-VSC-02010,Waco (349),New Enrollment,2025-08-05 14:00:00,2025-08-14 06:13:23,2025-08-14 13:03:24,2025-08-15 20:23:36
VA-VSC-02011,Waco (349),New Enrollment,2025-08-05 15:00:00,2025-08-11 10:50:21,2025-08-12 21:44:27,2025-08-14 15:32:31
VA-VSC-02012,Waco (349),Combat Veteran Auto-Enroll,2025-08-06 07:00:00,2025-08-10 18:56:36,2025-08-13 06:01:18,2025-08-13 08:25:18
VA-VSC-02013,Phoenix (344),New Enrollment,2025-08-06 08:00:00,2025-08-07 14:48:08,2025-08-07 17:45:21,2025-08-08 07:38:35
VA-VSC-02014,Waco (349),New Enrollment,2025-08-06 10:00:00,2025-08-14 17:43:03,2025-08-15 05:33:50,2025-08-16 15:55:12
VA-VSC-02015,Waco (349),Priority Group Upgrade,2025-08-06 13:00:00,2025-08-11 23:00:31,2025-08-21 18:30:42,2025-08-22 02:59:04
VA-VSC-02016,Waco (349),Combat Veteran Auto-Enroll,2025-08-06 13:00:00,2025-08-13 01:35:08,2025-08-13 11:01:12,2025-08-13 20:15:07
VA-VSC-02017,Waco (349),New Enrollment,2025-08-06 14:00:00,2025-08-14 09:56:44,2025-08-14 12:20:44,2025-08-17 04:02:37
VA-VSC-02018,Phoenix (344),New Enrollment,2025-08-06 15:00:00,2025-08-06 17:24:00,2025-08-07 16:59:19,2025-08-08 10:00:14
VA-VSC-02019,Waco (349),New Enrollment,2025-08-07 07:00:00,2025-08-13 15:45:03,2025-08-15 07:07:11,2025-08-15 18:25:26
VA-VSC-02020,Houston (362),Priority Group Upgrade,2025-08-07 07:00:00,2025-08-07 19:42:58,2025-08-18 15:14:10,2025-08-20 16:46:47
VA-VSC-02021,Muskogee (351),Priority Group Upgrade,2025-08-07 08:00:00,2025-08-09 01:44:44,2025-08-14 13:44:52,2025-08-15 02:53:21
VA-VSC-02022,Houston (362),Combat Veteran Auto-Enroll,2025-08-07 10:00:00,2025-08-07 12:24:00,2025-08-09 22:51:22,2025-08-13 09:52:26
VA-VSC-02023,Muskogee (351),,2025-08-07 11:00:00,2025-08-08 21:26:43,2025-08-09 00:18:48,2025-08-10 18:33:14
VA-VSC-02024,Waco (349),Combat Veteran Auto-Enroll,2025-08-07 11:00:00,2025-08-15 22:52:29,2025-08-16 16:39:00,2025-08-17 03:14:28
VA-VSC-02025,Waco (349),Priority Group Upgrade,2025-08-07 12:00:00,2025-08-13 00:24:58,2025-08-23 18:32:57,2025-08-25 20:00:48
VA-VSC-02026,Waco (349),Priority Group Upgrade,2025-08-07 12:00:00,2025-08-15 01:05:15,2025-08-21 08:57:48,2025-08-21 21:49:04
VA-VSC-02027,St. Paul (335),New Enrollment,2025-08-07 12:00:00,2025-08-08 17:00:22,2025-08-10 08:25:05,2025-08-10 21:32:20
VA-VSC-02028,Muskogee (351),Inter-Facility Transfer,2025-08-07 13:00:00,2025-08-08 15:15:18,2025-08-09 18:45:01,2025-08-10 09:14:54
VA-VSC-02029,Waco (349),New Enrollment,2025-08-07 16:00:00,2025-08-13 13:19:24,2025-08-17 03:51:34,2025-08-18 06:33:22
VA-VSC-02030,Houston (362),New Enrollment,2025-08-08 07:00:00,2025-08-09 11:37:20,2025-08-09 14:01:20,2025-08-09 17:54:36
VA-VSC-02031,Waco (349),Priority Group Upgrade,2025-08-08 09:00:00,2025-08-14 09:30:00,2025-08-21 13:53:41,2025-08-22 10:35:29
VA-VSC-02032,Houston (362),New Enrollment,2025-08-08 09:00:00,2025-08-08 14:21:53,2025-08-09 00:33:12,2025-08-10 03:36:49
VA-VSC-02033,Waco (349),Priority Group Upgrade,2025-08-08 09:00:00,2025-08-15 01:44:07,2025-08-22 06:07:22,2025-08-23 01:54:39
VA-VSC-02034,Muskogee (351),Priority Group Upgrade,2025-08-08 11:00:00,2025-08-11 01:10:19,2025-08-23 12:52:19,2025-08-27 12:55:51
VA-VSC-02035,Houston (362),New Enrollment,2025-08-08 11:00:00,2025-08-09 10:27:35,2025-08-11 17:53:40,2025-08-13 08:19:47
VA-VSC-02036,Waco (349),Combat Veteran Auto-Enroll,2025-08-08 12:00:00,2025-08-14 17:54:57,2025-08-17 05:37:22,2025-08-20 02:14:30
VA-VSC-02037,Waco (349),New Enrollment,2025-08-08 12:00:00,2025-08-15 17:48:30,2025-08-16 01:24:48,2025-08-16 16:37:33
VA-VSC-02038,Waco (349),New Enrollment,2025-08-08 13:00:00,2025-08-11 17:38:29,2025-08-12 11:09:52,2025-08-12 20:49:00
VA-VSC-02039,Waco (349),Priority Group Upgrade,2025-08-08 14:00:00,2025-08-14 02:39:20,2025-08-21 15:48:42,2025-08-25 12:26:17
VA-VSC-02040,Waco (349),Priority Group Upgrade,2025-08-08 15:00:00,2025-08-14 15:13:50,2025-08-22 05:32:45,2025-08-24 16:09:25
VA-VSC-02041,Phoenix (344),Combat Veteran Auto-Enroll,2025-08-08 15:00:00,2025-08-09 09:30:57,2025-08-12 08:14:47,2025-08-12 17:00:28
VA-VSC-02042,Houston (362),New Enrollment,2025-08-08 16:00:00,2025-08-09 00:16:27,2025-08-09 05:28:28,2025-08-12 10:08:24
VA-VSC-02043,Waco (349),Priority Group Upgrade,2025-08-08 16:00:00,2025-08-14 16:49:55,2025-08-24 13:58:20,2025-08-26 12:48:39
VA-VSC-02044,Waco (349),New Enrollment,2025-08-08 16:00:00,2025-08-16 03:55:33,2025-08-16 13:28:33,2025-08-19 21:26:10
VA-VSC-02045,Phoenix (344),Inter-Facility Transfer,2025-08-09 07:00:00,2025-08-10 00:21:44,2025-08-10 10:08:02,2025-08-17 11:05:51
VA-VSC-02046,St. Paul (335),New Enrollment,2025-08-09 07:00:00,2025-08-10 07:00:58,2025-08-10 12:04:13,2025-08-11 13:04:46
VA-VSC-02047,Waco (349),Priority Group Upgrade,2025-08-09 10:00:00,2025-08-15 00:22:13,2025-08-21 09:25:27,2025-08-26 19:29:15
VA-VSC-02048,St. Paul (335),New Enrollment,2025-08-09 11:00:00,2025-08-09 23:30:06,2025-08-12 03:13:37,2025-08-12 14:27:03
VA-VSC-02049,Waco (349),New Enrollment,2025-08-09 11:00:00,2025-08-15 22:19:16,2025-08-17 17:38:22,2025-08-19 20:34:44
VA-VSC-02050,Waco (349),Priority Group Upgrade,2025-08-09 12:00:00,2025-08-16 23:41:27,2025-08-24 14:51:15,2025-08-31 07:30:15
VA-VSC-02051,Waco (349),Combat Veteran Auto-Enroll,2025-08-09 12:00:00,2025-08-13 19:24:08,2025-08-14 07:38:27,2025-08-14 10:02:27
VA-VSC-02052,Waco (349),Priority Group Upgrade,2025-08-09 13:00:00,2025-08-17 04:39:37,2025-08-26 10:31:52,2025-08-26 12:55:52
VA-VSC-02053,Waco (349),Inter-Facility Transfer,2025-08-09 14:00:00,2025-08-16 10:44:26,2025-08-16 13:08:26,2025-08-20 10:48:21
VA-VSC-02054,Muskogee (351),Priority Group Upgrade,2025-08-09 14:00:00,2025-08-11 03:58:22,2025-08-20 06:31:41,2025-08-21 01:39:10
VA-VSC-02055,Phoenix (344),Priority Group Upgrade,2025-08-09 16:00:00,2025-08-10 00:21:51,2025-08-16 11:09:59,2025-08-20 11:09:22
VA-VSC-02056,Houston (362),New Enrollment,2025-08-10 07:00:00,2025-08-10 09:24:00,2025-08-14 00:29:13,2025-08-14 18:00:10
VA-VSC-02057,Waco (349),Combat Veteran Auto-Enroll,2025-08-10 07:00:00,2025-08-16 11:31:13,2025-08-16 16:37:43,2025-08-21 08:14:51
VA-VSC-02058,Waco (349),New Enrollment,2025-08-10 10:00:00,2025-08-17 00:51:12,2025-08-17 08:12:15,2025-08-18 01:53:42
VA-VSC-02059,Houston (362),Combat Veteran Auto-Enroll,2025-08-10 11:00:00,2025-08-11 06:12:53,2025-08-12 15:51:38,2025-08-17 21:08:12
VA-VSC-02060,Waco (349),Inter-Facility Transfer,2025-08-10 12:00:00,2025-08-17 22:29:17,2025-08-19 18:12:06,2025-08-26 05:56:02
VA-VSC-02061,Waco (349),Inter-Facility Transfer,2025-08-10 13:00:00,2025-08-15 11:01:55,2025-08-16 01:39:50,2025-08-16 04:03:50
VA-VSC-02062,Waco (349),Priority Group Upgrade,2025-08-10 13:00:00,2025-08-21 15:49:38,2025-08-28 17:01:39,2025-08-28 21:45:42
VA-VSC-02063,St. Paul (335),Priority Group Upgrade,2025-08-10 14:00:00,2025-08-10 17:14:27,2025-08-16 20:58:53,2025-08-18 01:02:34
VA-VSC-02064,Waco (349),Combat Veteran Auto-Enroll,2025-08-10 14:00:00,2025-08-18 16:39:47,2025-08-19 04:55:27,2025-08-19 16:26:51
VA-VSC-02065,Waco (349),New Enrollment,2025-08-10 15:00:00,2025-08-18 03:25:11,2025-08-19 19:26:10,2025-08-22 09:25:11
VA-VSC-02066,St. Paul (335),Priority Group Upgrade,2025-08-10 16:00:00,2025-08-13 11:44:48,2025-08-20 07:45:20,2025-08-20 10:20:04
VA-VSC-02067,Waco (349),New Enrollment,2025-08-10 16:00:00,2025-08-15 04:41:06,2025-08-15 07:27:42,2025-08-18 01:43:26
VA-VSC-02068,Waco (349),Priority Group Upgrade,2025-08-11 08:00:00,2025-08-14 10:34:57,2025-08-23 04:06:51,2025-08-25 16:04:16
VA-VSC-02069,Waco (349),New Enrollment,2025-08-11 09:00:00,2025-08-14 13:43:33,2025-08-15 05:26:07,2025-08-17 03:06:09
VA-VSC-02070,Waco (349),New Enrollment,2025-08-11 09:00:00,2025-08-17 00:06:11,2025-08-18 22:19:20,2025-08-20 13:47:17
VA-VSC-02071,St. Paul (335),New Enrollment,2025-08-11 10:00:00,2025-08-12 05:27:02,2025-08-13 21:21:34,2025-08-14 09:21:44
VA-VSC-02072,Waco (349),New Enrollment,2025-08-11 11:00:00,2025-08-18 15:28:36,2025-08-20 02:46:16,2025-08-20 05:10:16
VA-VSC-02073,Waco (349),Priority Group Upgrade,2025-08-11 11:00:00,2025-08-16 20:07:51,2025-08-25 18:13:25,2025-09-01 14:30:46
VA-VSC-02074,Phoenix (344),New Enrollment,2025-08-11 11:00:00,2025-08-12 07:22:51,2025-08-12 09:46:51,2025-08-12 23:00:05
VA-VSC-02075,Phoenix (344),Priority Group Upgrade,2025-08-11 12:00:00,2025-08-13 06:56:28,2025-08-20 16:48:45,2025-08-21 07:06:58
VA-VSC-02076,Phoenix (344),New Enrollment,2025-08-11 12:00:00,2025-08-13 03:52:47,2025-08-13 08:30:21,2025-08-14 19:23:37
VA-VSC-02077,Waco (349),Priority Group Upgrade,2025-08-11 15:00:00,2025-08-17 19:32:46,2025-08-23 12:05:41,2025-08-27 02:18:12
VA-VSC-02078,Waco (349),Priority Group Upgrade,2025-08-11 15:00:00,2025-08-17 01:08:29,2025-08-25 07:06:06,2025-08-29 15:57:47
VA-VSC-02079,Muskogee (351),Priority Group Upgrade,2025-08-11 15:00:00,2025-08-12 11:20:53,2025-08-24 00:15:38,2025-08-26 19:44:53
VA-VSC-02080,St. Paul (335),Priority Group Upgrade,2025-08-11 16:00:00,2025-08-12 15:16:44,2025-08-22 22:40:08,2025-08-30 11:23:34
VA-VSC-02081,Waco (349),New Enrollment,2025-08-12 10:00:00,2025-08-20 14:52:15,2025-08-24 05:13:41,2025-08-28 21:46:55
VA-VSC-02082,Waco (349),Combat Veteran Auto-Enroll,2025-08-12 11:00:00,2025-08-20 23:05:51,2025-08-21 17:53:07,2025-08-22 02:11:31
VA-VSC-02083,Waco (349),New Enrollment,2025-08-12 12:00:00,2025-08-17 03:04:30,2025-08-18 02:29:49,2025-08-19 18:29:48
VA-VSC-02084,Phoenix (344),Priority Group Upgrade,2025-08-12 13:00:00,2025-08-13 15:40:06,2025-08-24 21:10:35,2025-08-27 01:10:14
VA-VSC-02085,Waco (349),Priority Group Upgrade,2025-08-12 14:00:00,2025-08-21 08:35:28,2025-08-28 14:22:02,2025-08-29 01:40:28
VA-VSC-02086,Waco (349),New Enrollment,2025-08-12 14:00:00,2025-08-19 12:47:38,2025-08-20 11:27:58,2025-08-21 10:09:25
VA-VSC-02087,Waco (349),Priority Group Upgrade,2025-08-12 14:00:00,2025-08-20 18:05:21,2025-08-23 08:26:20,2025-08-24 13:32:54
VA-VSC-02088,Houston (362),Priority Group Upgrade,2025-08-12 14:00:00,2025-08-13 19:00:05,2025-08-25 04:28:01,2025-08-27 07:09:24
VA-VSC-02089,Phoenix (344),New Enrollment,2025-08-12 16:00:00,2025-08-13 20:23:46,2025-08-13 23:00:09,2025-08-14 05:52:03
VA-VSC-02090,Waco (349),New Enrollment,2025-08-13 07:00:00,2025-08-20 12:41:29,2025-08-21 06:49:29,2025-08-24 11:47:35
VA-VSC-02091,St. Paul (335),New Enrollment,2025-08-13 08:00:00,2025-08-14 06:33:49,2025-08-17 11:35:13,2025-08-24 15:47:07
VA-VSC-02092,Muskogee (351),Inter-Facility Transfer,2025-08-13 10:00:00,2025-08-13 14:36:01,2025-08-14 08:40:52,2025-08-16 13:10:21
VA-VSC-02093,Waco (349),Priority Group Upgrade,2025-08-13 10:00:00,2025-08-16 00:24:29,2025-08-24 20:41:52,2025-08-28 05:22:00
VA-VSC-02094,Waco (349),New Enrollment,2025-08-13 10:00:00,2025-08-20 07:43:50,2025-08-21 06:06:12,2025-08-22 15:39:08
VA-VSC-02095,Waco (349),New Enrollment,2025-08-13 12:00:00,2025-08-23 10:09:12,2025-08-23 22:12:00,2025-08-24 02:15:46
VA-VSC-02096,St. Paul (335),Priority Group Upgrade,2025-08-13 12:00:00,2025-08-15 14:23:07,2025-08-31 19:18:34,2025-09-02 12:46:14
VA-VSC-02097,Houston (362),Combat Veteran Auto-Enroll,2025-08-13 12:00:00,2025-08-13 21:21:44,2025-08-17 14:07:02,2025-08-18 18:55:47
VA-VSC-02098,Houston (362),,2025-08-13 16:00:00,2025-08-16 09:52:30,2025-08-16 22:40:05,2025-08-17 22:11:14
VA-VSC-02099,St. Paul (335),New Enrollment,2025-08-13 16:00:00,2025-08-17 04:39:49,2025-08-17 12:45:22,2025-08-19 06:13:30
VA-VSC-02100,Waco (349),Combat Veteran Auto-Enroll,2025-08-14 09:00:00,2025-08-19 04:51:22,2025-08-21 10:25:21,2025-08-21 17:04:06
VA-VSC-02101,Phoenix (344),New Enrollment,2025-08-14 09:00:00,2025-08-15 01:33:21,2025-08-16 20:46:15,2025-08-17 21:51:19
VA-VSC-02102,Waco (349),New Enrollment,2025-08-14 10:00:00,2025-08-21 07:28:29,2025-08-23 03:26:11,2025-08-24 13:00:56
VA-VSC-02103,Waco (349),Inter-Facility Transfer,2025-08-14 10:00:00,2025-08-20 06:54:18,2025-08-20 09:18:18,2025-08-21 15:15:23
VA-VSC-02104,Houston (362),Priority Group Upgrade,2025-08-14 13:00:00,2025-08-16 10:06:35,2025-08-20 18:16:24,2025-08-24 09:14:20
VA-VSC-02105,St. Paul (335),New Enrollment,2025-08-14 13:00:00,2025-08-15 09:53:20,2025-08-20 11:10:18,2025-08-20 22:52:45
VA-VSC-02106,Waco (349),New Enrollment,2025-08-14 14:00:00,2025-08-21 20:07:05,2025-08-23 07:22:43,2025-08-23 14:30:27
VA-VSC-02107,Phoenix (344),New Enrollment,2025-08-14 14:00:00,2025-08-14 16:24:00,2025-08-14 18:48:00,2025-08-15 13:38:39
VA-VSC-02108,Phoenix (344),New Enrollment,2025-08-14 15:00:00,2025-08-14 17:24:00,2025-08-17 04:01:29,2025-08-29 00:16:09
VA-VSC-02109,Waco (349),Combat Veteran Auto-Enroll,2025-08-14 15:00:00,2025-08-19 08:45:54,2025-08-20 05:10:26,2025-08-20 07:34:26
VA-VSC-02110,Muskogee (351),New Enrollment,2025-08-14 16:00:00,2025-08-15 06:24:39,2025-08-19 11:33:49,2025-08-20 11:45:04
VA-VSC-02111,Waco (349),Priority Group Upgrade,2025-08-15 09:00:00,2025-08-20 09:32:06,2025-08-26 19:29:46,2025-08-26 21:53:46
VA-VSC-02112,Waco (349),Inter-Facility Transfer,2025-08-15 10:00:00,2025-08-21 03:38:23,2025-08-21 06:02:23,2025-08-23 14:13:23
VA-VSC-02113,Waco (349),New Enrollment,2025-08-15 10:00:00,2025-08-20 17:21:45,2025-08-21 03:04:40,2025-08-21 11:27:04
VA-VSC-02114,Phoenix (344),New Enrollment,2025-08-15 13:00:00,2025-08-16 01:14:16,2025-08-16 19:58:17,2025-08-17 02:03:23
VA-VSC-02115,Houston (362),Priority Group Upgrade,2025-08-15 13:00:00,2025-08-17 04:43:21,2025-08-24 01:34:04,2025-08-24 23:18:24
VA-VSC-02116,Waco (349),Inter-Facility Transfer,2025-08-15 15:00:00,2025-08-21 16:32:23,2025-08-23 00:56:30,2025-08-26 01:18:53
VA-VSC-02117,Waco (349),Combat Veteran Auto-Enroll,2025-08-15 16:00:00,2025-08-25 00:47:15,2025-08-25 03:11:15,2025-08-25 20:43:54
VA-VSC-02118,Houston (362),New Enrollment,2025-08-15 16:00:00,2025-08-15 18:24:00,2025-08-16 08:05:27,2025-08-17 09:05:10
VA-VSC-02119,Waco (349),Priority Group Upgrade,2025-08-16 07:00:00,2025-08-25 18:54:58,2025-08-31 13:42:40,2025-09-03 13:46:05
VA-VSC-02120,Phoenix (344),Priority Group Upgrade,2025-08-16 08:00:00,2025-08-17 04:44:42,2025-08-23 23:31:17,2025-08-29 19:48:21
VA-VSC-02121,St. Paul (335),Inter-Facility Transfer,2025-08-16 08:00:00,2025-08-18 20:30:33,2025-08-18 23:30:07,2025-08-20 14:14:50
VA-VSC-02122,Waco (349),New Enrollment,2025-08-16 08:00:00,2025-08-22 16:17:33,2025-08-29 02:48:37,2025-08-31 16:39:37
VA-VSC-02123,Muskogee (351),Priority Group Upgrade,2025-08-16 08:00:00,2025-08-16 17:23:39,2025-08-26 08:27:33,2025-08-28 19:10:53
VA-VSC-02124,Waco (349),Combat Veteran Auto-Enroll,2025-08-16 09:00:00,2025-08-22 01:49:17,2025-08-22 05:57:09,2025-08-24 07:04:27
VA-VSC-02125,Muskogee (351),New Enrollment,2025-08-16 09:00:00,2025-08-20 01:36:14,2025-08-21 00:10:41,2025-08-27 11:21:51
VA-VSC-02126,Houston (362),Priority Group Upgrade,2025-08-16 10:00:00,2025-08-19 18:07:17,2025-08-30 01:48:39,2025-09-03 21:18:46
VA-VSC-02127,Houston (362),New Enrollment,2025-08-16 13:00:00,2025-08-16 23:46:23,2025-08-19 08:32:14,2025-08-20 16:42:16
VA-VSC-02128,Waco (349),New Enrollment,2025-08-16 14:00:00,2025-08-22 12:41:00,2025-08-25 18:23:22,2025-08-26 14:14:14
VA-VSC-02129,Phoenix (344),New Enrollment,2025-08-16 15:00:00,2025-08-18 01:33:54,2025-08-18 13:55:29,2025-08-19 23:12:10
VA-VSC-02130,Waco (349),Inter-Facility Transfer,2025-08-16 16:00:00,2025-08-23 20:47:46,2025-08-24 02:56:06,2025-08-31 16:31:52
VA-VSC-02131,Waco (349),New Enrollment,2025-08-16 16:00:00,2025-08-23 21:28:52,2025-08-28 06:21:13,2025-08-28 19:01:50
VA-VSC-02132,Waco (349),Priority Group Upgrade,2025-08-16 16:00:00,2025-08-23 12:58:15,2025-08-31 17:51:49,2025-08-31 20:15:49
VA-VSC-02133,Houston (362),Priority Group Upgrade,2025-08-17 07:00:00,2025-08-18 06:39:39,2025-08-25 08:14:16,2025-08-26 16:16:51
VA-VSC-02134,Waco (349),New Enrollment,2025-08-17 09:00:00,2025-08-24 18:50:19,2025-08-25 09:35:38,2025-08-25 19:37:07
VA-VSC-02135,St. Paul (335),Priority Group Upgrade,2025-08-17 10:00:00,2025-08-17 18:30:09,2025-08-28 13:58:42,2025-08-29 05:45:41
VA-VSC-02136,Phoenix (344),Priority Group Upgrade,2025-08-17 12:00:00,2025-08-19 02:10:53,2025-08-26 10:06:11,2025-08-29 04:43:41
VA-VSC-02137,Waco (349),Combat Veteran Auto-Enroll,2025-08-17 14:00:00,2025-08-22 15:57:41,2025-08-22 18:21:41,2025-08-22 21:16:26
VA-VSC-02138,St. Paul (335),Priority Group Upgrade,2025-08-17 16:00:00,2025-08-17 20:32:55,2025-08-27 02:52:33,2025-08-27 11:12:37
VA-VSC-02139,Waco (349),Priority Group Upgrade,2025-08-18 09:00:00,2025-08-27 10:28:28,2025-09-05 19:48:13,2025-09-07 07:48:39
VA-VSC-02140,Phoenix (344),New Enrollment,2025-08-18 09:00:00,2025-08-19 22:14:52,2025-08-20 10:12:25,2025-08-22 04:53:04
VA-VSC-02141,St. Paul (335),Inter-Facility Transfer,2025-08-18 12:00:00,2025-08-18 16:27:37,2025-08-19 11:07:12,2025-08-19 13:31:12
VA-VSC-02142,Waco (349),New Enrollment,2025-08-18 13:00:00,2025-08-23 12:27:45,2025-08-23 15:15:51,2025-08-24 14:48:57
VA-VSC-02143,St. Paul (335),Combat Veteran Auto-Enroll,2025-08-18 14:00:00,2025-08-20 17:18:41,2025-08-22 07:46:47,2025-08-23 17:58:28
VA-VSC-02144,Waco (349),New Enrollment,2025-08-18 14:00:00,2025-08-25 04:12:03,2025-08-29 00:06:38,2025-08-29 02:47:07
VA-VSC-02145,Waco (349),Inter-Facility Transfer,2025-08-18 14:00:00,2025-08-24 15:18:08,2025-08-26 02:15:10,2025-08-27 06:10:25
VA-VSC-02146,Phoenix (344),Priority Group Upgrade,2025-08-18 15:00:00,2025-08-21 02:22:45,2025-08-27 11:27:38,2025-09-02 03:37:20
VA-VSC-02147,Waco (349),Combat Veteran Auto-Enroll,2025-08-18 15:00:00,2025-08-23 23:40:03,2025-08-24 17:17:30,2025-08-24 19:41:30
VA-VSC-02148,Waco (349),New Enrollment,2025-08-18 15:00:00,2025-08-24 19:32:47,2025-08-28 09:21:53,2025-08-29 21:15:35
VA-VSC-02149,Waco (349),New Enrollment,2025-08-19 07:00:00,2025-08-25 12:28:04,2025-08-25 19:26:50,2025-08-27 04:35:23
VA-VSC-02150,Phoenix (344),Priority Group Upgrade,2025-08-19 10:00:00,2025-08-19 18:28:56,2025-08-27 16:22:57,2025-08-28 12:03:32
VA-VSC-02151,Waco (349),Combat Veteran Auto-Enroll,2025-08-19 10:00:00,2025-08-27 04:24:22,2025-08-27 06:48:22,2025-08-29 03:58:41
VA-VSC-02152,Waco (349),New Enrollment,2025-08-19 12:00:00,2025-08-24 18:30:33,2025-08-27 01:09:24,2025-08-28 12:28:30
VA-VSC-02153,St. Paul (335),Inter-Facility Transfer,2025-08-19 12:00:00,2025-08-20 01:19:50,2025-08-25 02:24:48,2025-08-25 10:47:21
VA-VSC-02154,Phoenix (344),Combat Veteran Auto-Enroll,2025-08-19 13:00:00,2025-08-20 11:26:49,2025-08-21 01:22:58,2025-08-22 13:22:04
VA-VSC-02155,Waco (349),New Enrollment,2025-08-19 15:00:00,2025-08-27 02:10:51,2025-08-27 05:33:15,2025-08-29 09:29:51
VA-VSC-02156,Waco (349),Combat Veteran Auto-Enroll,2025-08-19 15:00:00,2025-08-25 12:55:28,2025-08-26 01:37:26,2025-08-28 04:01:50
VA-VSC-02157,Waco (349),Priority Group Upgrade,2025-08-20 07:00:00,2025-08-26 14:07:38,2025-09-02 21:23:46,2025-09-03 00:18:59
VA-VSC-02158,Waco (349),Priority Group Upgrade,2025-08-20 09:00:00,2025-08-27 10:48:02,2025-09-07 17:45:11,2025-09-11 19:51:12
VA-VSC-02159,Waco (349),New Enrollment,2025-08-20 10:00:00,2025-08-31 03:14:02,2025-09-01 21:57:54,2025-09-03 18:06:40
VA-VSC-02160,St. Paul (335),Priority Group Upgrade,2025-08-20 10:00:00,2025-08-20 20:05:46,2025-08-26 21:39:55,2025-08-27 08:10:51
VA-VSC-02161,Houston (362),Priority Group Upgrade,2025-08-20 11:00:00,2025-08-20 14:20:26,2025-08-25 17:31:05,2025-08-29 05:25:20
VA-VSC-02162,Houston (362),New Enrollment,2025-08-20 11:00:00,2025-08-22 07:47:07,2025-08-23 09:02:38,2025-08-24 19:33:04
VA-VSC-02163,Waco (349),Priority Group Upgrade,2025-08-20 12:00:00,2025-08-26 15:43:40,2025-09-04 13:13:09,2025-09-05 07:36:47
VA-VSC-02164,Phoenix (344),Priority Group Upgrade,2025-08-20 13:00:00,2025-08-22 01:11:14,2025-08-29 00:29:02,2025-08-29 10:28:52
VA-VSC-02165,Waco (349),Priority Group Upgrade,2025-08-20 14:00:00,2025-08-26 23:02:36,2025-09-03 06:10:28,2025-09-05 12:19:37
VA-VSC-02166,Muskogee (351),New Enrollment,2025-08-20 14:00:00,2025-08-25 04:11:28,2025-08-25 12:28:45,2025-08-27 05:47:07
VA-VSC-02167,Houston (362),Combat Veteran Auto-Enroll,2025-08-20 15:00:00,2025-08-20 17:24:00,2025-08-22 14:20:40,2025-08-23 16:01:14
VA-VSC-02168,Waco (349),Priority Group Upgrade,2025-08-20 15:00:00,2025-08-27 05:27:41,2025-09-02 00:54:23,2025-09-05 08:47:08
VA-VSC-02169,Houston (362),New Enrollment,2025-08-20 16:00:00,2025-08-22 13:25:10,2025-08-23 17:51:07,2025-08-25 11:34:40
VA-VSC-02170,Waco (349),New Enrollment,2025-08-20 16:00:00,2025-08-28 20:15:35,2025-08-29 23:21:08,2025-08-31 20:41:30
VA-VSC-02171,Houston (362),Priority Group Upgrade,2025-08-21 07:00:00,2025-08-21 14:44:03,2025-08-28 13:17:20,2025-08-28 19:51:40
VA-VSC-02172,Waco (349),Combat Veteran Auto-Enroll,2025-08-21 07:00:00,2025-08-28 02:17:42,2025-08-28 21:23:54,2025-08-29 17:55:15
VA-VSC-02173,Waco (349),New Enrollment,2025-08-21 09:00:00,2025-08-27 06:58:01,2025-08-28 00:50:18,2025-08-29 11:00:01
VA-VSC-02174,Phoenix (344),Priority Group Upgrade,2025-08-21 11:00:00,2025-08-21 14:17:55,2025-08-26 10:33:23,2025-08-29 20:43:26
VA-VSC-02175,Waco (349),New Enrollment,2025-08-21 12:00:00,2025-08-25 17:16:29,2025-08-29 13:37:16,2025-08-29 16:01:16
VA-VSC-02176,Phoenix (344),Priority Group Upgrade,2025-08-21 16:00:00,2025-08-22 08:57:39,2025-08-28 21:33:48,2025-09-02 09:12:12
VA-VSC-02177,Waco (349),Inter-Facility Transfer,2025-08-22 10:00:00,2025-08-27 04:58:06,2025-08-30 11:54:31,2025-08-30 23:33:30
VA-VSC-02178,Houston (362),Combat Veteran Auto-Enroll,2025-08-22 11:00:00,2025-08-23 16:49:04,2025-08-23 22:00:50,2025-08-30 01:47:10
VA-VSC-02179,Houston (362),,2025-08-22 12:00:00,2025-08-23 13:53:26,2025-08-25 01:19:16,2025-08-26 04:37:18
VA-VSC-02180,Waco (349),Priority Group Upgrade,2025-08-22 12:00:00,2025-08-27 22:59:33,2025-09-04 11:37:52,2025-09-06 08:05:38
VA-VSC-02181,Waco (349),New Enrollment,2025-08-22 13:00:00,2025-08-28 20:50:38,2025-08-29 02:38:34,2025-09-03 14:40:59
VA-VSC-02182,Waco (349),New Enrollment,2025-08-22 13:00:00,2025-08-26 17:02:11,2025-08-28 14:38:17,2025-08-31 03:40:52
VA-VSC-02183,Waco (349),Combat Veteran Auto-Enroll,2025-08-22 14:00:00,2025-08-27 07:57:03,2025-08-28 10:36:40,2025-08-28 13:00:40
VA-VSC-02184,Waco (349),,2025-08-22 14:00:00,2025-08-27 05:18:57,2025-08-28 10:43:57,2025-08-30 22:08:02
VA-VSC-02185,Houston (362),New Enrollment,2025-08-22 14:00:00,2025-08-24 02:21:26,2025-08-24 12:00:39,2025-08-27 10:35:39
VA-VSC-02186,Muskogee (351),Inter-Facility Transfer,2025-08-22 15:00:00,2025-08-22 17:24:00,2025-08-24 14:44:11,2025-08-24 19:54:14
VA-VSC-02187,Phoenix (344),Priority Group Upgrade,2025-08-22 15:00:00,2025-08-24 04:40:16,2025-09-01 17:11:34,2025-09-02 20:47:22
VA-VSC-02188,St. Paul (335),New Enrollment,2025-08-22 15:00:00,2025-08-24 21:06:26,2025-08-25 14:22:51,2025-08-26 04:45:13
VA-VSC-02189,St. Paul (335),Priority Group Upgrade,2025-08-22 16:00:00,2025-08-23 13:03:45,2025-08-29 00:48:42,2025-08-30 02:58:01
VA-VSC-02190,Houston (362),Priority Group Upgrade,2025-08-22 16:00:00,2025-08-25 04:17:05,2025-09-01 05:04:14,2025-09-01 07:28:14
VA-VSC-02191,Waco (349),Priority Group Upgrade,2025-08-23 09:00:00,2025-08-28 06:26:06,2025-09-04 16:10:36,2025-09-12 03:43:12
VA-VSC-02192,Phoenix (344),Priority Group Upgrade,2025-08-23 11:00:00,2025-08-23 13:24:00,2025-08-29 15:52:07,2025-09-01 18:30:50
VA-VSC-02193,Houston (362),Priority Group Upgrade,2025-08-23 11:00:00,2025-08-23 17:15:48,2025-09-04 20:28:18,2025-09-05 14:41:27
VA-VSC-02194,Houston (362),New Enrollment,2025-08-23 12:00:00,2025-08-25 02:53:49,2025-08-28 20:45:06,2025-09-01 20:36:49
VA-VSC-02195,Waco (349),Combat Veteran Auto-Enroll,2025-08-23 14:00:00,2025-09-04 13:37:38,2025-09-04 20:53:11,2025-09-05 14:20:04
VA-VSC-02196,Waco (349),Priority Group Upgrade,2025-08-23 14:00:00,2025-08-29 18:54:23,2025-09-08 00:56:16,2025-09-09 13:39:06
VA-VSC-02197,Waco (349),New Enrollment,2025-08-24 08:00:00,2025-08-30 07:52:35,2025-08-30 10:16:35,2025-08-30 23:16:45
VA-VSC-02198,Phoenix (344),Combat Veteran Auto-Enroll,2025-08-24 09:00:00,2025-08-24 11:49:39,2025-08-25 16:50:07,2025-08-28 01:54:59
VA-VSC-02199,Waco (349),Inter-Facility Transfer,2025-08-24 14:00:00,2025-08-30 08:35:09,2025-08-31 14:57:36,2025-09-03 03:15:17
VA-VSC-02200,Waco (349),Inter-Facility Transfer,2025-08-24 16:00:00,2025-08-30 20:41:47,2025-08-31 18:22:57,2025-09-03 12:30:54
VA-VSC-02201,Muskogee (351),New Enrollment,2025-08-25 08:00:00,2025-08-25 13:58:24,2025-08-26 05:58:35,2025-08-26 08:22:35
VA-VSC-02202,Waco (349),New Enrollment,2025-08-25 08:00:00,2025-08-30 01:58:11,2025-08-31 15:59:33,2025-09-02 18:05:58
VA-VSC-02203,Waco (349),Priority Group Upgrade,2025-08-25 09:00:00,2025-08-29 16:44:01,2025-09-02 10:59:15,2025-09-04 03:26:55
VA-VSC-02204,Waco (349),New Enrollment,2025-08-25 09:00:00,2025-08-31 20:14:53,2025-08-31 22:38:53,2025-09-01 14:10:35
VA-VSC-02205,St. Paul (335),Inter-Facility Transfer,2025-08-25 09:00:00,2025-08-26 06:34:00,2025-08-28 06:12:57,2025-08-28 08:36:57
VA-VSC-02206,Phoenix (344),New Enrollment,2025-08-25 10:00:00,2025-08-25 17:56:33,2025-08-28 10:11:26,2025-09-01 09:15:05
VA-VSC-02207,Waco (349),New Enrollment,2025-08-26 07:00:00,2025-09-01 10:18:25,2025-09-02 03:13:09,2025-09-04 23:06:15
VA-VSC-02208,Phoenix (344),New Enrollment,2025-08-26 08:00:00,2025-08-26 18:04:12,2025-08-26 22:33:12,2025-08-27 12:50:48
VA-VSC-02209,Waco (349),New Enrollment,2025-08-26 09:00:00,2025-09-01 04:05:38,2025-09-01 06:29:38,2025-09-02 13:45:39
VA-VSC-02210,Phoenix (344),Combat Veteran Auto-Enroll,2025-08-26 09:00:00,2025-08-26 11:24:00,2025-08-27 08:16:59,2025-08-29 19:31:12
VA-VSC-02211,St. Paul (335),Priority Group Upgrade,2025-08-26 09:00:00,2025-08-26 11:24:00,2025-09-05 01:02:13,2025-09-05 23:15:38
VA-VSC-02212,St. Paul (335),New Enrollment,2025-08-26 12:00:00,2025-08-26 18:14:44,2025-08-30 20:31:33,2025-09-01 14:19:10
VA-VSC-02213,Waco (349),New Enrollment,2025-08-26 14:00:00,2025-08-31 16:24:56,2025-09-02 12:20:11,2025-09-03 10:53:28
VA-VSC-02214,Muskogee (351),Priority Group Upgrade,2025-08-26 15:00:00,2025-08-27 20:38:39,2025-09-02 09:50:53,2025-09-03 01:07:53
VA-VSC-02215,St. Paul (335),New Enrollment,2025-08-26 15:00:00,2025-08-26 21:43:38,2025-08-27 05:48:41,2025-08-29 12:55:14
VA-VSC-02216,Waco (349),Priority Group Upgrade,2025-08-27 07:00:00,2025-09-03 03:39:47,2025-09-09 07:15:58,2025-09-11 09:04:31
VA-VSC-02217,Phoenix (344),Priority Group Upgrade,2025-08-27 10:00:00,2025-08-27 23:25:08,2025-09-04 05:51:28,2025-09-04 16:57:27
VA-VSC-02218,Waco (349),Priority Group Upgrade,2025-08-27 11:00:00,2025-09-03 09:45:06,2025-09-08 16:22:45,2025-09-08 18:46:45
VA-VSC-02219,Phoenix (344),Inter-Facility Transfer,2025-08-27 11:00:00,2025-08-27 19:05:51,2025-08-28 09:12:26,2025-08-30 22:58:06
VA-VSC-02220,Waco (349),Inter-Facility Transfer,2025-08-27 11:00:00,2025-09-04 17:40:07,2025-09-06 01:35:45,2025-09-06 20:16:58
VA-VSC-02221,St. Paul (335),Inter-Facility Transfer,2025-08-27 13:00:00,2025-08-27 23:42:23,2025-08-28 04:29:07,2025-09-02 14:26:54
VA-VSC-02222,Waco (349),New Enrollment,2025-08-27 13:00:00,2025-09-03 08:26:08,2025-09-03 10:50:08,2025-09-05 14:57:14
VA-VSC-02223,Waco (349),New Enrollment,2025-08-27 14:00:00,2025-09-03 16:19:20,2025-09-03 23:05:14,2025-09-06 12:12:31
VA-VSC-02224,Waco (349),New Enrollment,2025-08-27 14:00:00,2025-09-01 22:56:03,2025-09-02 06:23:21,2025-09-04 15:58:43
VA-VSC-02225,Waco (349),Combat Veteran Auto-Enroll,2025-08-27 15:00:00,2025-09-03 00:37:39,2025-09-04 12:54:33,2025-09-04 20:22:38
VA-VSC-02226,Waco (349),Inter-Facility Transfer,2025-08-27 16:00:00,2025-09-04 19:34:53,2025-09-06 03:19:15,2025-09-06 10:29:32
VA-VSC-02227,Waco (349),Combat Veteran Auto-Enroll,2025-08-27 16:00:00,2025-09-02 23:31:26,2025-09-03 11:47:09,2025-09-06 19:19:44
VA-VSC-02228,Houston (362),New Enrollment,2025-08-27 16:00:00,2025-08-27 18:24:00,2025-08-28 06:14:26,2025-08-28 08:38:26
VA-VSC-02229,Waco (349),Inter-Facility Transfer,2025-08-27 16:00:00,2025-09-02 15:29:58,2025-09-03 07:11:43,2025-09-03 17:35:48
VA-VSC-02230,Waco (349),New Enrollment,2025-08-28 07:00:00,2025-09-01 23:35:11,2025-09-04 06:07:59,2025-09-06 12:05:21
VA-VSC-02231,St. Paul (335),New Enrollment,2025-08-28 07:00:00,2025-08-28 18:22:52,2025-08-29 22:51:11,2025-08-31 03:03:58
VA-VSC-02232,Waco (349),New Enrollment,2025-08-28 08:00:00,2025-09-02 15:29:51,2025-09-06 05:04:30,2025-09-07 21:32:35
VA-VSC-02233,Phoenix (344),New Enrollment,2025-08-28 08:00:00,2025-08-28 10:24:00,2025-08-28 18:45:42,2025-08-29 02:17:45
VA-VSC-02234,Phoenix (344),Priority Group Upgrade,2025-08-28 09:00:00,2025-08-30 12:09:53,2025-09-08 23:22:12,2025-09-10 11:24:15
VA-VSC-02235,Houston (362),New Enrollment,2025-08-28 12:00:00,2025-08-28 15:10:06,2025-08-28 20:24:53,2025-09-01 05:02:06
VA-VSC-02236,Houston (362),Priority Group Upgrade,2025-08-28 13:00:00,2025-08-31 17:15:19,2025-09-07 07:14:24,2025-09-07 09:38:24
VA-VSC-02237,Phoenix (344),Priority Group Upgrade,2025-08-28 13:00:00,2025-08-30 15:41:28,2025-09-07 00:20:00,2025-09-09 01:37:17
VA-VSC-02238,Waco (349),Combat Veteran Auto-Enroll,2025-08-28 15:00:00,2025-09-04 04:19:46,2025-09-04 19:35:22,2025-09-05 07:39:05
VA-VSC-02239,Waco (349),Priority Group Upgrade,2025-08-28 15:00:00,2025-09-04 09:29:10,2025-09-11 16:21:50,2025-09-11 18:45:50
VA-VSC-02240,Waco (349),New Enrollment,2025-08-28 15:00:00,2025-09-02 22:20:39,2025-09-03 18:53:07,2025-09-07 07:14:20
VA-VSC-02241,St. Paul (335),Combat Veteran Auto-Enroll,2025-08-28 16:00:00,2025-08-29 12:11:16,2025-08-30 05:39:33,2025-08-30 14:06:00
VA-VSC-02242,Waco (349),Inter-Facility Transfer,2025-08-28 16:00:00,2025-09-03 19:01:14,2025-09-05 01:55:50,2025-09-05 06:35:15
VA-VSC-02243,Houston (362),New Enrollment,2025-08-29 08:00:00,2025-08-31 08:02:23,2025-09-04 02:28:51,2025-09-05 22:31:08
VA-VSC-02244,Muskogee (351),Priority Group Upgrade,2025-08-29 08:00:00,2025-08-30 21:52:52,2025-09-09 18:28:05,2025-09-11 09:54:11
VA-VSC-02245,Phoenix (344),New Enrollment,2025-08-29 09:00:00,2025-08-31 01:32:49,2025-09-01 02:16:04,2025-09-02 21:28:55
VA-VSC-02246,Waco (349),New Enrollment,2025-08-29 10:00:00,2025-09-07 06:48:21,2025-09-07 14:45:13,2025-09-07 19:43:03
VA-VSC-02247,Waco (349),Priority Group Upgrade,2025-08-29 10:00:00,2025-09-06 09:32:07,2025-09-13 09:18:10,2025-09-16 23:16:22
VA-VSC-02248,Phoenix (344),Combat Veteran Auto-Enroll,2025-08-29 12:00:00,2025-08-31 05:20:49,2025-08-31 12:27:48,2025-09-01 01:25:21
VA-VSC-02249,Houston (362),New Enrollment,2025-08-29 14:00:00,2025-08-30 04:27:22,2025-08-30 18:03:12,2025-08-31 12:40:55
VA-VSC-02250,Waco (349),Combat Veteran Auto-Enroll,2025-08-29 14:00:00,2025-09-04 04:30:34,2025-09-04 17:02:10,2025-09-04 19:26:10
VA-VSC-02251,Waco (349),Combat Veteran Auto-Enroll,2025-08-29 15:00:00,2025-09-04 03:17:31,2025-09-06 07:58:50,2025-09-10 07:07:51
VA-VSC-02252,Phoenix (344),Inter-Facility Transfer,2025-08-29 16:00:00,2025-08-31 05:45:15,2025-08-31 17:58:37,2025-08-31 20:43:16
VA-VSC-02253,Houston (362),New Enrollment,2025-08-29 16:00:00,2025-08-31 00:27:19,2025-09-01 14:07:31,2025-09-04 19:46:15
VA-VSC-02254,Phoenix (344),Inter-Facility Transfer,2025-08-29 16:00:00,2025-08-30 19:34:22,2025-08-31 01:42:59,2025-09-03 21:48:03
VA-VSC-02255,Phoenix (344),New Enrollment,2025-08-29 16:00:00,2025-08-30 20:25:17,2025-09-02 07:45:27,2025-09-05 07:10:01
VA-VSC-02256,Houston (362),Priority Group Upgrade,2025-08-30 11:00:00,2025-08-30 21:11:04,2025-09-08 15:14:30,2025-09-09 00:33:48
VA-VSC-02257,Waco (349),New Enrollment,2025-08-30 12:00:00,2025-09-06 03:10:28,2025-09-06 13:12:58,2025-09-07 18:45:06
VA-VSC-02258,Waco (349),New Enrollment,2025-08-30 12:00:00,2025-09-03 12:49:57,2025-09-05 22:58:07,2025-09-10 21:03:13
VA-VSC-02259,Waco (349),Priority Group Upgrade,2025-08-30 13:00:00,2025-09-05 16:17:40,2025-09-12 12:26:24,2025-09-12 20:08:22
VA-VSC-02260,Waco (349),New Enrollment,2025-08-30 14:00:00,2025-09-07 09:27:00,2025-09-08 22:20:45,2025-09-10 05:29:30
VA-VSC-02261,St. Paul (335),New Enrollment,2025-08-31 07:00:00,2025-09-04 08:47:42,2025-09-07 15:48:53,2025-09-10 19:46:25
VA-VSC-02262,Houston (362),New Enrollment,2025-08-31 08:00:00,2025-09-01 18:10:31,2025-09-03 00:54:28,2025-09-03 07:04:38
VA-VSC-02263,Phoenix (344),Priority Group Upgrade,2025-08-31 11:00:00,2025-08-31 16:12:45,2025-09-10 22:08:26,2025-09-14 04:11:43
VA-VSC-02264,Waco (349),New Enrollment,2025-08-31 12:00:00,2025-09-05 20:11:09,2025-09-06 16:59:06,2025-09-06 19:23:06
VA-VSC-02265,Houston (362),Combat Veteran Auto-Enroll,2025-08-31 14:00:00,2025-09-01 09:09:25,2025-09-05 08:32:40,2025-09-05 14:04:07
VA-VSC-02266,Houston (362),New Enrollment,2025-08-31 14:00:00,2025-09-01 11:04:13,2025-09-02 03:35:06,2025-09-11 09:06:23
VA-VSC-02267,Houston (362),New Enrollment,2025-08-31 15:00:00,2025-09-03 00:00:36,2025-09-03 20:48:20,2025-09-20 01:28:16
VA-VSC-02268,St. Paul (335),New Enrollment,2025-08-31 15:00:00,2025-09-01 11:47:03,2025-09-01 18:22:02,2025-09-03 09:19:35
VA-VSC-02269,Waco (349),Priority Group Upgrade,2025-08-31 16:00:00,2025-09-04 02:36:33,2025-09-10 18:32:24,2025-09-16 07:34:42
VA-VSC-02270,Waco (349),New Enrollment,2025-09-01 07:00:00,2025-09-07 18:44:14,2025-09-07 21:19:20,2025-09-08 13:28:59
VA-VSC-02271,Waco (349),New Enrollment,2025-09-01 08:00:00,2025-09-05 03:40:52,2025-09-06 04:35:41,2025-09-08 15:44:23
VA-VSC-02272,Waco (349),Inter-Facility Transfer,2025-09-01 10:00:00,2025-09-05 14:14:53,2025-09-06 06:27:13,2025-09-06 23:31:39
VA-VSC-02273,Waco (349),Priority Group Upgrade,2025-09-01 10:00:00,2025-09-07 00:45:08,2025-09-17 10:39:13,2025-09-18 15:46:28
VA-VSC-02274,Houston (362),New Enrollment,2025-09-01 11:00:00,2025-09-04 03:54:00,2025-09-04 09:51:38,2025-09-04 20:06:00
VA-VSC-02275,Muskogee (351),New Enrollment,2025-09-01 11:00:00,2025-09-01 14:14:31,2025-09-02 03:35:00,2025-09-03 18:10:10
VA-VSC-02276,Houston (362),Combat Veteran Auto-Enroll,2025-09-01 11:00:00,2025-09-06 18:21:50,2025-09-09 03:07:45,2025-09-10 02:06:31
VA-VSC-02277,St. Paul (335),New Enrollment,2025-09-01 13:00:00,2025-09-02 13:42:02,2025-09-04 00:50:54,2025-09-07 11:53:29
VA-VSC-02278,Waco (349),New Enrollment,2025-09-01 14:00:00,2025-09-07 15:21:23,2025-09-08 21:40:48,2025-09-11 02:46:37
VA-VSC-02279,Houston (362),Combat Veteran Auto-Enroll,2025-09-01 15:00:00,2025-09-01 21:26:34,2025-09-03 15:26:29,2025-09-07 10:38:22
VA-VSC-02280,Waco (349),Priority Group Upgrade,2025-09-01 16:00:00,2025-09-07 19:54:56,2025-09-16 19:22:36,2025-09-17 07:03:42
VA-VSC-02281,Waco (349),Priority Group Upgrade,2025-09-02 07:00:00,2025-09-09 05:05:50,2025-09-16 06:47:53,2025-09-17 13:20:38
VA-VSC-02282,Waco (349),New Enrollment,2025-09-02 08:00:00,2025-09-08 06:30:06,2025-09-08 19:33:01,2025-09-12 03:27:58
VA-VSC-02283,Waco (349),New Enrollment,2025-09-02 10:00:00,2025-09-09 14:59:20,2025-09-09 17:42:58,2025-09-12 13:30:28
VA-VSC-02284,Waco (349),Priority Group Upgrade,2025-09-02 11:00:00,2025-09-08 01:24:54,2025-09-14 15:05:45,2025-09-15 15:11:53
VA-VSC-02285,Waco (349),New Enrollment,2025-09-02 11:00:00,2025-09-09 09:50:55,2025-09-09 12:14:55,2025-09-10 08:08:29
VA-VSC-02286,Waco (349),Priority Group Upgrade,2025-09-02 12:00:00,2025-09-07 16:34:08,2025-09-16 23:26:12,2025-09-17 10:38:28
VA-VSC-02287,Muskogee (351),Priority Group Upgrade,2025-09-02 12:00:00,2025-09-03 13:00:43,2025-09-11 09:48:02,2025-09-12 12:22:38
VA-VSC-02288,Waco (349),New Enrollment,2025-09-02 13:00:00,2025-09-06 23:24:18,2025-09-07 01:48:18,2025-09-07 04:12:18
VA-VSC-02289,Waco (349),Inter-Facility Transfer,2025-09-02 16:00:00,2025-09-10 10:39:47,2025-09-10 17:56:57,2025-09-12 12:10:08
VA-VSC-02290,Waco (349),Combat Veteran Auto-Enroll,2025-09-02 16:00:00,2025-09-10 06:47:29,2025-09-11 09:52:32,2025-09-14 12:11:28
VA-VSC-02291,Houston (362),Priority Group Upgrade,2025-09-02 16:00:00,2025-09-04 08:16:39,2025-09-11 16:48:41,2025-09-12 04:22:15
VA-VSC-02292,Waco (349),New Enrollment,2025-09-03 07:00:00,2025-09-11 00:39:18,2025-09-12 12:13:07,2025-09-13 11:13:00
VA-VSC-02293,Waco (349),New Enrollment,2025-09-03 08:00:00,2025-09-12 19:14:50,2025-09-13 08:19:06,2025-09-13 17:38:03
VA-VSC-02294,Waco (349),Priority Group Upgrade,2025-09-03 09:00:00,2025-09-12 05:19:54,2025-09-20 19:19:55,2025-09-24 04:13:12
VA-VSC-02295,Waco (349),New Enrollment,2025-09-03 11:00:00,2025-09-06 21:36:08,2025-09-07 15:07:45,2025-09-11 12:39:59
VA-VSC-02296,Waco (349),Inter-Facility Transfer,2025-09-03 11:00:00,2025-09-07 21:47:36,2025-09-10 09:37:30,2025-09-11 01:35:06
VA-VSC-02297,Waco (349),New Enrollment,2025-09-03 11:00:00,2025-09-10 19:20:53,2025-09-12 14:35:43,2025-09-13 10:54:49
VA-VSC-02298,Waco (349),Priority Group Upgrade,2025-09-03 12:00:00,2025-09-08 07:07:24,2025-09-14 11:18:31,2025-09-20 08:37:26
VA-VSC-02299,Waco (349),New Enrollment,2025-09-03 13:00:00,2025-09-08 18:29:33,2025-09-10 10:21:05,2025-09-12 19:43:20
VA-VSC-02300,Waco (349),Priority Group Upgrade,2025-09-03 13:00:00,2025-09-08 07:44:19,2025-09-20 02:24:27,2025-09-20 22:08:47
VA-VSC-02301,St. Paul (335),New Enrollment,2025-09-03 13:00:00,2025-09-04 01:47:05,2025-09-05 01:21:42,2025-09-09 18:05:53
VA-VSC-02302,Houston (362),New Enrollment,2025-09-03 14:00:00,2025-09-05 12:40:35,2025-09-05 22:43:09,2025-09-06 17:34:14
VA-VSC-02303,Waco (349),New Enrollment,2025-09-03 14:00:00,2025-09-09 01:33:59,2025-09-12 17:21:53,2025-09-26 09:51:26
VA-VSC-02304,Waco (349),Combat Veteran Auto-Enroll,2025-09-03 14:00:00,2025-09-09 12:15:35,2025-09-10 12:06:07,2025-09-10 14:30:07
VA-VSC-02305,Muskogee (351),New Enrollment,2025-09-03 15:00:00,2025-09-04 19:52:04,2025-09-06 05:27:42,2025-09-07 12:55:38
VA-VSC-02306,Waco (349),Inter-Facility Transfer,2025-09-03 16:00:00,2025-09-13 22:37:07,2025-09-14 01:01:07,2025-09-16 12:47:27
VA-VSC-02307,Waco (349),Combat Veteran Auto-Enroll,2025-09-03 16:00:00,2025-09-08 21:49:02,2025-09-10 18:51:16,2025-09-13 00:50:08
VA-VSC-02308,Houston (362),New Enrollment,2025-09-04 08:00:00,2025-09-05 21:32:48,2025-09-06 07:24:18,2025-09-07 14:18:37
VA-VSC-02309,Waco (349),Combat Veteran Auto-Enroll,2025-09-04 10:00:00,2025-09-09 09:34:50,2025-09-10 16:49:50,2025-09-13 06:01:53
VA-VSC-02310,Waco (349),New Enrollment,2025-09-04 10:00:00,2025-09-10 07:15:27,2025-09-11 16:31:00,2025-09-15 04:08:22
VA-VSC-02311,Waco (349),Inter-Facility Transfer,2025-09-04 13:00:00,2025-09-09 12:37:23,2025-09-09 17:20:01,2025-09-11 07:12:03
VA-VSC-02312,Phoenix (344),Priority Group Upgrade,2025-09-04 14:00:00,2025-09-04 21:23:16,2025-09-13 23:06:12,2025-09-14 01:30:12
VA-VSC-02313,Waco (349),New Enrollment,2025-09-04 15:00:00,2025-09-09 18:21:41,2025-09-11 17:28:56,2025-09-12 07:53:14
VA-VSC-02314,St. Paul (335),New Enrollment,2025-09-04 16:00:00,2025-09-06 21:05:49,2025-09-11 11:16:48,2025-09-12 20:27:32
VA-VSC-02315,Muskogee (351),New Enrollment,2025-09-05 07:00:00,2025-09-07 00:09:53,2025-09-08 02:57:11,2025-09-08 06:24:32
VA-VSC-02316,Waco (349),Inter-Facility Transfer,2025-09-05 08:00:00,2025-09-11 14:30:40,2025-09-11 17:48:26,2025-09-20 17:45:21
VA-VSC-02317,Waco (349),New Enrollment,2025-09-05 08:00:00,2025-09-09 10:38:54,2025-09-11 00:46:39,2025-09-11 12:07:00
VA-VSC-02318,Waco (349),Priority Group Upgrade,2025-09-05 11:00:00,2025-09-12 22:17:13,2025-09-21 03:18:44,2025-09-25 15:33:47
VA-VSC-02319,Waco (349),New Enrollment,2025-09-05 12:00:00,2025-09-08 18:45:00,2025-09-09 03:10:15,2025-09-13 01:19:33
VA-VSC-02320,Waco (349),Inter-Facility Transfer,2025-09-05 12:00:00,2025-09-11 06:31:46,2025-09-12 13:24:09,2025-09-13 11:46:37
VA-VSC-02321,Phoenix (344),New Enrollment,2025-09-06 10:00:00,2025-09-06 14:21:44,2025-09-07 17:55:01,2025-09-08 17:24:31
VA-VSC-02322,St. Paul (335),Priority Group Upgrade,2025-09-06 11:00:00,2025-09-08 01:11:40,2025-09-10 23:30:33,2025-09-12 22:01:50
VA-VSC-02323,Houston (362),Priority Group Upgrade,2025-09-06 11:00:00,2025-09-06 18:36:46,2025-09-10 18:22:53,2025-09-14 12:42:34
VA-VSC-02324,Waco (349),Priority Group Upgrade,2025-09-06 11:00:00,2025-09-09 19:42:54,2025-09-20 05:19:31,2025-09-26 02:51:31
VA-VSC-02325,Phoenix (344),New Enrollment,2025-09-06 13:00:00,2025-09-06 21:59:44,2025-09-10 23:52:16,2025-09-13 06:52:35
VA-VSC-02326,Muskogee (351),New Enrollment,2025-09-06 13:00:00,2025-09-07 20:31:14,2025-09-08 16:30:54,2025-09-12 10:01:04
VA-VSC-02327,Phoenix (344),New Enrollment,2025-09-06 14:00:00,2025-09-08 02:01:04,2025-09-08 14:00:12,2025-09-10 09:56:05
VA-VSC-02328,Waco (349),Priority Group Upgrade,2025-09-06 14:00:00,2025-09-12 09:20:16,2025-09-16 21:20:45,2025-09-20 04:27:51
VA-VSC-02329,Houston (362),New Enrollment,2025-09-06 14:00:00,2025-09-07 01:48:09,2025-09-07 16:52:31,2025-09-09 00:01:16
VA-VSC-02330,Waco (349),Priority Group Upgrade,2025-09-06 15:00:00,2025-09-17 04:48:44,2025-09-25 10:45:58,2025-09-25 20:25:42
VA-VSC-02331,Waco (349),New Enrollment,2025-09-06 15:00:00,2025-09-09 19:52:23,2025-09-09 22:16:23,2025-09-10 00:40:23
VA-VSC-02332,Waco (349),Combat Veteran Auto-Enroll,2025-09-06 16:00:00,2025-09-10 02:31:26,2025-09-12 09:41:46,2025-09-12 16:20:26
VA-VSC-02333,Houston (362),Inter-Facility Transfer,2025-09-07 08:00:00,2025-09-10 07:06:09,2025-09-11 14:59:16,2025-09-11 17:23:16
VA-VSC-02334,Houston (362),Priority Group Upgrade,2025-09-07 09:00:00,2025-09-11 07:55:39,2025-09-20 01:35:37,2025-09-21 06:17:16
VA-VSC-02335,Waco (349),New Enrollment,2025-09-07 09:00:00,2025-09-12 05:50:17,2025-09-12 10:56:59,2025-09-12 16:13:55
VA-VSC-02336,Waco (349),New Enrollment,2025-09-07 11:00:00,2025-09-15 16:00:58,2025-09-16 01:45:29,2025-09-16 08:52:28
VA-VSC-02337,Waco (349),New Enrollment,2025-09-07 12:00:00,2025-09-12 23:44:29,2025-09-13 11:23:23,2025-09-17 01:33:08
VA-VSC-02338,Waco (349),New Enrollment,2025-09-07 14:00:00,2025-09-11 22:46:54,2025-09-13 09:18:22,2025-09-19 14:10:22
VA-VSC-02339,Waco (349),Priority Group Upgrade,2025-09-07 15:00:00,2025-09-15 20:03:03,2025-09-30 07:25:36,2025-09-30 20:17:04
VA-VSC-02340,Waco (349),Priority Group Upgrade,2025-09-07 15:00:00,2025-09-13 13:17:03,2025-09-21 20:10:46,2025-09-21 22:34:46
VA-VSC-02341,St. Paul (335),Inter-Facility Transfer,2025-09-07 16:00:00,2025-09-10 11:11:08,2025-09-10 16:06:20,2025-09-11 03:04:42
VA-VSC-02342,Waco (349),New Enrollment,2025-09-08 08:00:00,2025-09-13 20:24:27,2025-09-16 03:01:07,2025-09-18 00:26:39
VA-VSC-02343,Waco (349),Priority Group Upgrade,2025-09-08 10:00:00,2025-09-14 15:37:31,2025-09-22 09:00:49,2025-09-22 13:52:07
VA-VSC-02344,Waco (349),Priority Group Upgrade,2025-09-08 11:00:00,2025-09-16 06:06:57,2025-09-26 00:58:53,2025-09-26 17:48:16
VA-VSC-02345,Muskogee (351),Priority Group Upgrade,2025-09-08 12:00:00,2025-09-09 12:48:40,2025-09-18 06:34:05,2025-09-19 06:16:27
VA-VSC-02346,Houston (362),New Enrollment,2025-09-08 13:00:00,2025-09-10 09:53:06,2025-09-10 20:41:59,2025-09-14 06:06:01
VA-VSC-02347,Houston (362),Priority Group Upgrade,2025-09-08 13:00:00,2025-09-08 21:53:31,2025-09-15 08:18:23,2025-09-15 16:22:51
VA-VSC-02348,Waco (349),Priority Group Upgrade,2025-09-09 09:00:00,2025-09-19 04:16:06,2025-09-24 20:44:24,2025-09-25 02:16:12
VA-VSC-02349,Houston (362),,2025-09-09 09:00:00,2025-09-09 11:24:00,2025-09-14 21:17:23,2025-09-15 08:49:56
VA-VSC-02350,Waco (349),Inter-Facility Transfer,2025-09-09 09:00:00,2025-09-15 05:12:28,2025-09-16 14:00:26,2025-09-16 17:04:46
VA-VSC-02351,Houston (362),New Enrollment,2025-09-09 10:00:00,2025-09-10 00:39:06,2025-09-10 13:37:19,2025-09-11 02:49:04
VA-VSC-02352,Phoenix (344),New Enrollment,2025-09-09 11:00:00,2025-09-10 13:43:03,2025-09-11 21:41:14,2025-09-13 21:30:08
VA-VSC-02353,Houston (362),Priority Group Upgrade,2025-09-09 13:00:00,2025-09-09 17:58:59,2025-09-12 23:10:08,2025-09-13 10:27:51
VA-VSC-02354,Phoenix (344),Priority Group Upgrade,2025-09-09 16:00:00,2025-09-10 03:32:46,2025-09-22 16:44:52,2025-09-22 21:29:05
VA-VSC-02355,St. Paul (335),,2025-09-09 16:00:00,2025-09-14 02:07:15,2025-09-14 06:34:54,2025-09-17 05:46:17
VA-VSC-02356,Waco (349),Combat Veteran Auto-Enroll,2025-09-10 07:00:00,2025-09-14 07:09:14,2025-09-17 07:18:48,2025-09-17 11:00:45
VA-VSC-02357,Phoenix (344),Inter-Facility Transfer,2025-09-10 09:00:00,2025-09-16 08:33:16,2025-09-22 17:05:10,2025-09-23 03:11:21
VA-VSC-02358,Waco (349),Inter-Facility Transfer,2025-09-10 10:00:00,2025-09-15 10:58:48,2025-09-16 14:35:10,2025-09-16 22:38:05
VA-VSC-02359,Waco (349),New Enrollment,2025-09-10 11:00:00,2025-09-15 10:47:46,2025-09-22 05:59:05,2025-09-23 10:55:11
VA-VSC-02360,Waco (349),Combat Veteran Auto-Enroll,2025-09-10 11:00:00,2025-09-15 12:02:34,2025-09-16 13:47:27,2025-09-17 09:24:46
VA-VSC-02361,Waco (349),Priority Group Upgrade,2025-09-10 11:00:00,2025-09-16 23:26:01,2025-09-22 07:49:43,2025-09-23 02:49:04
VA-VSC-02362,Waco (349),Priority Group Upgrade,2025-09-10 12:00:00,2025-09-17 00:51:47,2025-09-25 06:12:55,2025-09-25 22:44:24
VA-VSC-02363,Waco (349),Priority Group Upgrade,2025-09-10 12:00:00,2025-09-16 14:01:27,2025-09-21 07:59:02,2025-09-23 14:53:36
VA-VSC-02364,Waco (349),Combat Veteran Auto-Enroll,2025-09-10 15:00:00,2025-09-16 04:31:35,2025-09-17 15:22:20,2025-09-19 01:56:53
VA-VSC-02365,Houston (362),Priority Group Upgrade,2025-09-11 07:00:00,2025-09-12 00:02:16,2025-09-17 07:24:29,2025-09-18 04:20:11
VA-VSC-02366,Waco (349),New Enrollment,2025-09-11 07:00:00,2025-09-16 10:03:55,2025-09-16 13:31:20,2025-09-22 21:14:31
VA-VSC-02367,Waco (349),Priority Group Upgrade,2025-09-11 09:00:00,2025-09-18 21:05:52,2025-09-27 14:04:00,2025-09-29 09:39:58
VA-VSC-02368,Houston (362),Priority Group Upgrade,2025-09-11 12:00:00,2025-09-13 00:58:21,2025-09-19 00:00:07,2025-09-19 13:14:00
VA-VSC-02369,Waco (349),New Enrollment,2025-09-11 12:00:00,2025-09-18 08:14:01,2025-09-19 01:36:34,2025-09-19 09:07:47
VA-VSC-02370,St. Paul (335),Inter-Facility Transfer,2025-09-11 14:00:00,2025-09-13 17:10:33,2025-09-14 07:43:55,2025-09-14 20:30:07
VA-VSC-02371,Houston (362),Priority Group Upgrade,2025-09-11 15:00:00,2025-09-13 18:29:00,2025-09-21 11:38:19,2025-09-22 12:58:00
VA-VSC-02372,Phoenix (344),Priority Group Upgrade,2025-09-11 16:00:00,2025-09-11 18:24:00,2025-09-20 00:57:48,2025-09-23 02:31:47
VA-VSC-02373,Houston (362),New Enrollment,2025-09-11 16:00:00,2025-09-12 17:33:49,2025-09-13 10:41:52,2025-09-16 05:11:43
VA-VSC-02374,Waco (349),Priority Group Upgrade,2025-09-12 07:00:00,2025-09-17 18:36:57,2025-09-26 23:04:04,2025-09-28 10:00:39
VA-VSC-02375,Houston (362),New Enrollment,2025-09-12 07:00:00,2025-09-13 21:27:19,2025-09-19 08:42:45,2025-09-20 07:40:00
VA-VSC-02376,Waco (349),New Enrollment,2025-09-12 08:00:00,2025-09-15 22:30:50,2025-09-22 13:39:01,2025-09-24 12:34:39
VA-VSC-02377,Waco (349),Priority Group Upgrade,2025-09-12 09:00:00,2025-09-21 02:40:01,2025-09-27 10:55:09,2025-09-28 07:00:44
VA-VSC-02378,St. Paul (335),New Enrollment,2025-09-12 11:00:00,2025-09-15 00:08:45,2025-09-16 01:11:37,2025-09-16 11:06:27
VA-VSC-02379,Waco (349),Priority Group Upgrade,2025-09-12 12:00:00,2025-09-16 13:29:22,2025-09-26 06:11:42,2025-09-27 16:04:56
VA-VSC-02380,St. Paul (335),,2025-09-12 12:00:00,2025-09-13 02:49:32,2025-09-13 05:13:32,2025-09-15 02:26:25
VA-VSC-02381,Phoenix (344),New Enrollment,2025-09-12 15:00:00,2025-09-13 06:50:40,2025-09-17 01:39:54,2025-09-19 02:56:35
VA-VSC-02382,Phoenix (344),New Enrollment,2025-09-13 08:00:00,2025-09-13 22:38:57,2025-09-14 09:39:50,2025-09-19 02:47:39
VA-VSC-02383,Phoenix (344),Inter-Facility Transfer,2025-09-13 09:00:00,2025-09-13 11:24:00,2025-09-14 01:39:06,2025-09-19 19:35:06
VA-VSC-02384,Waco (349),Priority Group Upgrade,2025-09-13 12:00:00,2025-09-19 09:05:07,2025-09-27 19:59:25,2025-09-28 06:54:50
VA-VSC-02385,Waco (349),Priority Group Upgrade,2025-09-13 14:00:00,2025-09-19 03:45:27,2025-09-26 19:50:58,2025-09-27 04:06:46
VA-VSC-02386,Houston (362),New Enrollment,2025-09-13 15:00:00,2025-09-14 20:15:03,2025-09-19 11:21:17,2025-09-19 23:56:10
VA-VSC-02387,Waco (349),New Enrollment,2025-09-14 07:00:00,2025-09-18 14:29:55,2025-09-19 23:23:05,2025-09-21 09:24:54
VA-VSC-02388,Houston (362),Inter-Facility Transfer,2025-09-14 08:00:00,2025-09-15 01:27:03,2025-09-15 13:39:25,2025-09-16 05:03:51
VA-VSC-02389,St. Paul (335),New Enrollment,2025-09-14 08:00:00,2025-09-14 15:14:37,2025-09-15 05:47:49,2025-09-16 02:42:23
VA-VSC-02390,Houston (362),New Enrollment,2025-09-14 10:00:00,2025-09-14 20:38:08,2025-09-20 15:17:25,2025-09-26 00:50:42
VA-VSC-02391,Waco (349),Priority Group Upgrade,2025-09-14 12:00:00,2025-09-20 14:02:13,2025-10-01 13:05:25,2025-10-11 00:15:49
VA-VSC-02392,Waco (349),New Enrollment,2025-09-14 14:00:00,2025-09-21 06:54:10,2025-09-22 16:40:26,2025-09-23 04:10:01
VA-VSC-02393,Waco (349),Combat Veteran Auto-Enroll,2025-09-14 14:00:00,2025-09-20 06:33:21,2025-09-20 14:50:54,2025-09-21 10:44:47
VA-VSC-02394,Waco (349),Priority Group Upgrade,2025-09-14 15:00:00,2025-09-18 20:41:04,2025-09-28 18:25:49,2025-09-29 11:16:35
VA-VSC-02395,Phoenix (344),New Enrollment,2025-09-14 15:00:00,2025-09-14 19:30:44,2025-09-14 23:17:24,2025-09-16 02:58:34
VA-VSC-02396,Waco (349),New Enrollment,2025-09-14 15:00:00,2025-09-20 17:47:28,2025-09-21 06:20:36,2025-09-21 23:38:14
VA-VSC-02397,Waco (349),New Enrollment,2025-09-14 15:00:00,2025-09-20 21:15:55,2025-09-21 10:50:26,2025-09-26 09:21:12
VA-VSC-02398,Waco (349),Combat Veteran Auto-Enroll,2025-09-14 16:00:00,2025-09-20 08:51:04,2025-09-25 19:54:46,2025-09-28 04:39:07
VA-VSC-02399,Houston (362),Priority Group Upgrade,2025-09-14 16:00:00,2025-09-15 01:09:58,2025-09-21 12:40:03,2025-09-22 05:35:31
VA-VSC-02400,Houston (362),New Enrollment,2025-09-15 10:00:00,2025-09-16 10:59:25,2025-09-19 01:56:14,2025-09-19 23:37:28
VA-VSC-02401,Waco (349),New Enrollment,2025-09-15 11:00:00,2025-09-20 05:12:40,2025-09-21 03:55:52,2025-09-23 05:34:54
VA-VSC-02402,Waco (349),Priority Group Upgrade,2025-09-15 12:00:00,2025-09-23 22:26:27,2025-09-29 12:52:51,2025-10-01 07:15:09
VA-VSC-02403,Waco (349),Priority Group Upgrade,2025-09-15 12:00:00,2025-09-21 00:17:37,2025-09-29 13:31:44,2025-09-30 16:10:48
VA-VSC-02404,Waco (349),New Enrollment,2025-09-15 15:00:00,2025-09-26 18:07:03,2025-09-26 22:02:31,2025-09-28 03:38:04
VA-VSC-02405,Houston (362),New Enrollment,2025-09-15 15:00:00,2025-09-17 15:07:42,2025-09-20 09:25:43,2025-09-22 14:40:21
VA-VSC-02406,Houston (362),New Enrollment,2025-09-15 15:00:00,2025-09-16 20:32:48,2025-09-21 07:42:03,2025-09-22 06:55:59
VA-VSC-02407,Waco (349),Priority Group Upgrade,2025-09-15 16:00:00,2025-09-21 07:16:27,2025-09-30 03:26:28,2025-10-01 11:54:24
VA-VSC-02408,Waco (349),Inter-Facility Transfer,2025-09-15 16:00:00,2025-09-22 13:00:00,2025-09-23 20:47:31,2025-09-24 07:17:30
VA-VSC-02409,Muskogee (351),New Enrollment,2025-09-16 07:00:00,2025-09-17 00:37:06,2025-09-20 02:52:21,2025-09-20 07:11:24
VA-VSC-02410,Waco (349),Priority Group Upgrade,2025-09-16 08:00:00,2025-09-19 12:23:44,2025-09-24 12:47:04,2025-09-25 08:05:01
VA-VSC-02411,Houston (362),New Enrollment,2025-09-16 08:00:00,2025-09-16 10:36:33,2025-09-16 13:00:33,2025-09-21 02:46:57
VA-VSC-02412,Waco (349),New Enrollment,2025-09-16 08:00:00,2025-09-23 15:56:22,2025-09-24 11:55:44,2025-10-01 15:25:42
VA-VSC-02413,Waco (349),New Enrollment,2025-09-16 08:00:00,2025-09-22 22:38:27,2025-09-25 02:08:37,2025-09-26 07:29:41
VA-VSC-02414,Waco (349),Combat Veteran Auto-Enroll,2025-09-16 09:00:00,2025-09-20 23:09:45,2025-09-21 21:40:17,2025-09-23 23:46:26
VA-VSC-02415,Waco (349),Priority Group Upgrade,2025-09-16 10:00:00,2025-09-21 18:50:14,2025-10-05 00:21:28,2025-10-05 08:15:39
VA-VSC-02416,Muskogee (351),Priority Group Upgrade,2025-09-16 11:00:00,2025-09-17 02:10:48,2025-09-22 09:59:25,2025-09-23 16:12:52
VA-VSC-02417,Waco (349),New Enrollment,2025-09-16 11:00:00,2025-09-23 14:33:42,2025-09-24 12:15:55,2025-09-29 12:52:19
VA-VSC-02418,Waco (349),New Enrollment,2025-09-16 12:00:00,2025-09-20 08:34:00,2025-09-21 02:29:47,2025-09-23 19:20:23
VA-VSC-02419,Waco (349),New Enrollment,2025-09-16 13:00:00,2025-09-22 00:12:23,2025-09-23 08:17:02,2025-09-23 16:16:45
VA-VSC-02420,Waco (349),Priority Group Upgrade,2025-09-16 13:00:00,2025-09-21 22:35:22,2025-09-27 18:41:19,2025-10-02 18:36:27
VA-VSC-02421,Waco (349),New Enrollment,2025-09-16 14:00:00,2025-09-21 15:03:35,2025-09-21 21:44:57,2025-09-22 02:18:42
VA-VSC-02422,Waco (349),Priority Group Upgrade,2025-09-16 14:00:00,2025-09-23 10:44:58,2025-10-01 18:05:35,2025-10-02 17:42:10
VA-VSC-02423,St. Paul (335),New Enrollment,2025-09-17 08:00:00,2025-09-17 13:15:41,2025-09-18 00:47:27,2025-09-18 13:53:55
VA-VSC-02424,Waco (349),New Enrollment,2025-09-17 09:00:00,2025-09-24 12:52:47,2025-09-25 01:17:09,2025-09-26 12:07:26
VA-VSC-02425,Waco (349),Priority Group Upgrade,2025-09-17 09:00:00,2025-09-24 17:07:52,2025-09-28 22:40:50,2025-09-29 04:35:37
VA-VSC-02426,Phoenix (344),New Enrollment,2025-09-17 10:00:00,2025-09-17 12:33:22,2025-09-18 15:30:54,2025-09-19 10:30:32
VA-VSC-02427,Waco (349),New Enrollment,2025-09-17 10:00:00,2025-09-24 10:14:27,2025-09-24 23:49:07,2025-10-02 16:36:41
VA-VSC-02428,Muskogee (351),New Enrollment,2025-09-17 10:00:00,2025-09-19 02:55:27,2025-09-19 05:19:27,2025-09-20 15:27:17
VA-VSC-02429,Waco (349),Priority Group Upgrade,2025-09-17 12:00:00,2025-09-21 01:56:38,2025-09-28 17:57:47,2025-09-30 03:01:23
VA-VSC-02430,Phoenix (344),Priority Group Upgrade,2025-09-17 13:00:00,2025-09-17 22:07:16,2025-09-29 04:13:18,2025-09-29 22:33:51
VA-VSC-02431,Houston (362),New Enrollment,2025-09-17 15:00:00,2025-09-19 10:26:51,2025-09-21 22:00:13,2025-09-25 09:11:06
VA-VSC-02432,Phoenix (344),Priority Group Upgrade,2025-09-17 16:00:00,2025-09-18 15:02:10,2025-09-27 06:13:06,2025-09-27 13:55:10
VA-VSC-02433,Muskogee (351),New Enrollment,2025-09-18 08:00:00,2025-09-19 08:34:28,2025-09-20 01:00:32,2025-09-21 16:12:13
VA-VSC-02434,Waco (349),New Enrollment,2025-09-18 10:00:00,2025-09-24 22:42:10,2025-09-26 07:53:15,2025-09-26 10:17:15
VA-VSC-02435,Muskogee (351),New Enrollment,2025-09-18 11:00:00,2025-09-19 09:46:43,2025-09-25 09:59:44,2025-09-29 00:36:03
VA-VSC-02436,Waco (349),Combat Veteran Auto-Enroll,2025-09-18 11:00:00,2025-09-22 23:39:32,2025-09-24 10:09:13,2025-09-24 16:08:32
VA-VSC-02437,Waco (349),New Enrollment,2025-09-18 11:00:00,2025-09-22 16:42:27,2025-09-24 16:21:57,2025-09-26 15:08:54
VA-VSC-02438,Waco (349),New Enrollment,2025-09-18 12:00:00,2025-09-25 11:32:23,2025-09-25 23:01:33,2025-09-29 09:27:50
VA-VSC-02439,Waco (349),New Enrollment,2025-09-18 12:00:00,2025-09-25 04:02:31,2025-09-25 20:49:54,2025-09-25 23:13:54
VA-VSC-02440,Waco (349),New Enrollment,2025-09-18 13:00:00,2025-09-25 09:18:29,2025-09-26 16:05:59,2025-09-27 22:14:31
VA-VSC-02441,Houston (362),Priority Group Upgrade,2025-09-18 13:00:00,2025-09-19 19:00:02,2025-09-28 16:44:24,2025-09-30 18:21:24
VA-VSC-02442,Waco (349),New Enrollment,2025-09-18 15:00:00,2025-09-24 15:12:25,2025-09-25 05:37:22,2025-09-28 18:51:55
VA-VSC-02443,St. Paul (335),New Enrollment,2025-09-19 07:00:00,2025-09-20 02:14:33,2025-09-20 09:09:08,2025-09-20 13:02:07
VA-VSC-02444,Phoenix (344),Priority Group Upgrade,2025-09-19 07:00:00,2025-09-20 17:38:11,2025-09-28 12:02:41,2025-10-01 19:07:05
VA-VSC-02445,Waco (349),,2025-09-19 08:00:00,2025-09-24 23:40:17,2025-09-25 14:54:20,2025-09-29 11:33:54
VA-VSC-02446,Waco (349),Priority Group Upgrade,2025-09-19 08:00:00,2025-09-27 20:19:32,2025-10-04 18:58:56,2025-10-07 15:54:18
VA-VSC-02447,Waco (349),Priority Group Upgrade,2025-09-19 13:00:00,2025-09-25 07:35:59,2025-10-04 19:52:25,2025-10-05 11:23:03
VA-VSC-02448,Waco (349),New Enrollment,2025-09-19 13:00:00,2025-09-26 05:04:01,2025-09-26 11:20:28,2025-09-30 02:24:51
VA-VSC-02449,Waco (349),Priority Group Upgrade,2025-09-19 13:00:00,2025-09-25 03:22:07,2025-10-04 22:08:57,2025-10-08 05:05:26
VA-VSC-02450,Waco (349),New Enrollment,2025-09-19 14:00:00,2025-09-24 10:32:18,2025-09-25 22:57:03,2025-09-28 09:09:26
VA-VSC-02451,Waco (349),Priority Group Upgrade,2025-09-19 15:00:00,2025-09-25 06:56:12,2025-09-30 00:45:06,2025-10-01 21:14:33
VA-VSC-02452,Muskogee (351),New Enrollment,2025-09-19 16:00:00,2025-09-19 19:15:00,2025-09-20 00:26:20,2025-09-23 15:30:28
VA-VSC-02453,Houston (362),New Enrollment,2025-09-20 07:00:00,2025-09-21 22:53:48,2025-09-22 16:14:32,2025-09-26 04:52:15
VA-VSC-02454,Waco (349),Priority Group Upgrade,2025-09-20 08:00:00,2025-09-25 02:16:37,2025-10-04 21:08:31,2025-10-08 22:24:13
VA-VSC-02455,Houston (362),Combat Veteran Auto-Enroll,2025-09-20 09:00:00,2025-09-22 00:22:52,2025-09-22 20:27:29,2025-09-26 12:27:48
VA-VSC-02456,Waco (349),Inter-Facility Transfer,2025-09-20 11:00:00,2025-09-27 19:32:32,2025-09-29 23:39:16,2025-09-30 03:34:57
VA-VSC-02457,Waco (349),Priority Group Upgrade,2025-09-20 11:00:00,2025-09-29 02:26:10,2025-10-06 02:18:58,2025-10-11 02:25:47
VA-VSC-02458,Houston (362),New Enrollment,2025-09-20 11:00:00,2025-09-22 13:20:43,2025-09-22 18:01:57,2025-09-24 16:45:18
VA-VSC-02459,Waco (349),New Enrollment,2025-09-20 12:00:00,2025-09-28 21:54:23,2025-09-29 01:44:40,2025-10-02 20:42:28
VA-VSC-02460,Waco (349),New Enrollment,2025-09-20 12:00:00,2025-09-27 23:30:23,2025-09-29 00:43:57,2025-09-29 18:28:01
VA-VSC-02461,Muskogee (351),Priority Group Upgrade,2025-09-20 12:00:00,2025-09-20 18:29:15,2025-09-28 07:40:03,2025-09-28 11:50:21
VA-VSC-02462,Phoenix (344),New Enrollment,2025-09-20 12:00:00,2025-09-20 19:04:40,2025-09-22 22:57:18,2025-09-23 16:15:14
VA-VSC-02463,Houston (362),Inter-Facility Transfer,2025-09-20 15:00:00,2025-09-25 17:27:40,2025-09-26 18:28:24,2025-09-28 05:21:32
VA-VSC-02464,Houston (362),,2025-09-20 15:00:00,2025-09-20 17:24:00,2025-09-25 10:16:54,2025-09-25 19:28:16
VA-VSC-02465,Houston (362),New Enrollment,2025-09-20 15:00:00,2025-09-21 13:15:37,2025-09-22 07:23:29,2025-09-23 09:10:27
VA-VSC-02466,Waco (349),New Enrollment,2025-09-20 16:00:00,2025-09-28 14:59:57,2025-09-30 06:03:29,2025-09-30 14:06:06
VA-VSC-02467,Waco (349),Combat Veteran Auto-Enroll,2025-09-21 07:00:00,2025-09-27 02:12:46,2025-09-27 08:44:21,2025-09-28 02:46:28
VA-VSC-02468,Waco (349),Priority Group Upgrade,2025-09-21 07:00:00,2025-09-25 19:44:20,2025-10-02 13:23:58,2025-10-03 12:09:30
VA-VSC-02469,Waco (349),Priority Group Upgrade,2025-09-21 08:00:00,2025-09-26 22:55:38,2025-10-12 03:52:20,2025-10-18 19:36:09
VA-VSC-02470,Waco (349),New Enrollment,2025-09-21 11:00:00,2025-09-26 19:43:46,2025-09-29 12:16:40,2025-09-29 15:01:47
VA-VSC-02471,Waco (349),Combat Veteran Auto-Enroll,2025-09-21 12:00:00,2025-09-25 06:27:55,2025-09-27 23:04:01,2025-09-30 23:07:46
VA-VSC-02472,Muskogee (351),New Enrollment,2025-09-21 13:00:00,2025-09-23 05:35:51,2025-09-25 18:33:51,2025-09-26 06:28:19
VA-VSC-02473,Phoenix (344),Combat Veteran Auto-Enroll,2025-09-21 13:00:00,2025-09-23 02:35:27,2025-09-23 18:23:34,2025-09-25 23:09:06
VA-VSC-02474,St. Paul (335),,2025-09-21 16:00:00,2025-09-21 19:44:52,2025-09-29 17:15:46,2025-10-06 21:04:27
VA-VSC-02475,Waco (349),New Enrollment,2025-09-21 16:00:00,2025-09-26 01:26:57,2025-09-28 12:39:24,2025-09-29 19:28:30
VA-VSC-02476,Phoenix (344),Priority Group Upgrade,2025-09-22 09:00:00,2025-09-23 04:05:07,2025-10-03 17:28:03,2025-10-04 15:02:14
VA-VSC-02477,Waco (349),Priority Group Upgrade,2025-09-22 10:00:00,2025-09-28 13:02:28,2025-10-03 20:55:30,2025-10-04 04:22:36
VA-VSC-02478,St. Paul (335),New Enrollment,2025-09-22 10:00:00,2025-09-22 19:55:21,2025-09-24 11:40:23,2025-09-28 00:12:12
VA-VSC-02479,Waco (349),Combat Veteran Auto-Enroll,2025-09-22 11:00:00,2025-09-26 12:32:36,2025-09-27 18:20:36,2025-09-28 16:21:18
VA-VSC-02480,St. Paul (335),New Enrollment,2025-09-22 11:00:00,2025-09-23 07:17:50,2025-09-24 18:12:08,2025-09-29 05:44:54
VA-VSC-02481,Waco (349),New Enrollment,2025-09-22 12:00:00,2025-09-26 14:52:04,2025-09-26 18:08:41,2025-09-28 17:30:31
VA-VSC-02482,Phoenix (344),New Enrollment,2025-09-22 13:00:00,2025-09-22 16:35:11,2025-09-23 22:03:09,2025-09-24 15:12:19
VA-VSC-02483,Muskogee (351),New Enrollment,2025-09-22 14:00:00,2025-09-29 17:43:05,2025-09-30 12:27:49,2025-09-30 23:55:03
VA-VSC-02484,Waco (349),Priority Group Upgrade,2025-09-22 14:00:00,2025-09-28 11:37:22,2025-09-30 04:20:29,2025-10-01 13:02:53
VA-VSC-02485,Waco (349),New Enrollment,2025-09-22 14:00:00,2025-09-28 10:00:05,2025-09-28 18:47:25,2025-10-03 11:25:39
VA-VSC-02486,Muskogee (351),Priority Group Upgrade,2025-09-23 08:00:00,2025-09-25 05:07:51,2025-09-30 13:08:36,2025-09-30 22:42:16
VA-VSC-02487,Waco (349),New Enrollment,2025-09-23 09:00:00,2025-09-28 02:30:17,2025-09-28 04:54:17,2025-10-03 02:52:09
VA-VSC-02488,Phoenix (344),Inter-Facility Transfer,2025-09-23 11:00:00,2025-09-23 13:59:31,2025-09-24 01:46:54,2025-09-24 07:20:13
VA-VSC-02489,Houston (362),Priority Group Upgrade,2025-09-23 11:00:00,2025-09-23 19:32:33,2025-10-03 18:26:21,2025-10-05 16:16:40
VA-VSC-02490,Waco (349),Combat Veteran Auto-Enroll,2025-09-23 12:00:00,2025-09-30 03:57:36,2025-10-02 06:23:45,2025-10-06 00:42:22
VA-VSC-02491,Waco (349),New Enrollment,2025-09-23 13:00:00,2025-09-30 03:22:01,2025-10-01 04:25:26,2025-10-02 02:54:09
VA-VSC-02492,Waco (349),New Enrollment,2025-09-23 14:00:00,2025-09-29 16:43:56,2025-10-01 01:10:52,2025-10-06 02:10:50
VA-VSC-02493,St. Paul (335),New Enrollment,2025-09-23 14:00:00,2025-09-24 02:42:52,2025-09-25 21:28:44,2025-09-27 23:41:15
VA-VSC-02494,Waco (349),Priority Group Upgrade,2025-09-23 14:00:00,2025-09-29 23:13:52,2025-10-06 19:54:50,2025-10-07 07:56:31
VA-VSC-02495,Waco (349),Combat Veteran Auto-Enroll,2025-09-23 15:00:00,2025-09-29 19:50:16,2025-09-30 11:54:18,2025-10-03 13:01:05
VA-VSC-02496,Waco (349),New Enrollment,2025-09-23 16:00:00,2025-09-29 15:15:04,2025-09-30 21:09:00,2025-10-05 08:07:00
VA-VSC-02497,Houston (362),New Enrollment,2025-09-23 16:00:00,2025-09-29 18:37:13,2025-10-05 00:01:10,2025-10-07 12:45:13
VA-VSC-02498,Phoenix (344),Combat Veteran Auto-Enroll,2025-09-24 07:00:00,2025-09-24 11:27:07,2025-09-24 13:51:07,2025-09-28 01:34:27
VA-VSC-02499,Muskogee (351),New Enrollment,2025-09-24 12:00:00,2025-09-26 16:56:54,2025-09-28 18:20:05,2025-09-29 10:05:52
VA-VSC-02500,Waco (349),Priority Group Upgrade,2025-09-24 12:00:00,2025-10-01 15:31:46,2025-10-08 05:38:37,2025-10-09 10:23:47
VA-VSC-02501,Phoenix (344),Priority Group Upgrade,2025-09-24 12:00:00,2025-09-24 19:40:59,2025-10-03 20:51:46,2025-10-04 18:21:29
VA-VSC-02502,St. Paul (335),Combat Veteran Auto-Enroll,2025-09-24 14:00:00,2025-09-27 16:12:35,2025-09-27 20:04:02,2025-09-28 08:01:58
VA-VSC-02503,Houston (362),New Enrollment,2025-09-24 14:00:00,2025-09-26 07:52:22,2025-09-27 00:26:13,2025-09-27 09:08:15
VA-VSC-02504,Muskogee (351),New Enrollment,2025-09-24 16:00:00,2025-09-25 12:09:16,2025-09-27 02:10:09,2025-09-27 04:34:09
VA-VSC-02505,Waco (349),Priority Group Upgrade,2025-09-25 07:00:00,2025-10-02 21:34:37,2025-10-09 16:32:47,2025-10-11 03:48:05
VA-VSC-02506,Waco (349),Inter-Facility Transfer,2025-09-25 07:00:00,2025-10-03 02:13:20,2025-10-04 18:51:31,2025-10-06 01:27:28
VA-VSC-02507,Phoenix (344),New Enrollment,2025-09-25 10:00:00,2025-09-28 09:12:25,2025-09-29 03:06:29,2025-09-29 15:58:15
VA-VSC-02508,Waco (349),New Enrollment,2025-09-25 10:00:00,2025-09-30 14:58:59,2025-10-01 21:38:34,2025-10-02 17:14:36
VA-VSC-02509,Phoenix (344),Priority Group Upgrade,2025-09-25 12:00:00,2025-09-25 21:54:35,2025-10-01 04:12:38,2025-10-03 06:47:19
VA-VSC-02510,Phoenix (344),Inter-Facility Transfer,2025-09-25 14:00:00,2025-09-26 06:44:19,2025-09-27 01:00:00,2025-09-27 22:48:07
VA-VSC-02511,Waco (349),Combat Veteran Auto-Enroll,2025-09-25 15:00:00,2025-10-01 16:33:53,2025-10-01 19:47:24,2025-10-02 10:46:42
VA-VSC-02512,Phoenix (344),Inter-Facility Transfer,2025-09-26 07:00:00,2025-09-28 01:48:18,2025-09-28 19:56:15,2025-10-04 14:56:46
VA-VSC-02513,Waco (349),New Enrollment,2025-09-26 08:00:00,2025-10-01 10:07:24,2025-10-07 16:50:25,2025-10-11 21:07:03
VA-VSC-02514,Waco (349),New Enrollment,2025-09-26 09:00:00,2025-10-03 09:23:41,2025-10-04 18:14:41,2025-10-05 00:54:11
VA-VSC-02515,Houston (362),Priority Group Upgrade,2025-09-26 10:00:00,2025-09-27 06:21:52,2025-10-08 05:14:46,2025-10-09 09:25:32
VA-VSC-02516,Muskogee (351),Combat Veteran Auto-Enroll,2025-09-26 10:00:00,2025-09-27 07:22:14,2025-09-28 01:39:42,2025-09-30 14:18:56
VA-VSC-02517,Waco (349),New Enrollment,2025-09-26 10:00:00,2025-10-04 15:42:33,2025-10-07 09:52:21,2025-10-10 11:53:01
VA-VSC-02518,Waco (349),New Enrollment,2025-09-26 10:00:00,2025-10-01 09:59:09,2025-10-02 06:50:12,2025-10-05 01:15:48
VA-VSC-02519,Houston (362),Combat Veteran Auto-Enroll,2025-09-26 10:00:00,2025-09-27 15:26:45,2025-09-28 10:48:13,2025-09-30 17:17:26
VA-VSC-02520,St. Paul (335),New Enrollment,2025-09-26 11:00:00,2025-09-27 09:55:47,2025-09-27 21:32:36,2025-09-29 23:26:02
VA-VSC-02521,Houston (362),New Enrollment,2025-09-26 11:00:00,2025-09-26 17:34:47,2025-09-28 12:12:30,2025-09-28 14:36:30
VA-VSC-02522,Waco (349),Priority Group Upgrade,2025-09-26 12:00:00,2025-10-04 23:32:07,2025-10-12 13:53:14,2025-10-13 07:13:15
VA-VSC-02523,Waco (349),Priority Group Upgrade,2025-09-26 14:00:00,2025-10-03 01:25:00,2025-10-11 07:06:21,2025-10-13 19:43:19
VA-VSC-02524,Waco (349),Priority Group Upgrade,2025-09-26 16:00:00,2025-09-30 23:38:39,2025-10-03 23:53:51,2025-10-07 18:26:34
VA-VSC-02525,St. Paul (335),New Enrollment,2025-09-27 07:00:00,2025-09-27 16:08:10,2025-09-28 03:40:12,2025-09-28 06:44:08
VA-VSC-02526,Waco (349),Priority Group Upgrade,2025-09-27 09:00:00,2025-10-05 03:46:39,2025-10-12 20:16:01,2025-10-14 16:58:10
VA-VSC-02527,Waco (349),Priority Group Upgrade,2025-09-27 10:00:00,2025-10-04 19:22:19,2025-10-13 01:52:21,2025-10-14 11:04:14
VA-VSC-02528,Muskogee (351),Priority Group Upgrade,2025-09-27 11:00:00,2025-09-27 13:24:00,2025-10-05 00:49:03,2025-10-06 02:55:53
VA-VSC-02529,Waco (349),Priority Group Upgrade,2025-09-27 11:00:00,2025-10-05 05:48:41,2025-10-14 07:15:25,2025-10-15 18:26:10
VA-VSC-02530,Muskogee (351),New Enrollment,2025-09-27 13:00:00,2025-09-28 14:33:28,2025-09-29 14:06:28,2025-10-01 06:47:18
VA-VSC-02531,Houston (362),New Enrollment,2025-09-27 13:00:00,2025-09-28 12:35:44,2025-09-29 01:48:00,2025-09-29 06:43:18
VA-VSC-02532,Phoenix (344),New Enrollment,2025-09-27 15:00:00,2025-09-30 08:24:08,2025-10-01 17:22:51,2025-10-04 02:48:45
VA-VSC-02533,Waco (349),New Enrollment,2025-09-27 15:00:00,2025-10-02 08:21:00,2025-10-04 11:12:08,2025-10-06 05:21:32
VA-VSC-02534,Waco (349),Priority Group Upgrade,2025-09-27 16:00:00,2025-10-03 21:35:40,2025-10-15 11:57:55,2025-10-16 05:28:01
VA-VSC-02535,St. Paul (335),Combat Veteran Auto-Enroll,2025-09-27 16:00:00,2025-09-29 02:41:23,2025-10-02 19:45:14,2025-10-03 16:21:12
VA-VSC-02536,Phoenix (344),Priority Group Upgrade,2025-09-28 07:00:00,2025-09-29 06:43:06,2025-10-07 12:18:31,2025-10-15 06:51:29
VA-VSC-02537,St. Paul (335),Combat Veteran Auto-Enroll,2025-09-28 07:00:00,2025-09-28 11:38:15,2025-09-30 15:37:08,2025-10-02 15:43:08
VA-VSC-02538,Waco (349),New Enrollment,2025-09-28 07:00:00,2025-10-05 07:58:49,2025-10-05 10:22:49,2025-10-05 14:17:07
VA-VSC-02539,St. Paul (335),New Enrollment,2025-09-28 09:00:00,2025-09-28 11:24:00,2025-09-29 19:45:29,2025-10-01 16:05:38
VA-VSC-02540,St. Paul (335),New Enrollment,2025-09-28 09:00:00,2025-10-01 05:07:43,2025-10-02 03:49:18,2025-10-02 07:12:16
VA-VSC-02541,Houston (362),,2025-09-28 09:00:00,2025-09-28 15:46:17,2025-09-28 18:10:17,2025-10-01 18:08:17
VA-VSC-02542,St. Paul (335),New Enrollment,2025-09-28 11:00:00,2025-09-30 11:41:26,2025-10-09 18:21:34,2025-10-10 19:51:53
VA-VSC-02543,Phoenix (344),Priority Group Upgrade,2025-09-28 11:00:00,2025-09-28 13:24:00,2025-10-06 00:33:22,2025-10-07 19:05:33
VA-VSC-02544,Houston (362),Inter-Facility Transfer,2025-09-28 12:00:00,2025-09-29 19:41:12,2025-09-30 06:04:03,2025-10-03 14:35:01
VA-VSC-02545,Waco (349),New Enrollment,2025-09-28 12:00:00,2025-10-03 00:06:58,2025-10-06 21:43:25,2025-10-07 08:29:47
VA-VSC-02546,Waco (349),New Enrollment,2025-09-28 13:00:00,2025-10-05 21:25:13,2025-10-06 12:21:10,2025-10-06 22:20:22
VA-VSC-02547,Waco (349),Combat Veteran Auto-Enroll,2025-09-28 14:00:00,2025-10-04 19:16:52,2025-10-06 10:10:57,2025-10-07 07:58:29
VA-VSC-02548,Waco (349),New Enrollment,2025-09-28 15:00:00,2025-10-03 15:46:55,2025-10-09 03:15:31,2025-10-12 13:24:46
VA-VSC-02549,Waco (349),Combat Veteran Auto-Enroll,2025-09-29 07:00:00,2025-10-04 18:00:12,2025-10-05 01:36:56,2025-10-06 19:01:35
VA-VSC-02550,Waco (349),Priority Group Upgrade,2025-09-29 09:00:00,2025-10-04 13:00:31,2025-10-13 07:38:49,2025-10-13 14:57:15
VA-VSC-02551,Waco (349),Inter-Facility Transfer,2025-09-29 09:00:00,2025-10-05 12:25:10,2025-10-07 12:37:17,2025-10-10 04:33:38
VA-VSC-02552,Waco (349),New Enrollment,2025-09-29 15:00:00,2025-10-05 16:47:16,2025-10-06 08:03:44,2025-10-07 10:49:59
VA-VSC-02553,St. Paul (335),Priority Group Upgrade,2025-09-30 10:00:00,2025-10-01 23:21:35,2025-10-09 16:35:03,2025-10-10 22:56:46
VA-VSC-02554,Muskogee (351),Priority Group Upgrade,2025-09-30 12:00:00,2025-10-01 14:59:42,2025-10-12 22:42:49,2025-10-13 09:22:41
VA-VSC-02555,Waco (349),Priority Group Upgrade,2025-09-30 13:00:00,2025-10-05 07:01:44,2025-10-16 04:50:47,2025-10-19 05:32:18
VA-VSC-02556,Muskogee (351),New Enrollment,2025-09-30 14:00:00,2025-10-04 23:33:23,2025-10-05 03:39:45,2025-10-05 14:47:00
VA-VSC-02557,Waco (349),New Enrollment,2025-09-30 16:00:00,2025-10-07 09:24:51,2025-10-07 18:45:24,2025-10-09 17:53:35
VA-VSC-02558,Waco (349),Priority Group Upgrade,2025-09-30 16:00:00,2025-10-07 00:04:00,2025-10-14 23:45:34,2025-10-15 09:24:26
VA-VSC-02559,Waco (349),Priority Group Upgrade,2025-10-01 07:00:00,2025-10-06 21:46:26,2025-10-15 09:40:48,2025-10-16 14:57:41
VA-VSC-02560,Waco (349),Combat Veteran Auto-Enroll,2025-10-01 08:00:00,2025-10-05 10:22:21,2025-10-06 04:21:21,2025-10-07 12:28:23
VA-VSC-02561,St. Paul (335),Priority Group Upgrade,2025-10-01 09:00:00,2025-10-01 21:23:13,2025-10-13 06:41:08,2025-10-14 22:22:10
VA-VSC-02562,St. Paul (335),Priority Group Upgrade,2025-10-01 10:00:00,2025-10-02 17:10:07,2025-10-11 06:03:05,2025-10-11 08:27:05
VA-VSC-02563,Waco (349),New Enrollment,2025-10-01 12:00:00,2025-10-09 13:33:48,2025-10-10 05:24:11,2025-10-10 11:25:02
VA-VSC-02564,Waco (349),Priority Group Upgrade,2025-10-01 12:00:00,2025-10-10 02:02:38,2025-10-16 09:58:04,2025-10-17 23:31:35
VA-VSC-02565,Waco (349),,2025-10-01 12:00:00,2025-10-07 18:47:55,2025-10-13 20:07:54,2025-10-18 10:14:11
VA-VSC-02566,Waco (349),Combat Veteran Auto-Enroll,2025-10-01 14:00:00,2025-10-06 09:47:23,2025-10-09 05:23:59,2025-10-14 18:38:54
VA-VSC-02567,Waco (349),Inter-Facility Transfer,2025-10-01 15:00:00,2025-10-05 21:24:42,2025-10-09 22:09:51,2025-10-10 06:37:00
VA-VSC-02568,Waco (349),New Enrollment,2025-10-01 16:00:00,2025-10-07 14:47:15,2025-10-09 21:49:31,2025-10-13 10:01:03
VA-VSC-02569,St. Paul (335),Combat Veteran Auto-Enroll,2025-10-01 16:00:00,2025-10-04 01:27:08,2025-10-05 07:47:57,2025-10-09 08:36:55
VA-VSC-02570,Muskogee (351),New Enrollment,2025-10-02 10:00:00,2025-10-03 06:32:46,2025-10-04 16:10:25,2025-10-07 12:25:12
VA-VSC-02571,Waco (349),New Enrollment,2025-10-02 11:00:00,2025-10-06 21:59:05,2025-10-07 00:44:10,2025-10-07 21:25:34
VA-VSC-02572,Phoenix (344),Priority Group Upgrade,2025-10-02 13:00:00,2025-10-02 17:37:33,2025-10-10 12:23:40,2025-10-10 14:47:40
VA-VSC-02573,Waco (349),New Enrollment,2025-10-02 13:00:00,2025-10-10 04:33:39,2025-10-10 15:20:18,2025-10-10 21:42:22
VA-VSC-02574,Waco (349),Priority Group Upgrade,2025-10-02 13:00:00,2025-10-08 04:44:36,2025-10-16 02:04:46,2025-10-21 21:30:10
VA-VSC-02575,Waco (349),New Enrollment,2025-10-02 13:00:00,2025-10-07 20:26:53,2025-10-08 05:18:13,2025-10-08 16:52:07
VA-VSC-02576,Houston (362),New Enrollment,2025-10-02 15:00:00,2025-10-02 17:33:55,2025-10-06 03:11:47,2025-10-13 22:34:45
VA-VSC-02577,Muskogee (351),Priority Group Upgrade,2025-10-02 15:00:00,2025-10-06 07:59:55,2025-10-17 10:04:05,2025-10-21 04:08:39
VA-VSC-02578,Houston (362),Priority Group Upgrade,2025-10-02 16:00:00,2025-10-02 22:43:42,2025-10-10 23:34:15,2025-10-13 00:43:18
VA-VSC-02579,Waco (349),Inter-Facility Transfer,2025-10-03 08:00:00,2025-10-12 21:53:10,2025-10-14 12:46:23,2025-10-18 04:26:40
VA-VSC-02580,Houston (362),Priority Group Upgrade,2025-10-03 08:00:00,2025-10-08 00:38:19,2025-10-14 06:53:23,2025-10-19 12:28:04
VA-VSC-02581,Waco (349),Priority Group Upgrade,2025-10-03 08:00:00,2025-10-07 13:40:32,2025-10-12 08:00:07,2025-10-16 12:55:47
VA-VSC-02582,Phoenix (344),New Enrollment,2025-10-03 09:00:00,2025-10-04 06:34:20,2025-10-04 08:58:20,2025-10-05 17:55:28
VA-VSC-02583,Waco (349),New Enrollment,2025-10-03 14:00:00,2025-10-09 19:29:57,2025-10-13 18:11:43,2025-10-13 22:36:11
VA-VSC-02584,Waco (349),,2025-10-03 15:00:00,2025-10-11 10:27:04,2025-10-13 05:57:23,2025-10-15 00:40:42
VA-VSC-02585,Houston (362),Priority Group Upgrade,2025-10-03 15:00:00,2025-10-04 00:29:24,2025-10-09 21:59:26,2025-10-10 02:31:29
VA-VSC-02586,Houston (362),Priority Group Upgrade,2025-10-03 15:00:00,2025-10-04 22:44:11,2025-10-13 22:39:35,2025-10-15 04:37:23
VA-VSC-02587,Waco (349),New Enrollment,2025-10-04 07:00:00,2025-10-09 06:29:30,2025-10-11 16:45:59,2025-10-12 04:09:05
VA-VSC-02588,Houston (362),Priority Group Upgrade,2025-10-04 07:00:00,2025-10-04 09:24:00,2025-10-11 16:39:52,2025-10-12 02:43:31
VA-VSC-02589,Waco (349),Priority Group Upgrade,2025-10-04 08:00:00,2025-10-09 10:06:30,2025-10-17 08:42:05,2025-10-18 21:23:07
VA-VSC-02590,St. Paul (335),New Enrollment,2025-10-04 08:00:00,2025-10-05 15:47:45,2025-10-07 04:42:12,2025-10-07 12:11:25
VA-VSC-02591,Phoenix (344),New Enrollment,2025-10-04 08:00:00,2025-10-05 12:54:26,2025-10-06 07:35:24,2025-10-07 13:35:26
VA-VSC-02592,St. Paul (335),Combat Veteran Auto-Enroll,2025-10-04 09:00:00,2025-10-06 07:33:30,2025-10-06 22:06:36,2025-10-07 05:44:31
VA-VSC-02593,Houston (362),Priority Group Upgrade,2025-10-04 09:00:00,2025-10-06 20:32:01,2025-10-15 10:54:19,2025-10-16 03:37:05
VA-VSC-02594,Waco (349),Combat Veteran Auto-Enroll,2025-10-04 10:00:00,2025-10-12 17:12:11,2025-10-13 00:31:03,2025-10-13 21:21:49
VA-VSC-02595,Waco (349),New Enrollment,2025-10-04 12:00:00,2025-10-09 15:33:28,2025-10-10 19:35:39,2025-10-11 12:12:28
VA-VSC-02596,St. Paul (335),Inter-Facility Transfer,2025-10-04 14:00:00,2025-10-08 09:25:30,2025-10-11 17:09:59,2025-10-21 22:48:24
VA-VSC-02597,Waco (349),New Enrollment,2025-10-04 15:00:00,2025-10-09 15:11:32,2025-10-09 17:35:32,2025-10-10 11:07:22
VA-VSC-02598,Waco (349),New Enrollment,2025-10-04 16:00:00,2025-10-11 01:49:05,2025-10-11 07:02:44,2025-10-12 00:09:51
VA-VSC-02599,Waco (349),Inter-Facility Transfer,2025-10-04 16:00:00,2025-10-09 07:04:26,2025-10-09 10:31:06,2025-10-10 11:56:37
VA-VSC-02600,Waco (349),New Enrollment,2025-10-05 07:00:00,2025-10-11 03:28:02,2025-10-12 07:13:42,2025-10-15 01:35:11
VA-VSC-02601,Houston (362),Priority Group Upgrade,2025-10-05 08:00:00,2025-10-05 10:24:00,2025-10-12 04:51:52,2025-10-13 23:21:40
VA-VSC-02602,Waco (349),New Enrollment,2025-10-05 09:00:00,2025-10-11 13:06:32,2025-10-12 19:49:19,2025-10-13 04:07:10
VA-VSC-02603,St. Paul (335),Priority Group Upgrade,2025-10-05 11:00:00,2025-10-06 05:47:50,2025-10-13 17:10:44,2025-10-15 02:31:45
VA-VSC-02604,Waco (349),Inter-Facility Transfer,2025-10-05 11:00:00,2025-10-09 01:23:24,2025-10-11 02:26:56,2025-10-12 21:42:18
VA-VSC-02605,Waco (349),New Enrollment,2025-10-05 11:00:00,2025-10-11 16:29:52,2025-10-13 04:30:29,2025-10-14 02:56:55
VA-VSC-02606,Waco (349),Priority Group Upgrade,2025-10-05 11:00:00,2025-10-14 04:56:21,2025-10-18 20:57:04,2025-10-18 23:21:04
VA-VSC-02607,Waco (349),New Enrollment,2025-10-05 12:00:00,2025-10-12 23:11:14,2025-10-13 03:00:49,2025-10-13 16:06:31
VA-VSC-02608,Waco (349),Priority Group Upgrade,2025-10-05 14:00:00,2025-10-10 10:47:23,2025-10-17 22:22:54,2025-10-19 01:17:44
VA-VSC-02609,St. Paul (335),New Enrollment,2025-10-05 16:00:00,2025-10-05 19:50:14,2025-10-07 23:55:03,2025-10-08 14:13:26
VA-VSC-02610,Waco (349),New Enrollment,2025-10-05 16:00:00,2025-10-11 20:33:07,2025-10-13 09:57:33,2025-10-15 07:59:06
VA-VSC-02611,Phoenix (344),New Enrollment,2025-10-06 07:00:00,2025-10-06 15:56:37,2025-10-07 03:07:48,2025-10-11 02:33:36
VA-VSC-02612,Waco (349),New Enrollment,2025-10-06 07:00:00,2025-10-10 20:45:59,2025-10-11 03:58:39,2025-10-13 01:11:45
VA-VSC-02613,Waco (349),Inter-Facility Transfer,2025-10-06 07:00:00,2025-10-13 21:01:34,2025-10-15 02:20:59,2025-10-15 05:33:07
VA-VSC-02614,St. Paul (335),New Enrollment,2025-10-06 07:00:00,2025-10-07 10:59:57,2025-10-09 23:31:58,2025-10-19 18:03:37
VA-VSC-02615,Waco (349),New Enrollment,2025-10-06 08:00:00,2025-10-11 03:29:10,2025-10-12 18:19:46,2025-10-13 20:01:39
VA-VSC-02616,Waco (349),New Enrollment,2025-10-06 08:00:00,2025-10-10 18:56:01,2025-10-11 11:03:56,2025-10-12 19:38:26
VA-VSC-02617,Waco (349),New Enrollment,2025-10-06 11:00:00,2025-10-13 04:12:09,2025-10-14 09:10:05,2025-10-14 22:15:21
VA-VSC-02618,Waco (349),Priority Group Upgrade,2025-10-06 13:00:00,2025-10-12 08:38:56,2025-10-16 06:07:28,2025-10-18 08:20:11
VA-VSC-02619,Phoenix (344),Inter-Facility Transfer,2025-10-06 13:00:00,2025-10-07 18:36:00,2025-10-07 21:00:00,2025-10-08 19:10:14
VA-VSC-02620,Waco (349),New Enrollment,2025-10-06 13:00:00,2025-10-13 14:28:57,2025-10-13 16:52:57,2025-10-15 02:53:37
VA-VSC-02621,St. Paul (335),Combat Veteran Auto-Enroll,2025-10-06 16:00:00,2025-10-07 22:35:13,2025-10-10 01:50:40,2025-10-10 07:37:14
VA-VSC-02622,Phoenix (344),Priority Group Upgrade,2025-10-07 07:00:00,2025-10-12 21:18:12,2025-10-21 11:52:07,2025-10-22 09:31:50
VA-VSC-02623,Waco (349),New Enrollment,2025-10-07 09:00:00,2025-10-13 08:01:48,2025-10-14 10:29:43,2025-10-16 14:29:11
VA-VSC-02624,Phoenix (344),Priority Group Upgrade,2025-10-07 10:00:00,2025-10-07 22:44:58,2025-10-13 09:18:12,2025-10-14 01:29:06
VA-VSC-02625,Waco (349),Priority Group Upgrade,2025-10-07 10:00:00,2025-10-14 06:50:43,2025-10-19 20:41:12,2025-10-23 16:59:20
VA-VSC-02626,Muskogee (351),Priority Group Upgrade,2025-10-07 12:00:00,2025-10-10 08:20:43,2025-10-19 01:07:48,2025-10-19 03:34:47
VA-VSC-02627,Waco (349),Combat Veteran Auto-Enroll,2025-10-07 14:00:00,2025-10-13 23:50:04,2025-10-14 04:17:30,2025-10-14 08:42:16
VA-VSC-02628,Houston (362),New Enrollment,2025-10-08 08:00:00,2025-10-09 14:02:18,2025-10-11 08:00:42,2025-10-14 03:53:36
VA-VSC-02629,Waco (349),Inter-Facility Transfer,2025-10-08 08:00:00,2025-10-15 13:05:47,2025-10-17 00:08:54,2025-10-18 17:47:38
VA-VSC-02630,Waco (349),Combat Veteran Auto-Enroll,2025-10-08 09:00:00,2025-10-18 07:35:30,2025-10-18 17:06:42,2025-10-18 20:00:59
VA-VSC-02631,Houston (362),Priority Group Upgrade,2025-10-08 09:00:00,2025-10-08 18:35:20,2025-10-17 21:31:24,2025-10-18 00:28:11
VA-VSC-02632,St. Paul (335),Priority Group Upgrade,2025-10-08 10:00:00,2025-10-12 06:44:09,2025-10-18 16:40:59,2025-10-18 20:02:29
VA-VSC-02633,Waco (349),New Enrollment,2025-10-08 10:00:00,2025-10-13 00:36:55,2025-10-15 01:45:33,2025-10-19 15:44:45
VA-VSC-02634,Waco (349),Inter-Facility Transfer,2025-10-08 12:00:00,2025-10-12 06:58:04,2025-10-13 18:38:30,2025-10-13 21:02:30
VA-VSC-02635,St. Paul (335),Priority Group Upgrade,2025-10-08 12:00:00,2025-10-08 19:28:32,2025-10-15 06:22:15,2025-10-15 13:04:04
VA-VSC-02636,Houston (362),New Enrollment,2025-10-08 13:00:00,2025-10-10 21:46:14,2025-10-12 13:07:24,2025-10-15 00:39:47
VA-VSC-02637,Muskogee (351),New Enrollment,2025-10-08 14:00:00,2025-10-11 20:52:26,2025-10-16 03:36:33,2025-10-17 18:06:51
VA-VSC-02638,St. Paul (335),Priority Group Upgrade,2025-10-08 14:00:00,2025-10-09 09:41:51,2025-10-17 18:14:23,2025-10-20 06:35:20
VA-VSC-02639,Muskogee (351),New Enrollment,2025-10-08 16:00:00,2025-10-08 23:51:06,2025-10-09 13:13:23,2025-10-10 07:27:35
VA-VSC-02640,St. Paul (335),New Enrollment,2025-10-08 16:00:00,2025-10-10 15:13:43,2025-10-10 18:59:00,2025-10-12 00:10:30
VA-VSC-02641,Waco (349),Priority Group Upgrade,2025-10-09 09:00:00,2025-10-15 05:12:20,2025-10-20 09:20:22,2025-10-21 10:43:51
VA-VSC-02642,Waco (349),New Enrollment,2025-10-09 12:00:00,2025-10-15 11:32:30,2025-10-20 06:44:30,2025-10-27 23:58:53
VA-VSC-02643,St. Paul (335),New Enrollment,2025-10-09 13:00:00,2025-10-10 10:50:51,2025-10-11 12:54:17,2025-10-12 05:02:29
VA-VSC-02644,Houston (362),New Enrollment,2025-10-09 14:00:00,2025-10-16 14:26:01,2025-10-17 01:58:20,2025-10-18 06:55:21
VA-VSC-02645,Waco (349),New Enrollment,2025-10-09 16:00:00,2025-10-15 05:06:52,2025-10-15 20:34:48,2025-10-16 00:08:16
VA-VSC-02646,Waco (349),Priority Group Upgrade,2025-10-10 09:00:00,2025-10-18 06:19:51,2025-10-26 09:21:49,2025-10-29 18:19:55
VA-VSC-02647,Muskogee (351),Priority Group Upgrade,2025-10-10 10:00:00,2025-10-10 17:42:01,2025-10-18 18:47:23,2025-10-20 07:51:15
VA-VSC-02648,Waco (349),New Enrollment,2025-10-10 10:00:00,2025-10-17 03:08:48,2025-10-17 05:32:48,2025-10-18 08:03:56
VA-VSC-02649,Waco (349),New Enrollment,2025-10-10 11:00:00,2025-10-16 22:53:28,2025-10-17 12:41:47,2025-10-18 11:53:13
VA-VSC-02650,Waco (349),Priority Group Upgrade,2025-10-10 12:00:00,2025-10-15 12:02:33,2025-10-24 18:25:59,2025-10-26 22:47:58
VA-VSC-02651,Waco (349),New Enrollment,2025-10-10 13:00:00,2025-10-18 16:39:38,2025-10-22 21:02:05,2025-10-22 23:26:05
VA-VSC-02652,Waco (349),New Enrollment,2025-10-10 14:00:00,2025-10-16 11:01:47,2025-10-16 22:45:04,2025-10-17 13:09:58
VA-VSC-02653,Waco (349),New Enrollment,2025-10-10 15:00:00,2025-10-17 11:07:11,2025-10-18 20:15:36,2025-10-19 05:02:21
VA-VSC-02654,Waco (349),Combat Veteran Auto-Enroll,2025-10-10 15:00:00,2025-10-17 01:42:42,2025-10-18 19:08:29,2025-10-19 00:52:42
VA-VSC-02655,St. Paul (335),Combat Veteran Auto-Enroll,2025-10-10 15:00:00,2025-10-11 09:11:23,2025-10-11 15:51:13,2025-10-11 18:15:13
VA-VSC-02656,Waco (349),Combat Veteran Auto-Enroll,2025-10-11 08:00:00,2025-10-15 22:57:48,2025-10-16 04:50:43,2025-10-18 05:01:41
VA-VSC-02657,Phoenix (344),Priority Group Upgrade,2025-10-11 10:00:00,2025-10-11 12:24:00,2025-10-21 01:35:04,2025-10-21 03:59:04
VA-VSC-02658,Phoenix (344),Priority Group Upgrade,2025-10-11 11:00:00,2025-10-11 23:08:17,2025-10-20 07:03:43,2025-10-23 17:00:42
VA-VSC-02659,Waco (349),Priority Group Upgrade,2025-10-11 12:00:00,2025-10-17 18:35:28,2025-10-26 12:27:21,2025-10-27 02:02:37
VA-VSC-02660,Houston (362),Priority Group Upgrade,2025-10-11 15:00:00,2025-10-12 23:42:46,2025-10-16 20:12:40,2025-10-16 23:10:56
VA-VSC-02661,Waco (349),New Enrollment,2025-10-11 15:00:00,2025-10-19 20:07:23,2025-10-22 18:46:27,2025-10-24 15:17:31
VA-VSC-02662,Phoenix (344),Priority Group Upgrade,2025-10-12 07:00:00,2025-10-13 20:34:58,2025-10-21 03:04:10,2025-10-21 21:33:51
VA-VSC-02663,Waco (349),Combat Veteran Auto-Enroll,2025-10-12 07:00:00,2025-10-17 21:11:13,2025-10-18 16:42:53,2025-10-19 08:56:24
VA-VSC-02664,Houston (362),Priority Group Upgrade,2025-10-12 07:00:00,2025-10-12 12:20:05,2025-10-17 13:35:11,2025-10-17 21:08:08
VA-VSC-02665,Houston (362),New Enrollment,2025-10-12 07:00:00,2025-10-13 01:53:17,2025-10-15 03:13:09,2025-10-16 11:04:24
VA-VSC-02666,Waco (349),New Enrollment,2025-10-12 08:00:00,2025-10-19 15:40:24,2025-10-20 14:51:46,2025-10-24 09:30:03
VA-VSC-02667,Waco (349),Priority Group Upgrade,2025-10-12 08:00:00,2025-10-18 19:03:50,2025-10-28 09:15:14,2025-11-01 05:02:26
VA-VSC-02668,Houston (362),Priority Group Upgrade,2025-10-12 09:00:00,2025-10-13 15:59:46,2025-10-26 05:59:10,2025-10-28 21:10:27
VA-VSC-02669,St. Paul (335),Combat Veteran Auto-Enroll,2025-10-12 10:00:00,2025-10-12 16:49:47,2025-10-13 15:28:13,2025-10-21 11:58:07
VA-VSC-02670,Waco (349),New Enrollment,2025-10-12 10:00:00,2025-10-17 03:54:49,2025-10-21 08:09:32,2025-10-24 16:43:58
VA-VSC-02671,Houston (362),Combat Veteran Auto-Enroll,2025-10-12 11:00:00,2025-10-12 21:27:01,2025-10-14 10:34:25,2025-10-15 13:46:17
VA-VSC-02672,Waco (349),Priority Group Upgrade,2025-10-12 11:00:00,2025-10-20 22:35:44,2025-10-29 09:26:05,2025-10-30 03:23:39
VA-VSC-02673,St. Paul (335),Combat Veteran Auto-Enroll,2025-10-12 12:00:00,2025-10-12 23:14:48,2025-10-13 18:25:23,2025-10-18 06:45:58
VA-VSC-02674,Waco (349),Priority Group Upgrade,2025-10-12 12:00:00,2025-10-20 05:22:11,2025-10-27 13:03:27,2025-10-28 09:52:07
VA-VSC-02675,Phoenix (344),Priority Group Upgrade,2025-10-12 12:00:00,2025-10-12 16:35:37,2025-10-19 00:11:15,2025-10-19 12:27:30
VA-VSC-02676,Waco (349),Priority Group Upgrade,2025-10-12 13:00:00,2025-10-20 03:55:15,2025-10-26 10:25:19,2025-11-03 02:37:23
VA-VSC-02677,Waco (349),Priority Group Upgrade,2025-10-12 14:00:00,2025-10-19 18:25:17,2025-10-26 20:14:38,2025-10-30 08:33:34
VA-VSC-02678,Waco (349),Inter-Facility Transfer,2025-10-12 14:00:00,2025-10-16 11:40:39,2025-10-18 19:09:36,2025-10-25 02:02:54
VA-VSC-02679,Waco (349),New Enrollment,2025-10-12 15:00:00,2025-10-16 08:59:06,2025-10-16 12:42:11,2025-10-17 12:01:44
VA-VSC-02680,Waco (349),New Enrollment,2025-10-13 07:00:00,2025-10-26 11:27:32,2025-10-27 17:45:12,2025-10-29 16:25:22
VA-VSC-02681,Waco (349),Inter-Facility Transfer,2025-10-13 10:00:00,2025-10-21 21:01:18,2025-10-23 05:00:18,2025-10-23 08:13:59
VA-VSC-02682,Phoenix (344),Priority Group Upgrade,2025-10-13 12:00:00,2025-10-14 07:33:21,2025-10-26 11:48:52,2025-10-27 11:20:12
VA-VSC-02683,Waco (349),Priority Group Upgrade,2025-10-13 14:00:00,2025-10-19 02:25:45,2025-10-27 00:03:41,2025-10-27 17:12:20
VA-VSC-02684,Waco (349),Priority Group Upgrade,2025-10-13 16:00:00,2025-10-21 03:21:37,2025-10-29 08:37:17,2025-11-01 18:36:12
VA-VSC-02685,Waco (349),New Enrollment,2025-10-13 16:00:00,2025-10-24 01:22:16,2025-10-24 16:48:20,2025-10-24 23:27:17
VA-VSC-02686,Waco (349),Combat Veteran Auto-Enroll,2025-10-13 16:00:00,2025-10-18 01:27:11,2025-10-20 04:38:27,2025-10-20 12:09:21
VA-VSC-02687,Waco (349),Priority Group Upgrade,2025-10-13 16:00:00,2025-10-18 13:41:04,2025-10-24 14:57:07,2025-10-28 12:13:16
VA-VSC-02688,Waco (349),New Enrollment,2025-10-14 08:00:00,2025-10-21 17:46:07,2025-10-23 06:44:37,2025-10-26 01:08:37
VA-VSC-02689,Waco (349),New Enrollment,2025-10-14 08:00:00,2025-10-19 05:25:43,2025-10-20 07:08:02,2025-10-22 07:01:39
VA-VSC-02690,Waco (349),Combat Veteran Auto-Enroll,2025-10-14 10:00:00,2025-10-21 10:35:05,2025-10-21 21:54:01,2025-10-23 12:06:21
VA-VSC-02691,Waco (349),New Enrollment,2025-10-14 11:00:00,2025-10-22 02:01:45,2025-10-23 06:00:32,2025-10-24 07:00:35
VA-VSC-02692,Houston (362),Combat Veteran Auto-Enroll,2025-10-14 11:00:00,2025-10-15 00:56:26,2025-10-15 20:36:51,2025-10-19 01:53:55
VA-VSC-02693,Waco (349),New Enrollment,2025-10-14 15:00:00,2025-10-22 00:30:04,2025-10-25 02:20:23,2025-10-29 15:08:24
VA-VSC-02694,Waco (349),,2025-10-14 16:00:00,2025-10-21 14:23:03,2025-10-30 06:33:21,2025-11-01 04:07:02
VA-VSC-02695,Muskogee (351),Inter-Facility Transfer,2025-10-15 07:00:00,2025-10-15 16:34:02,2025-10-15 22:35:39,2025-10-16 14:51:50
VA-VSC-02696,Waco (349),Priority Group Upgrade,2025-10-15 08:00:00,2025-10-22 19:03:18,2025-10-28 23:52:56,2025-11-02 18:50:07
VA-VSC-02697,Houston (362),New Enrollment,2025-10-15 11:00:00,2025-10-15 19:15:21,2025-10-16 08:46:47,2025-10-16 11:42:37
VA-VSC-02698,Waco (349),Priority Group Upgrade,2025-10-15 12:00:00,2025-10-22 16:55:42,2025-10-27 20:13:34,2025-11-02 16:26:56
VA-VSC-02699,St. Paul (335),New Enrollment,2025-10-15 15:00:00,2025-10-16 07:04:24,2025-10-16 09:28:24,2025-10-17 19:05:05
VA-VSC-02700,St. Paul (335),New Enrollment,2025-10-15 15:00:00,2025-10-15 17:24:00,2025-10-18 22:51:24,2025-10-21 17:59:08
VA-VSC-02701,Waco (349),Inter-Facility Transfer,2025-10-15 16:00:00,2025-10-22 07:25:01,2025-10-23 20:13:05,2025-10-24 01:55:17
VA-VSC-02702,Muskogee (351),Combat Veteran Auto-Enroll,2025-10-16 07:00:00,2025-10-18 08:40:00,2025-10-18 20:42:27,2025-10-19 11:24:15
VA-VSC-02703,Waco (349),Priority Group Upgrade,2025-10-16 08:00:00,2025-10-22 22:15:12,2025-11-05 16:21:21,2025-11-10 17:54:20
VA-VSC-02704,Waco (349),New Enrollment,2025-10-16 10:00:00,2025-10-23 21:25:14,2025-10-24 08:18:19,2025-10-27 21:26:34
VA-VSC-02705,St. Paul (335),New Enrollment,2025-10-16 10:00:00,2025-10-16 18:58:50,2025-10-17 10:07:07,2025-10-17 20:45:32
VA-VSC-02706,St. Paul (335),New Enrollment,2025-10-16 10:00:00,2025-10-17 06:22:24,2025-10-20 01:05:56,2025-10-21 13:08:29
VA-VSC-02707,Waco (349),Priority Group Upgrade,2025-10-16 11:00:00,2025-10-23 12:52:03,2025-11-02 14:12:41,2025-11-04 05:55:54
VA-VSC-02708,Waco (349),Combat Veteran Auto-Enroll,2025-10-16 15:00:00,2025-10-23 19:36:54,2025-10-25 22:03:28,2025-10-30 17:20:07
VA-VSC-02709,Waco (349),Priority Group Upgrade,2025-10-17 07:00:00,2025-10-25 10:21:58,2025-10-31 15:32:26,2025-11-02 21:23:23
VA-VSC-02710,Waco (349),Combat Veteran Auto-Enroll,2025-10-17 09:00:00,2025-10-24 11:59:43,2025-10-27 06:27:40,2025-10-27 23:19:08
VA-VSC-02711,St. Paul (335),,2025-10-17 09:00:00,2025-10-20 02:30:39,2025-10-21 13:22:48,2025-10-22 15:47:25
VA-VSC-02712,Waco (349),New Enrollment,2025-10-17 10:00:00,2025-10-24 17:12:06,2025-10-25 11:42:12,2025-10-29 03:04:53
VA-VSC-02713,Waco (349),,2025-10-17 10:00:00,2025-10-23 07:50:41,2025-10-24 22:43:16,2025-11-06 03:14:59
VA-VSC-02714,Waco (349),New Enrollment,2025-10-17 11:00:00,2025-10-23 02:31:48,2025-10-25 02:34:28,2025-10-25 09:45:04
VA-VSC-02715,Waco (349),New Enrollment,2025-10-17 11:00:00,2025-10-27 03:36:06,2025-10-30 03:56:49,2025-10-30 07:40:57
VA-VSC-02716,Waco (349),Inter-Facility Transfer,2025-10-17 13:00:00,2025-10-22 16:42:44,2025-10-24 01:48:15,2025-10-25 12:52:00
VA-VSC-02717,Houston (362),New Enrollment,2025-10-17 15:00:00,2025-10-18 14:54:23,2025-10-18 17:18:23,2025-10-22 20:38:11
VA-VSC-02718,Muskogee (351),Inter-Facility Transfer,2025-10-17 15:00:00,2025-10-19 14:23:24,2025-10-21 21:47:18,2025-10-22 00:11:18
VA-VSC-02719,Phoenix (344),New Enrollment,2025-10-17 15:00:00,2025-10-17 17:24:00,2025-10-18 22:08:00,2025-10-29 07:14:00
VA-VSC-02720,Waco (349),Inter-Facility Transfer,2025-10-17 16:00:00,2025-10-23 03:50:17,2025-10-23 19:02:09,2025-10-24 01:57:26
VA-VSC-02721,Phoenix (344),Priority Group Upgrade,2025-10-18 09:00:00,2025-10-19 17:18:37,2025-10-31 08:23:25,2025-10-31 13:31:05
VA-VSC-02722,St. Paul (335),Inter-Facility Transfer,2025-10-18 12:00:00,2025-10-19 07:35:29,2025-10-20 23:58:57,2025-10-24 09:18:30
VA-VSC-02723,St. Paul (335),New Enrollment,2025-10-18 14:00:00,2025-10-19 23:20:38,2025-10-21 09:48:38,2025-10-25 06:02:07
VA-VSC-02724,Waco (349),Priority Group Upgrade,2025-10-18 14:00:00,2025-10-26 00:23:31,2025-11-01 04:52:48,2025-11-01 14:00:44
VA-VSC-02725,Waco (349),Inter-Facility Transfer,2025-10-18 15:00:00,2025-10-27 13:03:28,2025-10-27 15:27:28,2025-11-01 17:27:42
VA-VSC-02726,Waco (349),New Enrollment,2025-10-18 15:00:00,2025-10-24 17:11:25,2025-10-26 22:50:55,2025-10-27 23:14:52
VA-VSC-02727,Waco (349),New Enrollment,2025-10-18 16:00:00,2025-10-25 21:05:31,2025-10-27 14:57:31,2025-10-31 18:34:51
VA-VSC-02728,Waco (349),New Enrollment,2025-10-18 16:00:00,2025-10-24 06:37:38,2025-10-25 12:20:54,2025-10-27 23:49:08
VA-VSC-02729,Waco (349),Inter-Facility Transfer,2025-10-18 16:00:00,2025-10-24 13:08:16,2025-10-24 15:56:19,2025-10-25 14:25:34
VA-VSC-02730,Waco (349),,2025-10-19 07:00:00,2025-10-26 11:46:37,2025-11-01 23:23:46,2025-11-08 07:35:59
VA-VSC-02731,St. Paul (335),Priority Group Upgrade,2025-10-19 10:00:00,2025-10-20 07:49:40,2025-10-25 21:52:49,2025-10-27 19:44:06
VA-VSC-02732,Waco (349),,2025-10-19 11:00:00,2025-10-25 00:50:28,2025-10-26 11:43:53,2025-10-30 04:00:48
VA-VSC-02733,Waco (349),New Enrollment,2025-10-19 12:00:00,2025-10-27 07:50:37,2025-10-28 06:13:02,2025-11-02 01:23:09
VA-VSC-02734,Muskogee (351),Combat Veteran Auto-Enroll,2025-10-19 13:00:00,2025-10-20 07:30:11,2025-10-23 17:54:30,2025-10-26 22:32:57
VA-VSC-02735,Muskogee (351),New Enrollment,2025-10-19 13:00:00,2025-10-22 07:44:27,2025-10-22 16:25:15,2025-10-24 21:22:06
VA-VSC-02736,St. Paul (335),Priority Group Upgrade,2025-10-19 14:00:00,2025-10-21 04:37:33,2025-10-28 03:50:52,2025-10-29 13:30:16
VA-VSC-02737,Muskogee (351),Inter-Facility Transfer,2025-10-19 16:00:00,2025-10-19 18:24:00,2025-10-20 05:18:34,2025-10-21 00:03:17
VA-VSC-02738,Waco (349),New Enrollment,2025-10-19 16:00:00,2025-10-25 12:59:22,2025-10-28 07:09:44,2025-10-28 12:28:11
VA-VSC-02739,Muskogee (351),Priority Group Upgrade,2025-10-20 07:00:00,2025-10-22 15:41:33,2025-10-30 09:11:04,2025-10-31 06:07:24
VA-VSC-02740,Waco (349),New Enrollment,2025-10-20 07:00:00,2025-10-25 07:02:27,2025-10-25 14:22:38,2025-10-26 13:30:04
VA-VSC-02741,Waco (349),Priority Group Upgrade,2025-10-20 08:00:00,2025-10-27 06:01:02,2025-11-05 00:32:53,2025-11-05 16:18:44
VA-VSC-02742,Waco (349),New Enrollment,2025-10-20 09:00:00,2025-10-23 12:35:35,2025-10-25 07:59:28,2025-10-26 09:27:36
VA-VSC-02743,Waco (349),Priority Group Upgrade,2025-10-20 10:00:00,2025-10-24 04:11:27,2025-11-01 05:28:00,2025-11-01 20:06:07
VA-VSC-02744,Waco (349),New Enrollment,2025-10-20 11:00:00,2025-10-26 07:18:16,2025-10-26 16:07:58,2025-10-27 09:25:00
VA-VSC-02745,Houston (362),Priority Group Upgrade,2025-10-20 11:00:00,2025-10-21 19:54:20,2025-10-30 01:42:43,2025-10-31 11:44:00
VA-VSC-02746,St. Paul (335),Priority Group Upgrade,2025-10-20 11:00:00,2025-10-20 19:57:03,2025-10-26 02:11:31,2025-10-26 21:29:22
VA-VSC-02747,Houston (362),New Enrollment,2025-10-20 12:00:00,2025-10-20 14:39:37,2025-10-21 01:38:51,2025-10-21 23:36:11
VA-VSC-02748,Waco (349),Priority Group Upgrade,2025-10-20 13:00:00,2025-10-26 05:36:32,2025-11-01 11:12:45,2025-11-01 23:29:54
VA-VSC-02749,St. Paul (335),New Enrollment,2025-10-20 14:00:00,2025-10-21 01:21:59,2025-10-21 04:03:54,2025-10-23 14:24:44
VA-VSC-02750,Houston (362),Priority Group Upgrade,2025-10-20 14:00:00,2025-10-21 04:02:59,2025-10-27 23:12:01,2025-10-28 05:41:36
VA-VSC-02751,Waco (349),New Enrollment,2025-10-20 16:00:00,2025-10-24 12:28:51,2025-10-24 22:01:00,2025-11-02 08:15:37
VA-VSC-02752,Houston (362),,2025-10-21 07:00:00,2025-10-21 10:10:29,2025-10-30 21:01:27,2025-10-31 03:47:51
VA-VSC-02753,Waco (349),New Enrollment,2025-10-21 10:00:00,2025-10-26 12:16:28,2025-10-28 00:16:44,2025-10-29 15:05:21
VA-VSC-02754,Waco (349),New Enrollment,2025-10-21 11:00:00,2025-10-27 21:57:16,2025-10-29 21:41:00,2025-11-15 08:28:33
VA-VSC-02755,Phoenix (344),New Enrollment,2025-10-21 12:00:00,2025-10-22 02:59:43,2025-10-28 11:27:04,2025-10-28 18:47:09
VA-VSC-02756,Waco (349),Priority Group Upgrade,2025-10-21 14:00:00,2025-10-26 10:51:04,2025-11-04 03:00:24,2025-11-05 09:57:07
VA-VSC-02757,Waco (349),New Enrollment,2025-10-21 14:00:00,2025-10-29 06:50:37,2025-10-30 11:10:44,2025-10-31 17:14:25
VA-VSC-02758,Phoenix (344),Combat Veteran Auto-Enroll,2025-10-21 14:00:00,2025-10-23 08:48:01,2025-10-23 18:49:12,2025-10-24 10:38:33
VA-VSC-02759,St. Paul (335),Combat Veteran Auto-Enroll,2025-10-22 08:00:00,2025-10-23 10:20:59,2025-10-26 21:56:46,2025-10-28 15:24:16
VA-VSC-02760,Waco (349),New Enrollment,2025-10-22 08:00:00,2025-10-28 20:40:12,2025-10-31 02:37:32,2025-10-31 17:02:05
VA-VSC-02761,Waco (349),Priority Group Upgrade,2025-10-22 09:00:00,2025-10-28 04:55:15,2025-11-03 02:04:42,2025-11-03 11:21:01
VA-VSC-02762,Waco (349),New Enrollment,2025-10-22 09:00:00,2025-10-28 17:29:45,2025-10-29 05:27:01,2025-10-29 15:01:50
VA-VSC-02763,Houston (362),New Enrollment,2025-10-22 09:00:00,2025-10-23 15:06:25,2025-10-24 06:16:09,2025-10-27 04:45:29
VA-VSC-02764,Waco (349),Priority Group Upgrade,2025-10-22 11:00:00,2025-10-29 16:48:48,2025-11-02 18:15:43,2025-11-03 09:43:41
VA-VSC-02765,Waco (349),Priority Group Upgrade,2025-10-22 11:00:00,2025-10-29 18:42:17,2025-11-07 12:15:14,2025-11-10 05:23:33
VA-VSC-02766,Muskogee (351),Priority Group Upgrade,2025-10-22 13:00:00,2025-10-25 13:30:38,2025-10-31 09:19:16,2025-11-06 01:19:06
VA-VSC-02767,Waco (349),New Enrollment,2025-10-22 15:00:00,2025-10-29 04:42:56,2025-11-02 17:51:47,2025-11-07 22:40:16
VA-VSC-02768,Waco (349),New Enrollment,2025-10-23 08:00:00,2025-10-30 19:38:10,2025-10-31 03:06:22,2025-11-01 03:33:37
VA-VSC-02769,Waco (349),New Enrollment,2025-10-23 09:00:00,2025-10-29 19:56:05,2025-10-31 02:58:59,2025-11-03 21:11:18
VA-VSC-02770,Houston (362),Priority Group Upgrade,2025-10-23 11:00:00,2025-10-23 22:10:19,2025-10-30 21:32:39,2025-11-03 05:08:54
VA-VSC-02771,Waco (349),Priority Group Upgrade,2025-10-23 13:00:00,2025-10-30 04:49:37,2025-11-07 10:34:42,2025-11-07 12:58:42
VA-VSC-02772,Waco (349),Priority Group Upgrade,2025-10-23 16:00:00,2025-10-29 23:40:42,2025-11-05 02:50:57,2025-11-05 06:55:52
VA-VSC-02773,St. Paul (335),New Enrollment,2025-10-23 16:00:00,2025-10-24 20:35:10,2025-10-24 22:59:10,2025-10-25 15:27:30
VA-VSC-02774,Waco (349),New Enrollment,2025-10-24 07:00:00,2025-11-01 23:02:37,2025-11-02 02:53:21,2025-11-02 14:36:12
VA-VSC-02775,Waco (349),New Enrollment,2025-10-24 10:00:00,2025-10-29 14:05:04,2025-11-07 08:53:47,2025-11-08 05:57:51
VA-VSC-02776,Waco (349),New Enrollment,2025-10-24 12:00:00,2025-10-30 22:07:22,2025-10-31 02:48:40,2025-11-02 09:32:01
VA-VSC-02777,Waco (349),New Enrollment,2025-10-24 13:00:00,2025-10-28 11:31:41,2025-10-29 05:11:51,2025-11-02 02:26:36
VA-VSC-02778,Waco (349),Combat Veteran Auto-Enroll,2025-10-24 13:00:00,2025-10-30 10:23:11,2025-10-30 16:25:56,2025-11-01 13:20:53
VA-VSC-02779,Waco (349),Combat Veteran Auto-Enroll,2025-10-24 13:00:00,2025-10-30 15:38:36,2025-10-31 02:30:56,2025-11-01 08:43:50
VA-VSC-02780,Waco (349),Priority Group Upgrade,2025-10-24 14:00:00,2025-10-29 20:19:42,2025-11-04 09:53:25,2025-11-04 16:12:25
VA-VSC-02781,Waco (349),Priority Group Upgrade,2025-10-24 16:00:00,2025-10-31 11:08:25,2025-11-05 06:52:00,2025-11-11 23:05:58
VA-VSC-02782,Phoenix (344),New Enrollment,2025-10-24 16:00:00,2025-10-26 02:41:40,2025-10-28 17:33:28,2025-10-29 18:38:18
VA-VSC-02783,Muskogee (351),Combat Veteran Auto-Enroll,2025-10-25 08:00:00,2025-10-26 17:26:43,2025-10-27 06:27:03,2025-10-28 09:53:45
VA-VSC-02784,St. Paul (335),New Enrollment,2025-10-25 10:00:00,2025-10-28 03:04:54,2025-11-01 14:51:42,2025-11-04 03:45:42
VA-VSC-02785,Phoenix (344),Inter-Facility Transfer,2025-10-25 11:00:00,2025-10-26 00:30:22,2025-10-28 14:15:02,2025-10-28 16:39:02
VA-VSC-02786,Waco (349),Priority Group Upgrade,2025-10-25 11:00:00,2025-10-30 14:16:19,2025-11-08 16:51:06,2025-11-09 09:22:32
VA-VSC-02787,Muskogee (351),New Enrollment,2025-10-25 12:00:00,2025-10-26 04:09:25,2025-10-27 20:57:40,2025-10-30 19:00:03
VA-VSC-02788,Waco (349),Inter-Facility Transfer,2025-10-25 13:00:00,2025-10-30 08:46:32,2025-10-30 17:26:40,2025-11-02 16:41:03
VA-VSC-02789,Muskogee (351),New Enrollment,2025-10-25 14:00:00,2025-10-26 18:45:44,2025-10-26 22:10:31,2025-11-03 00:42:17
VA-VSC-02790,Muskogee (351),Priority Group Upgrade,2025-10-25 15:00:00,2025-10-26 19:49:18,2025-11-07 16:00:50,2025-11-08 11:52:42
VA-VSC-02791,St. Paul (335),Priority Group Upgrade,2025-10-25 16:00:00,2025-10-29 22:10:10,2025-11-05 11:46:30,2025-11-05 14:10:30
VA-VSC-02792,Muskogee (351),New Enrollment,2025-10-26 08:00:00,2025-10-26 10:29:44,2025-10-27 12:20:08,2025-10-28 07:22:47
VA-VSC-02793,Houston (362),New Enrollment,2025-10-26 08:00:00,2025-10-26 19:46:36,2025-10-28 08:07:11,2025-10-28 16:39:57
VA-VSC-02794,Waco (349),Priority Group Upgrade,2025-10-26 08:00:00,2025-11-01 14:49:52,2025-11-10 01:19:07,2025-11-14 23:36:45
VA-VSC-02795,Waco (349),Priority Group Upgrade,2025-10-26 11:00:00,2025-10-31 15:54:05,2025-11-09 05:03:11,2025-11-12 14:28:15
VA-VSC-02796,Houston (362),New Enrollment,2025-10-26 14:00:00,2025-10-28 12:37:58,2025-10-29 18:16:23,2025-10-29 21:26:18
VA-VSC-02797,Waco (349),Inter-Facility Transfer,2025-10-26 14:00:00,2025-11-01 10:15:13,2025-11-01 12:39:13,2025-11-04 22:17:37
VA-VSC-02798,Houston (362),New Enrollment,2025-10-26 16:00:00,2025-10-26 18:24:00,2025-10-26 23:43:15,2025-10-27 15:09:50
VA-VSC-02799,Muskogee (351),New Enrollment,2025-10-27 08:00:00,2025-10-28 12:53:51,2025-11-03 03:42:34,2025-11-03 09:43:36
VA-VSC-02800,Waco (349),New Enrollment,2025-10-27 09:00:00,2025-10-30 11:32:23,2025-10-31 04:06:31,2025-11-03 18:57:05
VA-VSC-02801,St. Paul (335),New Enrollment,2025-10-27 09:00:00,2025-10-28 08:43:23,2025-10-28 19:35:18,2025-10-29 20:12:03
VA-VSC-02802,Phoenix (344),New Enrollment,2025-10-27 09:00:00,2025-10-27 20:38:45,2025-10-30 07:20:20,2025-11-04 11:11:51
VA-VSC-02803,Muskogee (351),Inter-Facility Transfer,2025-10-27 13:00:00,2025-10-29 06:02:58,2025-10-30 02:51:51,2025-10-31 12:33:11
VA-VSC-02804,Muskogee (351),New Enrollment,2025-10-27 13:00:00,2025-10-27 16:50:53,2025-10-29 18:18:21,2025-10-31 13:52:00
VA-VSC-02805,Waco (349),New Enrollment,2025-10-27 14:00:00,2025-11-04 01:49:10,2025-11-04 09:52:49,2025-11-07 06:19:37
VA-VSC-02806,Muskogee (351),New Enrollment,2025-10-27 16:00:00,2025-10-29 01:14:21,2025-10-29 12:21:52,2025-10-31 17:12:02
VA-VSC-02807,St. Paul (335),Priority Group Upgrade,2025-10-28 07:00:00,2025-10-31 09:21:36,2025-11-08 05:21:49,2025-11-10 18:24:07
VA-VSC-02808,Waco (349),Combat Veteran Auto-Enroll,2025-10-28 07:00:00,2025-11-03 19:45:58,2025-11-04 00:12:47,2025-11-04 02:41:14
VA-VSC-02809,Waco (349),New Enrollment,2025-10-28 08:00:00,2025-11-03 15:45:49,2025-11-04 01:26:49,2025-11-04 03:50:49
VA-VSC-02810,St. Paul (335),New Enrollment,2025-10-28 09:00:00,2025-10-28 14:20:22,2025-10-28 16:44:22,2025-10-29 02:48:08
VA-VSC-02811,Waco (349),New Enrollment,2025-10-28 10:00:00,2025-11-01 03:56:19,2025-11-01 07:01:42,2025-11-02 21:53:49
VA-VSC-02812,Houston (362),New Enrollment,2025-10-28 10:00:00,2025-10-28 14:33:33,2025-10-28 22:23:56,2025-10-29 22:22:04
VA-VSC-02813,Houston (362),New Enrollment,2025-10-28 11:00:00,2025-10-28 14:03:38,2025-10-28 20:54:28,2025-10-29 17:30:29
VA-VSC-02814,Waco (349),New Enrollment,2025-10-28 16:00:00,2025-11-03 13:02:34,2025-11-05 14:50:40,2025-11-05 18:34:32
VA-VSC-02815,Houston (362),New Enrollment,2025-10-29 07:00:00,2025-10-31 00:49:44,2025-10-31 14:09:16,2025-11-04 01:14:22
VA-VSC-02816,St. Paul (335),Priority Group Upgrade,2025-10-29 07:00:00,2025-10-29 12:48:50,2025-11-05 16:28:59,2025-11-05 18:52:59
VA-VSC-02817,Waco (349),New Enrollment,2025-10-29 07:00:00,2025-11-07 06:12:03,2025-11-07 19:27:20,2025-11-12 19:16:55
VA-VSC-02818,Waco (349),Inter-Facility Transfer,2025-10-29 08:00:00,2025-11-05 23:06:57,2025-11-09 19:44:08,2025-11-11 04:38:19
VA-VSC-02819,Waco (349),,2025-10-29 09:00:00,2025-11-07 16:27:04,2025-11-12 04:51:11,2025-11-12 23:41:31
VA-VSC-02820,Waco (349),Priority Group Upgrade,2025-10-29 10:00:00,2025-11-03 06:42:36,2025-11-09 21:15:08,2025-11-10 00:56:13
VA-VSC-02821,Muskogee (351),New Enrollment,2025-10-29 10:00:00,2025-10-29 19:59:55,2025-10-30 06:46:18,2025-11-02 22:24:59
VA-VSC-02822,Waco (349),New Enrollment,2025-10-29 10:00:00,2025-11-03 20:19:28,2025-11-06 07:49:05,2025-11-09 11:38:35
VA-VSC-02823,Houston (362),New Enrollment,2025-10-29 10:00:00,2025-10-30 05:53:54,2025-10-30 15:29:15,2025-10-31 03:50:24
VA-VSC-02824,Waco (349),Priority Group Upgrade,2025-10-29 12:00:00,2025-11-04 21:54:51,2025-11-11 11:20:33,2025-11-12 23:43:18
VA-VSC-02825,Waco (349),Priority Group Upgrade,2025-10-29 13:00:00,2025-11-06 17:51:42,2025-11-15 09:39:53,2025-11-18 20:28:15
VA-VSC-02826,Phoenix (344),Combat Veteran Auto-Enroll,2025-10-29 14:00:00,2025-11-01 23:40:36,2025-11-03 00:19:42,2025-11-03 21:20:41
VA-VSC-02827,St. Paul (335),Inter-Facility Transfer,2025-10-29 14:00:00,2025-10-30 05:24:10,2025-10-30 20:02:48,2025-10-31 07:30:31
VA-VSC-02828,Waco (349),New Enrollment,2025-10-29 15:00:00,2025-11-03 09:15:49,2025-11-04 15:01:56,2025-11-05 20:50:22
VA-VSC-02829,Waco (349),Priority Group Upgrade,2025-10-29 15:00:00,2025-11-05 14:44:59,2025-11-09 21:08:56,2025-11-12 20:03:59
VA-VSC-02830,Waco (349),New Enrollment,2025-10-29 16:00:00,2025-11-05 10:55:58,2025-11-06 22:54:03,2025-11-11 07:47:42
VA-VSC-02831,Waco (349),New Enrollment,2025-10-29 16:00:00,2025-11-05 14:59:25,2025-11-08 03:19:52,2025-11-09 14:42:53
VA-VSC-02832,Houston (362),New Enrollment,2025-10-30 08:00:00,2025-11-01 02:43:39,2025-11-04 17:21:18,2025-11-05 20:25:58
VA-VSC-02833,Waco (349),New Enrollment,2025-10-30 09:00:00,2025-11-07 15:01:16,2025-11-09 02:00:11,2025-11-13 03:57:06
VA-VSC-02834,Waco (349),Combat Veteran Auto-Enroll,2025-10-30 10:00:00,2025-11-05 02:48:08,2025-11-06 17:24:45,2025-11-10 11:49:51
VA-VSC-02835,Waco (349),New Enrollment,2025-10-30 13:00:00,2025-11-05 14:55:02,2025-11-06 03:08:35,2025-11-07 04:05:03
VA-VSC-02836,Phoenix (344),Priority Group Upgrade,2025-10-30 15:00:00,2025-10-31 15:16:26,2025-11-06 13:14:59,2025-11-06 15:38:59
VA-VSC-02837,Muskogee (351),Priority Group Upgrade,2025-10-30 16:00:00,2025-11-01 07:02:34,2025-11-07 11:43:24,2025-11-10 09:01:37
VA-VSC-02838,Waco (349),Priority Group Upgrade,2025-10-31 07:00:00,2025-11-05 23:43:02,2025-11-14 18:55:36,2025-11-15 13:42:21
VA-VSC-02839,St. Paul (335),New Enrollment,2025-10-31 09:00:00,2025-11-02 19:35:40,2025-11-02 21:59:40,2025-11-05 11:14:17
VA-VSC-02840,Waco (349),Combat Veteran Auto-Enroll,2025-10-31 09:00:00,2025-11-05 16:42:01,2025-11-08 07:26:50,2025-11-09 17:24:38
VA-VSC-02841,Waco (349),Priority Group Upgrade,2025-10-31 09:00:00,2025-11-06 20:43:53,2025-11-15 07:41:18,2025-11-15 10:05:18
VA-VSC-02842,St. Paul (335),New Enrollment,2025-10-31 09:00:00,2025-11-04 05:28:19,2025-11-08 12:46:14,2025-11-12 19:14:18
VA-VSC-02843,Phoenix (344),New Enrollment,2025-10-31 10:00:00,2025-11-03 02:51:59,2025-11-03 15:08:45,2025-11-03 23:01:47
VA-VSC-02844,Muskogee (351),Priority Group Upgrade,2025-10-31 11:00:00,2025-11-01 16:21:52,2025-11-08 10:14:02,2025-11-08 15:13:28
VA-VSC-02845,Houston (362),Combat Veteran Auto-Enroll,2025-10-31 13:00:00,2025-11-01 21:35:42,2025-11-03 03:23:07,2025-11-07 02:49:19
VA-VSC-02846,Waco (349),Priority Group Upgrade,2025-10-31 13:00:00,2025-11-07 10:26:53,2025-11-15 00:37:12,2025-11-16 04:30:57
VA-VSC-02847,St. Paul (335),Combat Veteran Auto-Enroll,2025-10-31 14:00:00,2025-10-31 18:17:30,2025-11-01 15:34:01,2025-11-03 18:45:52
VA-VSC-02848,Waco (349),Priority Group Upgrade,2025-10-31 14:00:00,2025-11-05 14:12:10,2025-11-10 08:01:43,2025-11-11 00:17:24
VA-VSC-02849,Houston (362),New Enrollment,2025-10-31 16:00:00,2025-11-03 03:07:54,2025-11-04 04:27:47,2025-11-04 17:39:04
VA-VSC-02850,Waco (349),New Enrollment,2025-11-01 07:00:00,2025-11-07 07:05:01,2025-11-07 11:06:38,2025-11-12 03:36:43
VA-VSC-02851,Houston (362),New Enrollment,2025-11-01 08:00:00,2025-11-01 20:17:51,2025-11-04 13:27:35,2025-11-05 03:40:44
VA-VSC-02852,Waco (349),Priority Group Upgrade,2025-11-01 09:00:00,2025-11-06 12:12:31,2025-11-11 23:00:32,2025-11-13 19:44:13
VA-VSC-02853,Waco (349),Combat Veteran Auto-Enroll,2025-11-01 09:00:00,2025-11-06 11:43:14,2025-11-06 21:59:11,2025-11-07 15:42:13
VA-VSC-02854,Phoenix (344),New Enrollment,2025-11-01 12:00:00,2025-11-03 17:45:18,2025-11-04 18:11:28,2025-11-08 06:35:25
VA-VSC-02855,Waco (349),Priority Group Upgrade,2025-11-01 12:00:00,2025-11-07 02:45:39,2025-11-14 16:00:04,2025-11-15 00:46:47
VA-VSC-02856,Waco (349),New Enrollment,2025-11-01 15:00:00,2025-11-08 08:07:06,2025-11-09 03:25:00,2025-11-10 08:29:22
VA-VSC-02857,Waco (349),New Enrollment,2025-11-01 15:00:00,2025-11-07 11:15:09,2025-11-08 00:51:30,2025-11-11 03:21:18
VA-VSC-02858,Waco (349),New Enrollment,2025-11-01 15:00:00,2025-11-05 18:03:12,2025-11-06 10:01:00,2025-11-19 21:29:45
VA-VSC-02859,Waco (349),New Enrollment,2025-11-01 16:00:00,2025-11-07 05:34:12,2025-11-09 15:50:59,2025-11-09 19:18:46
VA-VSC-02860,Waco (349),New Enrollment,2025-11-02 08:00:00,2025-11-07 15:29:41,2025-11-07 17:53:41,2025-11-09 05:45:45
VA-VSC-02861,Phoenix (344),New Enrollment,2025-11-02 10:00:00,2025-11-03 04:07:37,2025-11-07 02:24:10,2025-11-09 13:55:52
VA-VSC-02862,Waco (349),New Enrollment,2025-11-02 10:00:00,2025-11-09 15:26:13,2025-11-11 06:16:16,2025-11-11 08:40:16
VA-VSC-02863,Muskogee (351),New Enrollment,2025-11-02 11:00:00,2025-11-02 19:53:24,2025-11-06 08:55:24,2025-11-08 10:25:28
VA-VSC-02864,Houston (362),Priority Group Upgrade,2025-11-02 14:00:00,2025-11-07 09:08:30,2025-11-11 11:45:44,2025-11-12 04:39:37
VA-VSC-02865,Waco (349),New Enrollment,2025-11-02 14:00:00,2025-11-06 19:08:24,2025-11-07 16:14:13,2025-11-09 17:35:01
VA-VSC-02866,Houston (362),Inter-Facility Transfer,2025-11-02 14:00:00,2025-11-03 00:44:20,2025-11-03 03:43:44,2025-11-05 14:54:17
VA-VSC-02867,Waco (349),New Enrollment,2025-11-02 14:00:00,2025-11-08 13:54:49,2025-11-09 19:10:56,2025-11-11 00:21:07
VA-VSC-02868,St. Paul (335),New Enrollment,2025-11-03 09:00:00,2025-11-06 10:56:43,2025-11-07 12:40:06,2025-11-08 05:16:59
VA-VSC-02869,Waco (349),New Enrollment,2025-11-03 10:00:00,2025-11-10 02:25:54,2025-11-11 05:00:53,2025-11-12 17:15:17
VA-VSC-02870,Waco (349),New Enrollment,2025-11-03 10:00:00,2025-11-10 16:06:57,2025-11-11 01:16:07,2025-11-13 04:53:18
VA-VSC-02871,Phoenix (344),Combat Veteran Auto-Enroll,2025-11-03 10:00:00,2025-11-04 04:56:04,2025-11-11 09:20:40,2025-11-12 10:15:03
VA-VSC-02872,Muskogee (351),New Enrollment,2025-11-03 11:00:00,2025-11-03 14:14:45,2025-11-06 04:16:51,2025-11-06 15:43:46
VA-VSC-02873,Phoenix (344),Inter-Facility Transfer,2025-11-03 11:00:00,2025-11-04 22:58:44,2025-11-05 06:04:41,2025-11-05 08:28:41
VA-VSC-02874,Waco (349),,2025-11-03 14:00:00,2025-11-10 02:10:38,2025-11-10 19:12:44,2025-11-11 00:37:25
VA-VSC-02875,St. Paul (335),Priority Group Upgrade,2025-11-03 14:00:00,2025-11-03 20:20:35,2025-11-13 02:47:46,2025-11-16 01:18:59
VA-VSC-02876,Waco (349),Priority Group Upgrade,2025-11-03 14:00:00,2025-11-09 17:39:02,2025-11-22 09:30:14,2025-11-23 21:19:55
VA-VSC-02877,Waco (349),Priority Group Upgrade,2025-11-04 07:00:00,2025-11-09 09:57:28,2025-11-16 10:06:36,2025-11-17 13:02:48
VA-VSC-02878,Waco (349),New Enrollment,2025-11-04 08:00:00,2025-11-10 17:38:19,2025-11-11 02:05:18,2025-11-16 05:50:33
VA-VSC-02879,Houston (362),Priority Group Upgrade,2025-11-04 08:00:00,2025-11-05 15:41:57,2025-11-17 04:09:39,2025-11-18 18:55:08
VA-VSC-02880,Waco (349),New Enrollment,2025-11-04 08:00:00,2025-11-13 05:37:04,2025-11-15 22:40:16,2025-11-17 17:26:37
VA-VSC-02881,Waco (349),New Enrollment,2025-11-04 10:00:00,2025-11-11 06:55:29,2025-11-15 02:42:19,2025-11-20 10:15:30
VA-VSC-02882,Phoenix (344),Priority Group Upgrade,2025-11-04 10:00:00,2025-11-05 10:45:14,2025-11-09 20:24:46,2025-11-10 07:34:57
VA-VSC-02883,Waco (349),Priority Group Upgrade,2025-11-04 11:00:00,2025-11-11 16:23:34,2025-11-20 13:11:59,2025-11-20 15:48:13
VA-VSC-02884,Waco (349),Combat Veteran Auto-Enroll,2025-11-04 12:00:00,2025-11-11 07:02:35,2025-11-13 15:25:51,2025-11-16 04:28:44
VA-VSC-02885,Waco (349),New Enrollment,2025-11-04 12:00:00,2025-11-10 02:22:47,2025-11-11 12:46:34,2025-11-14 23:41:50
VA-VSC-02886,Muskogee (351),Combat Veteran Auto-Enroll,2025-11-04 12:00:00,2025-11-05 13:07:28,2025-11-10 11:48:29,2025-11-13 16:00:29
VA-VSC-02887,Waco (349),,2025-11-04 12:00:00,2025-11-10 08:34:19,2025-11-10 10:58:19,2025-11-10 16:26:39
VA-VSC-02888,Waco (349),New Enrollment,2025-11-04 13:00:00,2025-11-10 07:53:28,2025-11-13 22:52:58,2025-11-18 09:11:05
VA-VSC-02889,St. Paul (335),New Enrollment,2025-11-04 15:00:00,2025-11-04 22:05:59,2025-11-07 04:38:31,2025-11-07 07:02:31
VA-VSC-02890,Phoenix (344),New Enrollment,2025-11-04 16:00:00,2025-11-05 01:39:50,2025-11-06 12:50:45,2025-11-09 09:59:15
VA-VSC-02891,Waco (349),New Enrollment,2025-11-04 16:00:00,2025-11-08 23:25:11,2025-11-09 13:38:02,2025-11-10 01:12:48
VA-VSC-02892,Houston (362),Priority Group Upgrade,2025-11-05 07:00:00,2025-11-06 09:17:36,2025-11-14 00:49:48,2025-11-17 10:11:29
VA-VSC-02893,St. Paul (335),Combat Veteran Auto-Enroll,2025-11-05 08:00:00,2025-11-05 17:48:21,2025-11-11 17:18:20,2025-11-12 21:05:28
VA-VSC-02894,Houston (362),New Enrollment,2025-11-05 09:00:00,2025-11-05 19:06:21,2025-11-06 10:31:41,2025-11-07 21:43:02
VA-VSC-02895,Waco (349),Priority Group Upgrade,2025-11-05 10:00:00,2025-11-13 13:34:50,2025-11-21 13:05:27,2025-11-23 06:24:06
VA-VSC-02896,Phoenix (344),Combat Veteran Auto-Enroll,2025-11-05 12:00:00,2025-11-06 08:05:22,2025-11-08 07:03:13,2025-11-11 01:47:26
VA-VSC-02897,Waco (349),Priority Group Upgrade,2025-11-05 12:00:00,2025-11-11 00:08:33,2025-11-19 01:15:08,2025-11-20 00:32:41
VA-VSC-02898,Waco (349),Priority Group Upgrade,2025-11-05 12:00:00,2025-11-12 15:59:56,2025-11-19 09:53:17,2025-11-19 16:41:16
VA-VSC-02899,Waco (349),New Enrollment,2025-11-05 13:00:00,2025-11-16 00:14:15,2025-11-17 01:18:21,2025-11-17 10:05:20
VA-VSC-02900,Waco (349),Combat Veteran Auto-Enroll,2025-11-05 13:00:00,2025-11-11 14:20:46,2025-11-14 10:40:33,2025-11-17 23:32:20
VA-VSC-02901,Waco (349),Priority Group Upgrade,2025-11-05 15:00:00,2025-11-11 02:09:19,2025-11-21 12:51:01,2025-11-24 00:50:08
VA-VSC-02902,St. Paul (335),New Enrollment,2025-11-05 16:00:00,2025-11-06 14:42:38,2025-11-08 20:02:31,2025-11-09 16:03:29
VA-VSC-02903,Waco (349),New Enrollment,2025-11-06 08:00:00,2025-11-13 07:39:04,2025-11-14 04:40:21,2025-11-15 03:24:02
VA-VSC-02904,Waco (349),Combat Veteran Auto-Enroll,2025-11-06 12:00:00,2025-11-13 07:00:59,2025-11-13 09:24:59,2025-11-19 16:55:01
VA-VSC-02905,Waco (349),New Enrollment,2025-11-06 12:00:00,2025-11-14 10:48:33,2025-11-14 16:37:29,2025-11-14 20:26:11
VA-VSC-02906,Waco (349),Inter-Facility Transfer,2025-11-06 12:00:00,2025-11-11 02:47:04,2025-11-11 14:24:13,2025-11-12 18:43:26
VA-VSC-02907,Muskogee (351),New Enrollment,2025-11-06 13:00:00,2025-11-06 19:51:28,2025-11-06 22:15:28,2025-11-08 09:11:10
VA-VSC-02908,Waco (349),Combat Veteran Auto-Enroll,2025-11-06 14:00:00,2025-11-12 02:48:05,2025-11-13 06:58:58,2025-11-19 03:32:13
VA-VSC-02909,Waco (349),New Enrollment,2025-11-06 15:00:00,2025-11-12 07:30:27,2025-11-13 14:48:11,2025-11-14 23:35:12
VA-VSC-02910,Waco (349),Priority Group Upgrade,2025-11-06 16:00:00,2025-11-11 01:09:04,2025-11-18 16:30:36,2025-11-19 15:10:09
VA-VSC-02911,Waco (349),Combat Veteran Auto-Enroll,2025-11-07 09:00:00,2025-11-14 20:34:58,2025-11-16 03:24:30,2025-11-16 18:27:32
VA-VSC-02912,Waco (349),New Enrollment,2025-11-07 12:00:00,2025-11-12 15:01:58,2025-11-12 23:02:40,2025-11-14 03:35:58
VA-VSC-02913,St. Paul (335),Priority Group Upgrade,2025-11-07 12:00:00,2025-11-08 17:17:56,2025-11-17 00:55:21,2025-11-22 09:32:22
VA-VSC-02914,Muskogee (351),New Enrollment,2025-11-07 13:00:00,2025-11-08 00:30:16,2025-11-10 16:04:26,2025-11-11 14:52:55
VA-VSC-02915,Waco (349),New Enrollment,2025-11-07 14:00:00,2025-11-13 09:25:58,2025-11-17 00:47:14,2025-11-17 05:25:52
VA-VSC-02916,Houston (362),New Enrollment,2025-11-07 15:00:00,2025-11-11 01:26:50,2025-11-11 23:31:52,2025-11-21 19:11:52
VA-VSC-02917,St. Paul (335),Priority Group Upgrade,2025-11-07 15:00:00,2025-11-08 13:20:19,2025-11-20 04:29:03,2025-11-20 06:53:03
VA-VSC-02918,Phoenix (344),New Enrollment,2025-11-07 16:00:00,2025-11-09 11:58:45,2025-11-09 18:10:21,2025-11-10 20:14:03
VA-VSC-02919,Waco (349),New Enrollment,2025-11-08 07:00:00,2025-11-14 00:24:09,2025-11-14 04:20:29,2025-11-15 08:26:04
VA-VSC-02920,Waco (349),New Enrollment,2025-11-08 11:00:00,2025-11-17 04:44:57,2025-11-17 17:35:55,2025-11-18 20:47:52
VA-VSC-02921,Waco (349),Priority Group Upgrade,2025-11-08 12:00:00,2025-11-15 22:37:45,2025-11-24 07:52:21,2025-11-26 22:05:37
VA-VSC-02922,St. Paul (335),Priority Group Upgrade,2025-11-08 14:00:00,2025-11-10 09:59:53,2025-11-15 16:59:30,2025-11-15 19:23:30
VA-VSC-02923,St. Paul (335),New Enrollment,2025-11-08 14:00:00,2025-11-10 14:31:44,2025-11-12 11:22:42,2025-11-13 12:53:04
VA-VSC-02924,Waco (349),New Enrollment,2025-11-08 14:00:00,2025-11-17 00:43:21,2025-11-19 05:06:08,2025-11-26 02:06:40
VA-VSC-02925,Waco (349),Inter-Facility Transfer,2025-11-08 14:00:00,2025-11-16 05:24:09,2025-11-17 21:13:34,2025-11-21 05:18:28
VA-VSC-02926,Phoenix (344),New Enrollment,2025-11-08 15:00:00,2025-11-10 11:37:52,2025-11-10 17:37:09,2025-11-11 06:23:53
VA-VSC-02927,St. Paul (335),Combat Veteran Auto-Enroll,2025-11-09 10:00:00,2025-11-09 18:53:44,2025-11-12 08:19:46,2025-11-15 16:13:56
VA-VSC-02928,Muskogee (351),Combat Veteran Auto-Enroll,2025-11-09 11:00:00,2025-11-10 06:41:42,2025-11-11 13:59:47,2025-11-15 02:11:21
VA-VSC-02929,St. Paul (335),Combat Veteran Auto-Enroll,2025-11-09 14:00:00,2025-11-10 00:47:42,2025-11-10 03:11:42,2025-11-11 10:49:25
VA-VSC-02930,Waco (349),New Enrollment,2025-11-09 14:00:00,2025-11-17 19:45:28,2025-11-20 04:01:17,2025-11-21 01:56:31
VA-VSC-02931,Houston (362),Combat Veteran Auto-Enroll,2025-11-09 15:00:00,2025-11-11 18:48:12,2025-11-13 10:10:06,2025-11-14 12:44:13
VA-VSC-02932,Houston (362),Combat Veteran Auto-Enroll,2025-11-10 13:00:00,2025-11-10 16:47:29,2025-11-14 07:47:19,2025-11-14 23:17:17
VA-VSC-02933,Waco (349),Priority Group Upgrade,2025-11-10 15:00:00,2025-11-15 09:28:29,2025-11-26 10:25:38,2025-12-04 09:13:31
VA-VSC-02934,Waco (349),New Enrollment,2025-11-10 15:00:00,2025-11-17 20:01:06,2025-11-17 22:25:06,2025-11-18 08:38:23
VA-VSC-02935,St. Paul (335),New Enrollment,2025-11-10 16:00:00,2025-11-11 17:17:21,2025-11-11 23:11:45,2025-11-16 06:31:40
VA-VSC-02936,Waco (349),New Enrollment,2025-11-11 08:00:00,2025-11-14 21:16:48,2025-11-15 23:51:40,2025-11-17 10:17:58
VA-VSC-02937,St. Paul (335),Priority Group Upgrade,2025-11-11 08:00:00,2025-11-13 19:33:07,2025-11-22 20:48:28,2025-11-25 06:37:23
VA-VSC-02938,Houston (362),Priority Group Upgrade,2025-11-11 10:00:00,2025-11-12 15:05:53,2025-11-20 21:15:30,2025-11-22 20:02:13
VA-VSC-02939,Muskogee (351),New Enrollment,2025-11-11 11:00:00,2025-11-14 00:16:29,2025-11-14 06:09:57,2025-11-14 10:15:22
VA-VSC-02940,Waco (349),Priority Group Upgrade,2025-11-11 12:00:00,2025-11-17 03:33:56,2025-12-01 19:55:26,2025-12-01 22:19:26
VA-VSC-02941,Waco (349),New Enrollment,2025-11-11 13:00:00,2025-11-19 15:41:01,2025-11-20 00:32:57,2025-11-20 12:53:25
VA-VSC-02942,Houston (362),Priority Group Upgrade,2025-11-11 14:00:00,2025-11-12 06:13:17,2025-11-19 01:49:48,2025-11-19 05:33:07
VA-VSC-02943,Waco (349),Inter-Facility Transfer,2025-11-11 14:00:00,2025-11-16 09:00:31,2025-11-16 21:31:20,2025-11-17 15:44:23
VA-VSC-02944,St. Paul (335),New Enrollment,2025-11-11 14:00:00,2025-11-11 20:41:23,2025-11-12 15:46:36,2025-11-13 02:40:17
VA-VSC-02945,St. Paul (335),New Enrollment,2025-11-12 07:00:00,2025-11-13 17:29:14,2025-11-13 22:15:02,2025-11-19 20:23:13
VA-VSC-02946,Waco (349),New Enrollment,2025-11-12 09:00:00,2025-11-18 05:46:47,2025-11-22 13:12:04,2025-11-26 03:11:41
VA-VSC-02947,Waco (349),Priority Group Upgrade,2025-11-12 09:00:00,2025-11-17 22:35:07,2025-11-23 04:30:52,2025-11-23 18:27:40
VA-VSC-02948,Waco (349),Priority Group Upgrade,2025-11-12 11:00:00,2025-11-17 09:30:55,2025-11-24 22:01:35,2025-11-25 21:08:55
VA-VSC-02949,Waco (349),Inter-Facility Transfer,2025-11-12 15:00:00,2025-11-21 05:03:29,2025-11-22 07:18:20,2025-11-23 09:55:31
VA-VSC-02950,Muskogee (351),New Enrollment,2025-11-12 16:00:00,2025-11-13 05:13:35,2025-11-15 12:33:14,2025-11-15 16:08:23
VA-VSC-02951,Phoenix (344),Inter-Facility Transfer,2025-11-13 07:00:00,2025-11-17 03:32:19,2025-11-17 23:01:12,2025-11-18 17:05:21
VA-VSC-02952,Houston (362),New Enrollment,2025-11-13 08:00:00,2025-11-17 17:11:08,2025-11-21 20:04:37,2025-11-23 21:22:29
VA-VSC-02953,St. Paul (335),Priority Group Upgrade,2025-11-13 09:00:00,2025-11-13 11:24:00,2025-11-19 23:27:02,2025-11-20 19:04:24
VA-VSC-02954,Waco (349),New Enrollment,2025-11-13 09:00:00,2025-11-18 23:17:39,2025-11-21 00:25:30,2025-11-21 15:43:46
VA-VSC-02955,Muskogee (351),Combat Veteran Auto-Enroll,2025-11-13 10:00:00,2025-11-16 18:25:27,2025-11-17 02:13:17,2025-11-17 05:30:44
VA-VSC-02956,Houston (362),Priority Group Upgrade,2025-11-13 11:00:00,2025-11-14 16:46:29,2025-11-22 16:21:10,2025-11-28 19:15:14
VA-VSC-02957,St. Paul (335),Priority Group Upgrade,2025-11-13 15:00:00,2025-11-18 04:28:52,2025-11-29 11:34:41,2025-11-29 20:07:42
VA-VSC-02958,Phoenix (344),Combat Veteran Auto-Enroll,2025-11-13 15:00:00,2025-11-14 14:33:53,2025-11-15 19:45:18,2025-11-16 23:48:15
VA-VSC-02959,Waco (349),New Enrollment,2025-11-13 16:00:00,2025-11-23 21:32:04,2025-11-23 23:56:04,2025-11-25 23:17:52
VA-VSC-02960,St. Paul (335),New Enrollment,2025-11-14 08:00:00,2025-11-16 03:34:22,2025-11-16 13:46:21,2025-11-17 13:45:50
VA-VSC-02961,Waco (349),Combat Veteran Auto-Enroll,2025-11-14 10:00:00,2025-11-21 13:03:06,2025-11-23 16:39:02,2025-11-25 09:27:58
VA-VSC-02962,Waco (349),New Enrollment,2025-11-14 12:00:00,2025-11-19 06:57:30,2025-11-20 02:53:58,2025-11-23 02:17:56
VA-VSC-02963,Waco (349),New Enrollment,2025-11-14 13:00:00,2025-11-21 17:03:29,2025-11-21 20:39:06,2025-11-21 23:03:06
VA-VSC-02964,Muskogee (351),Priority Group Upgrade,2025-11-14 13:00:00,2025-11-15 11:54:44,2025-11-22 05:59:18,2025-11-22 09:56:02
VA-VSC-02965,Phoenix (344),Priority Group Upgrade,2025-11-14 14:00:00,2025-11-16 11:49:14,2025-11-27 16:50:45,2025-11-30 07:39:33
VA-VSC-02966,St. Paul (335),New Enrollment,2025-11-14 15:00:00,2025-11-15 01:34:36,2025-11-15 12:34:34,2025-11-17 08:39:47
VA-VSC-02967,St. Paul (335),New Enrollment,2025-11-14 15:00:00,2025-11-14 21:25:46,2025-11-17 10:15:22,2025-11-18 21:46:46
VA-VSC-02968,Houston (362),New Enrollment,2025-11-14 16:00:00,2025-11-14 23:24:53,2025-11-16 10:44:27,2025-11-22 05:59:32
VA-VSC-02969,Muskogee (351),New Enrollment,2025-11-14 16:00:00,2025-11-14 18:28:01,2025-11-14 22:38:08,2025-11-18 15:45:55
VA-VSC-02970,Waco (349),Combat Veteran Auto-Enroll,2025-11-15 09:00:00,2025-11-23 07:51:39,2025-11-23 10:15:39,2025-11-24 06:47:09
VA-VSC-02971,Waco (349),Inter-Facility Transfer,2025-11-15 10:00:00,2025-11-20 01:33:59,2025-11-23 17:32:57,2025-11-26 15:48:59
VA-VSC-02972,Waco (349),Priority Group Upgrade,2025-11-15 11:00:00,2025-11-23 23:22:47,2025-11-30 06:33:05,2025-11-30 10:46:48
VA-VSC-02973,St. Paul (335),New Enrollment,2025-11-15 13:00:00,2025-11-15 20:23:18,2025-11-16 20:45:01,2025-11-17 05:44:43
VA-VSC-02974,St. Paul (335),Inter-Facility Transfer,2025-11-15 14:00:00,2025-11-16 22:11:08,2025-11-17 14:43:30,2025-11-18 09:27:24
VA-VSC-02975,Waco (349),Priority Group Upgrade,2025-11-15 14:00:00,2025-11-22 03:26:13,2025-11-30 08:29:05,2025-11-30 15:49:55
VA-VSC-02976,Waco (349),New Enrollment,2025-11-15 14:00:00,2025-11-19 13:56:02,2025-11-19 21:05:43,2025-11-22 17:41:53
VA-VSC-02977,Phoenix (344),Inter-Facility Transfer,2025-11-15 15:00:00,2025-11-15 20:25:45,2025-11-21 20:16:08,2025-11-22 12:50:05
VA-VSC-02978,Waco (349),Combat Veteran Auto-Enroll,2025-11-16 07:00:00,2025-11-24 21:08:53,2025-11-25 04:12:51,2025-11-28 14:15:09
VA-VSC-02979,St. Paul (335),Priority Group Upgrade,2025-11-16 09:00:00,2025-11-17 05:04:44,2025-11-22 23:43:05,2025-11-25 15:12:40
VA-VSC-02980,Muskogee (351),Priority Group Upgrade,2025-11-16 10:00:00,2025-11-18 02:22:28,2025-11-29 10:33:03,2025-11-29 12:57:03
VA-VSC-02981,Waco (349),New Enrollment,2025-11-16 11:00:00,2025-11-23 02:41:31,2025-11-24 01:37:03,2025-11-29 11:47:31
VA-VSC-02982,Waco (349),New Enrollment,2025-11-16 13:00:00,2025-11-20 00:59:59,2025-11-21 21:42:12,2025-11-23 18:03:18
VA-VSC-02983,St. Paul (335),Priority Group Upgrade,2025-11-16 13:00:00,2025-11-18 01:11:29,2025-11-28 20:23:37,2025-11-29 03:59:50
VA-VSC-02984,St. Paul (335),New Enrollment,2025-11-16 13:00:00,2025-11-18 02:11:17,2025-11-19 19:32:46,2025-11-20 07:55:57
VA-VSC-02985,Waco (349),New Enrollment,2025-11-16 14:00:00,2025-11-21 03:23:31,2025-11-22 18:54:25,2025-11-23 04:47:59
VA-VSC-02986,Muskogee (351),Combat Veteran Auto-Enroll,2025-11-16 15:00:00,2025-11-17 22:12:08,2025-11-18 22:37:18,2025-11-19 22:05:00
VA-VSC-02987,Waco (349),Combat Veteran Auto-Enroll,2025-11-17 09:00:00,2025-11-23 14:02:35,2025-11-28 00:11:08,2025-11-29 10:14:24
VA-VSC-02988,Waco (349),Priority Group Upgrade,2025-11-17 10:00:00,2025-11-23 21:11:11,2025-12-04 05:43:07,2025-12-04 11:07:00
VA-VSC-02989,St. Paul (335),Combat Veteran Auto-Enroll,2025-11-17 12:00:00,2025-11-19 11:54:10,2025-11-22 09:34:41,2025-11-23 00:46:56
VA-VSC-02990,Phoenix (344),Combat Veteran Auto-Enroll,2025-11-17 12:00:00,2025-11-18 03:08:19,2025-11-20 01:44:50,2025-11-20 06:45:15
VA-VSC-02991,Waco (349),Priority Group Upgrade,2025-11-17 14:00:00,2025-11-25 09:30:29,2025-12-02 23:17:18,2025-12-07 21:18:25
VA-VSC-02992,St. Paul (335),New Enrollment,2025-11-17 14:00:00,2025-11-17 17:35:18,2025-11-18 04:53:35,2025-11-19 05:43:48
VA-VSC-02993,Houston (362),New Enrollment,2025-11-17 16:00:00,2025-11-18 11:13:34,2025-11-18 13:37:34,2025-11-22 22:59:32
VA-VSC-02994,Waco (349),New Enrollment,2025-11-18 07:00:00,2025-11-21 14:17:32,2025-11-23 19:46:55,2025-11-25 02:18:30
VA-VSC-02995,Waco (349),New Enrollment,2025-11-18 09:00:00,2025-11-22 23:54:41,2025-11-23 08:19:07,2025-11-25 05:11:35
VA-VSC-02996,Phoenix (344),New Enrollment,2025-11-18 12:00:00,2025-11-18 19:49:57,2025-11-18 22:19:31,2025-11-19 01:37:02
VA-VSC-02997,Waco (349),New Enrollment,2025-11-18 12:00:00,2025-11-23 18:26:35,2025-11-24 03:24:35,2025-11-26 10:03:06
VA-VSC-02998,Waco (349),Priority Group Upgrade,2025-11-18 13:00:00,2025-11-22 01:32:06,2025-11-30 16:25:51,2025-11-30 23:13:14
VA-VSC-02999,Waco (349),Inter-Facility Transfer,2025-11-18 14:00:00,2025-11-25 02:42:10,2025-11-27 03:24:01,2025-11-28 21:34:46
VA-VSC-03000,Phoenix (344),,2025-11-18 14:00:00,2025-11-18 22:21:34,2025-11-22 10:19:00,2025-11-25 08:06:45
VA-VSC-03001,Houston (362),Priority Group Upgrade,2025-11-18 15:00:00,2025-11-19 10:33:45,2025-11-27 15:58:43,2025-11-29 05:57:44
VA-VSC-03002,St. Paul (335),Priority Group Upgrade,2025-11-19 07:00:00,2025-11-19 18:28:15,2025-11-23 11:53:06,2025-11-25 01:33:03
VA-VSC-03003,Waco (349),New Enrollment,2025-11-19 09:00:00,2025-11-27 10:18:57,2025-11-29 14:00:52,2025-11-30 15:28:23
VA-VSC-03004,Houston (362),Inter-Facility Transfer,2025-11-19 09:00:00,2025-11-20 03:37:34,2025-11-21 20:42:55,2025-11-26 01:10:02
VA-VSC-03005,Houston (362),Priority Group Upgrade,2025-11-19 10:00:00,2025-11-21 07:05:08,2025-11-28 03:37:18,2025-11-28 09:59:49
VA-VSC-03006,Phoenix (344),New Enrollment,2025-11-19 13:00:00,2025-11-20 03:10:46,2025-11-21 10:46:40,2025-11-26 04:11:34
VA-VSC-03007,Phoenix (344),Combat Veteran Auto-Enroll,2025-11-19 14:00:00,2025-11-22 11:51:07,2025-11-24 18:52:12,2025-11-25 06:09:35
VA-VSC-03008,Waco (349),New Enrollment,2025-11-19 14:00:00,2025-11-26 12:40:31,2025-11-26 16:30:44,2025-12-01 04:12:41
VA-VSC-03009,Houston (362),Priority Group Upgrade,2025-11-19 16:00:00,2025-11-19 20:39:06,2025-11-28 09:19:26,2025-11-30 06:33:04
VA-VSC-03010,Waco (349),New Enrollment,2025-11-20 08:00:00,2025-11-27 03:29:29,2025-11-28 23:32:35,2025-11-29 22:44:01
VA-VSC-03011,Waco (349),Combat Veteran Auto-Enroll,2025-11-20 09:00:00,2025-11-26 04:34:35,2025-12-03 08:57:21,2025-12-05 03:47:57
VA-VSC-03012,Waco (349),New Enrollment,2025-11-20 13:00:00,2025-11-29 10:12:24,2025-12-01 12:24:46,2025-12-03 15:47:40
VA-VSC-03013,Waco (349),Priority Group Upgrade,2025-11-20 14:00:00,2025-12-02 10:27:52,2025-12-11 23:02:37,2025-12-14 09:50:07
VA-VSC-03014,Waco (349),New Enrollment,2025-11-20 15:00:00,2025-11-26 06:21:43,2025-12-01 11:36:44,2025-12-01 14:00:44
VA-VSC-03015,Houston (362),Priority Group Upgrade,2025-11-21 11:00:00,2025-11-21 13:24:00,2025-11-27 14:59:36,2025-11-28 07:10:47
VA-VSC-03016,Waco (349),Combat Veteran Auto-Enroll,2025-11-21 12:00:00,2025-11-28 02:22:38,2025-11-30 16:10:31,2025-12-01 07:48:33
VA-VSC-03017,St. Paul (335),Priority Group Upgrade,2025-11-21 16:00:00,2025-11-23 13:17:18,2025-12-03 03:41:42,2025-12-03 08:09:01
VA-VSC-03018,Waco (349),Priority Group Upgrade,2025-11-22 09:00:00,2025-11-24 19:52:49,2025-12-01 19:06:39,2025-12-01 21:30:39
VA-VSC-03019,Waco (349),Priority Group Upgrade,2025-11-22 09:00:00,2025-11-27 06:45:52,2025-12-03 04:13:28,2025-12-04 12:08:49
VA-VSC-03020,St. Paul (335),Combat Veteran Auto-Enroll,2025-11-22 10:00:00,2025-11-23 16:10:58,2025-11-25 08:28:17,2025-11-28 21:18:32
VA-VSC-03021,Waco (349),Priority Group Upgrade,2025-11-22 12:00:00,2025-11-29 11:03:22,2025-12-08 21:36:06,2025-12-11 05:25:58
VA-VSC-03022,Waco (349),Combat Veteran Auto-Enroll,2025-11-22 13:00:00,2025-11-27 08:36:16,2025-11-27 14:15:23,2025-11-28 00:40:38
VA-VSC-03023,Houston (362),Combat Veteran Auto-Enroll,2025-11-22 13:00:00,2025-11-23 06:10:01,2025-11-23 12:05:19,2025-11-25 18:28:19
VA-VSC-03024,Waco (349),New Enrollment,2025-11-22 16:00:00,2025-11-30 06:25:08,2025-11-30 22:34:50,2025-12-04 00:18:20
VA-VSC-03025,Waco (349),New Enrollment,2025-11-23 08:00:00,2025-11-28 11:43:20,2025-11-30 06:06:24,2025-12-02 20:56:54
VA-VSC-03026,Waco (349),New Enrollment,2025-11-23 08:00:00,2025-11-28 02:53:50,2025-11-28 09:35:31,2025-11-29 05:06:38
VA-VSC-03027,Muskogee (351),Combat Veteran Auto-Enroll,2025-11-23 08:00:00,2025-11-23 23:23:28,2025-11-27 11:39:02,2025-11-27 22:05:57
VA-VSC-03028,Houston (362),New Enrollment,2025-11-23 08:00:00,2025-11-27 14:43:44,2025-11-30 02:32:39,2025-12-04 08:54:33
VA-VSC-03029,Houston (362),Priority Group Upgrade,2025-11-23 11:00:00,2025-11-26 15:21:31,2025-12-05 23:56:25,2025-12-09 02:34:24
VA-VSC-03030,Houston (362),Combat Veteran Auto-Enroll,2025-11-23 11:00:00,2025-11-26 16:37:40,2025-11-27 09:44:09,2025-11-27 12:08:09
VA-VSC-03031,Waco (349),New Enrollment,2025-11-23 14:00:00,2025-11-27 06:54:24,2025-11-28 13:33:18,2025-12-01 22:31:04
VA-VSC-03032,Waco (349),Priority Group Upgrade,2025-11-23 16:00:00,2025-11-30 02:24:28,2025-12-05 06:43:53,2025-12-05 20:23:37
VA-VSC-03033,St. Paul (335),New Enrollment,2025-11-23 16:00:00,2025-11-23 20:04:04,2025-11-24 16:46:12,2025-11-25 03:44:15
VA-VSC-03034,Waco (349),New Enrollment,2025-11-23 16:00:00,2025-12-01 21:05:09,2025-12-01 23:29:09,2025-12-02 20:36:14
VA-VSC-03035,Waco (349),Combat Veteran Auto-Enroll,2025-11-24 07:00:00,2025-12-02 01:45:49,2025-12-05 10:57:58,2025-12-05 14:04:55
VA-VSC-03036,Waco (349),New Enrollment,2025-11-24 08:00:00,2025-12-02 06:27:31,2025-12-04 12:57:11,2025-12-09 04:39:31
VA-VSC-03037,Waco (349),New Enrollment,2025-11-24 08:00:00,2025-11-29 18:19:21,2025-12-01 06:31:01,2025-12-02 09:00:39
VA-VSC-03038,Muskogee (351),Combat Veteran Auto-Enroll,2025-11-24 09:00:00,2025-11-25 01:04:13,2025-11-26 05:32:55,2025-11-27 02:39:57
VA-VSC-03039,Waco (349),New Enrollment,2025-11-24 12:00:00,2025-11-30 07:01:23,2025-12-01 19:10:19,2025-12-04 03:21:04
VA-VSC-03040,Waco (349),Inter-Facility Transfer,2025-11-24 13:00:00,2025-12-01 22:33:50,2025-12-02 05:26:00,2025-12-02 08:34:35
VA-VSC-03041,Waco (349),Inter-Facility Transfer,2025-11-24 13:00:00,2025-12-01 01:14:47,2025-12-02 06:16:33,2025-12-02 16:19:45
VA-VSC-03042,Muskogee (351),New Enrollment,2025-11-24 13:00:00,2025-11-24 22:39:42,2025-11-25 04:44:56,2025-12-05 00:00:14
VA-VSC-03043,Waco (349),New Enrollment,2025-11-24 14:00:00,2025-11-29 22:36:00,2025-12-01 15:38:53,2025-12-02 04:17:28
VA-VSC-03044,Waco (349),Priority Group Upgrade,2025-11-25 07:00:00,2025-12-03 11:31:59,2025-12-07 19:55:18,2025-12-14 08:21:40
VA-VSC-03045,St. Paul (335),Priority Group Upgrade,2025-11-25 09:00:00,2025-11-28 20:24:36,2025-12-11 08:17:26,2025-12-11 13:26:11
VA-VSC-03046,St. Paul (335),New Enrollment,2025-11-25 09:00:00,2025-11-26 11:01:09,2025-11-27 03:56:31,2025-11-28 04:33:04
VA-VSC-03047,Waco (349),Priority Group Upgrade,2025-11-25 09:00:00,2025-12-01 21:35:02,2025-12-09 21:39:38,2025-12-11 11:38:23
VA-VSC-03048,Waco (349),New Enrollment,2025-11-25 13:00:00,2025-12-03 11:46:13,2025-12-05 08:53:07,2025-12-06 16:21:53
VA-VSC-03049,Waco (349),Combat Veteran Auto-Enroll,2025-11-25 13:00:00,2025-12-02 04:11:15,2025-12-03 11:01:05,2025-12-03 17:58:55
VA-VSC-03050,Waco (349),New Enrollment,2025-11-25 16:00:00,2025-12-02 17:33:54,2025-12-07 20:33:38,2025-12-08 18:02:37
VA-VSC-03051,Waco (349),New Enrollment,2025-11-25 16:00:00,2025-12-02 00:05:16,2025-12-02 19:47:27,2025-12-03 11:54:50
VA-VSC-03052,Waco (349),New Enrollment,2025-11-26 07:00:00,2025-12-02 20:24:49,2025-12-05 14:07:09,2025-12-06 00:03:41
VA-VSC-03053,Waco (349),Inter-Facility Transfer,2025-11-26 08:00:00,2025-12-05 19:56:29,2025-12-06 12:57:27,2025-12-08 10:57:18
VA-VSC-03054,Waco (349),Priority Group Upgrade,2025-11-26 08:00:00,2025-12-02 16:58:57,2025-12-11 09:39:38,2025-12-16 02:26:49
VA-VSC-03055,Houston (362),Combat Veteran Auto-Enroll,2025-11-26 09:00:00,2025-12-01 05:41:36,2025-12-02 03:28:16,2025-12-03 19:26:39
VA-VSC-03056,Muskogee (351),New Enrollment,2025-11-26 10:00:00,2025-11-28 13:52:41,2025-11-28 22:53:37,2025-12-02 21:49:44
VA-VSC-03057,Houston (362),New Enrollment,2025-11-26 10:00:00,2025-11-27 11:48:47,2025-11-29 10:21:15,2025-11-29 14:20:55
VA-VSC-03058,Waco (349),New Enrollment,2025-11-26 10:00:00,2025-12-03 09:39:09,2025-12-03 23:03:07,2025-12-07 05:34:39
VA-VSC-03059,Waco (349),Priority Group Upgrade,2025-11-26 10:00:00,2025-12-03 22:08:49,2025-12-08 11:56:20,2025-12-14 14:27:33
VA-VSC-03060,Muskogee (351),Priority Group Upgrade,2025-11-26 12:00:00,2025-11-27 15:14:09,2025-12-06 17:09:34,2025-12-06 19:33:34
VA-VSC-03061,Waco (349),Priority Group Upgrade,2025-11-26 13:00:00,2025-12-02 00:17:58,2025-12-12 08:25:20,2025-12-12 19:57:01
VA-VSC-03062,Waco (349),New Enrollment,2025-11-26 14:00:00,2025-12-06 00:44:18,2025-12-07 05:07:25,2025-12-09 11:57:27
VA-VSC-03063,Houston (362),Inter-Facility Transfer,2025-11-27 07:00:00,2025-11-27 09:52:07,2025-11-28 21:49:32,2025-12-03 03:13:52
VA-VSC-03064,Houston (362),New Enrollment,2025-11-27 09:00:00,2025-11-27 14:39:18,2025-11-29 14:50:10,2025-11-29 17:14:10
VA-VSC-03065,Houston (362),Inter-Facility Transfer,2025-11-27 09:00:00,2025-11-30 12:03:55,2025-12-06 14:34:25,2025-12-07 11:33:39
VA-VSC-03066,Waco (349),New Enrollment,2025-11-27 10:00:00,2025-11-30 17:07:34,2025-12-02 07:48:46,2025-12-02 10:12:46
VA-VSC-03067,Waco (349),,2025-11-27 10:00:00,2025-12-03 03:17:43,2025-12-09 14:42:09,2025-12-09 17:14:46
VA-VSC-03068,Muskogee (351),New Enrollment,2025-11-27 11:00:00,2025-11-28 10:39:01,2025-11-28 20:12:26,2025-11-30 22:08:26
VA-VSC-03069,Waco (349),New Enrollment,2025-11-27 11:00:00,2025-12-05 00:39:09,2025-12-05 12:20:42,2025-12-09 01:57:55
VA-VSC-03070,Houston (362),Priority Group Upgrade,2025-11-27 14:00:00,2025-11-28 21:16:58,2025-12-08 11:49:34,2025-12-09 10:23:52
VA-VSC-03071,St. Paul (335),New Enrollment,2025-11-27 14:00:00,2025-11-27 23:44:51,2025-12-04 01:51:50,2025-12-06 09:14:33
VA-VSC-03072,Houston (362),New Enrollment,2025-11-27 14:00:00,2025-11-28 03:26:07,2025-11-28 07:06:34,2025-11-28 16:42:55
VA-VSC-03073,Waco (349),Priority Group Upgrade,2025-11-27 14:00:00,2025-12-03 13:12:23,2025-12-09 10:22:50,2025-12-12 08:27:05
VA-VSC-03074,Waco (349),Priority Group Upgrade,2025-11-27 16:00:00,2025-12-04 13:32:51,2025-12-10 00:41:12,2025-12-11 01:05:25
VA-VSC-03075,Houston (362),Combat Veteran Auto-Enroll,2025-11-28 10:00:00,2025-11-30 13:59:46,2025-12-06 04:29:57,2025-12-08 01:21:16
VA-VSC-03076,Phoenix (344),New Enrollment,2025-11-28 13:00:00,2025-11-28 17:30:42,2025-11-29 10:42:08,2025-11-29 13:06:08
VA-VSC-03077,Muskogee (351),Priority Group Upgrade,2025-11-28 13:00:00,2025-11-29 15:35:10,2025-12-11 04:14:07,2025-12-13 03:57:05
VA-VSC-03078,Waco (349),Priority Group Upgrade,2025-11-28 14:00:00,2025-12-06 05:00:35,2025-12-14 07:52:36,2025-12-18 03:15:49
VA-VSC-03079,Waco (349),New Enrollment,2025-11-28 14:00:00,2025-12-05 01:34:44,2025-12-05 13:53:40,2025-12-14 07:27:00
VA-VSC-03080,Muskogee (351),Priority Group Upgrade,2025-11-28 14:00:00,2025-11-30 19:21:42,2025-12-08 17:39:16,2025-12-09 19:28:28
VA-VSC-03081,St. Paul (335),New Enrollment,2025-11-28 14:00:00,2025-11-28 19:51:18,2025-11-29 22:17:08,2025-12-01 07:10:28
VA-VSC-03082,Phoenix (344),New Enrollment,2025-11-28 15:00:00,2025-11-28 21:53:29,2025-11-30 14:06:37,2025-11-30 20:07:33
VA-VSC-03083,Waco (349),New Enrollment,2025-11-28 15:00:00,2025-12-02 13:08:42,2025-12-03 06:38:25,2025-12-04 07:57:08
VA-VSC-03084,Houston (362),New Enrollment,2025-11-29 07:00:00,2025-11-29 18:54:48,2025-11-30 01:20:06,2025-12-01 02:07:54
VA-VSC-03085,St. Paul (335),Priority Group Upgrade,2025-11-29 07:00:00,2025-12-02 02:40:18,2025-12-07 08:45:16,2025-12-09 16:07:11
VA-VSC-03086,Houston (362),Priority Group Upgrade,2025-11-29 08:00:00,2025-11-29 12:24:12,2025-12-06 08:50:15,2025-12-07 03:25:57
VA-VSC-03087,Waco (349),Inter-Facility Transfer,2025-11-29 09:00:00,2025-12-06 15:18:40,2025-12-08 00:31:12,2025-12-08 07:49:01
VA-VSC-03088,Waco (349),Priority Group Upgrade,2025-11-29 11:00:00,2025-12-06 18:56:37,2025-12-11 13:39:40,2025-12-11 16:03:40
VA-VSC-03089,Houston (362),New Enrollment,2025-11-29 12:00:00,2025-11-29 14:48:11,2025-12-01 01:38:02,2025-12-01 22:04:23
VA-VSC-03090,Waco (349),Combat Veteran Auto-Enroll,2025-11-29 13:00:00,2025-12-06 08:48:24,2025-12-06 11:12:24,2025-12-14 12:10:13
VA-VSC-03091,Waco (349),Combat Veteran Auto-Enroll,2025-11-29 14:00:00,2025-12-05 02:04:46,2025-12-05 08:51:25,2025-12-05 14:32:35
VA-VSC-03092,Muskogee (351),New Enrollment,2025-11-29 15:00:00,2025-11-29 19:46:04,2025-11-30 05:58:19,2025-11-30 14:48:49
VA-VSC-03093,Waco (349),Priority Group Upgrade,2025-11-29 15:00:00,2025-12-05 13:44:58,2025-12-10 21:01:15,2025-12-12 10:03:52
VA-VSC-03094,Phoenix (344),Inter-Facility Transfer,2025-11-29 16:00:00,2025-11-29 18:24:00,2025-11-29 23:41:44,2025-12-02 04:18:15
VA-VSC-03095,Waco (349),Priority Group Upgrade,2025-11-30 08:00:00,2025-12-06 20:38:08,2025-12-16 02:11:09,2025-12-17 16:44:33
VA-VSC-03096,Houston (362),Inter-Facility Transfer,2025-11-30 09:00:00,2025-12-01 02:11:12,2025-12-01 12:25:33,2025-12-01 17:25:18
VA-VSC-03097,Muskogee (351),New Enrollment,2025-11-30 11:00:00,2025-12-01 09:52:45,2025-12-01 23:29:36,2025-12-03 11:07:41
VA-VSC-03098,Waco (349),New Enrollment,2025-11-30 13:00:00,2025-12-06 21:55:50,2025-12-09 15:29:41,2025-12-25 20:24:47
VA-VSC-03099,Waco (349),New Enrollment,2025-11-30 14:00:00,2025-12-07 15:26:14,2025-12-15 22:52:48,2025-12-16 19:01:23
VA-VSC-03100,Waco (349),Priority Group Upgrade,2025-11-30 14:00:00,2025-12-08 12:15:05,2025-12-16 21:02:52,2025-12-18 20:06:05
VA-VSC-03101,Waco (349),Combat Veteran Auto-Enroll,2025-11-30 16:00:00,2025-12-06 06:55:24,2025-12-09 02:54:54,2025-12-10 05:08:33
VA-VSC-03102,St. Paul (335),Inter-Facility Transfer,2025-11-30 16:00:00,2025-12-03 01:19:23,2025-12-08 04:13:26,2025-12-10 22:25:23
VA-VSC-03103,Phoenix (344),New Enrollment,2025-12-01 08:00:00,2025-12-01 10:24:00,2025-12-01 15:36:30,2025-12-01 19:25:00
VA-VSC-03104,Waco (349),New Enrollment,2025-12-01 10:00:00,2025-12-05 00:32:39,2025-12-05 17:55:49,2025-12-06 13:45:56
VA-VSC-03105,Waco (349),Combat Veteran Auto-Enroll,2025-12-01 10:00:00,2025-12-06 02:00:16,2025-12-09 07:00:39,2025-12-11 04:52:50
VA-VSC-03106,Waco (349),Priority Group Upgrade,2025-12-01 12:00:00,2025-12-08 13:37:19,2025-12-15 06:14:53,2025-12-16 09:56:40
VA-VSC-03107,St. Paul (335),New Enrollment,2025-12-01 13:00:00,2025-12-03 17:24:20,2025-12-07 04:20:56,2025-12-08 10:47:40
VA-VSC-03108,Waco (349),Priority Group Upgrade,2025-12-01 13:00:00,2025-12-09 16:01:01,2025-12-22 18:50:01,2025-12-25 10:35:09
VA-VSC-03109,Houston (362),Priority Group Upgrade,2025-12-01 13:00:00,2025-12-01 15:24:00,2025-12-09 11:52:52,2025-12-09 19:51:31
VA-VSC-03110,Houston (362),Combat Veteran Auto-Enroll,2025-12-01 14:00:00,2025-12-01 18:35:39,2025-12-02 14:14:46,2025-12-02 22:28:01
VA-VSC-03111,Houston (362),Priority Group Upgrade,2025-12-01 15:00:00,2025-12-03 22:31:09,2025-12-11 21:35:04,2025-12-12 19:37:48
VA-VSC-03112,Waco (349),New Enrollment,2025-12-01 15:00:00,2025-12-06 02:28:56,2025-12-08 03:25:32,2025-12-11 09:20:42
VA-VSC-03113,St. Paul (335),Inter-Facility Transfer,2025-12-02 08:00:00,2025-12-03 06:36:50,2025-12-03 12:26:52,2025-12-06 14:38:50
VA-VSC-03114,Waco (349),Priority Group Upgrade,2025-12-02 09:00:00,2025-12-07 16:11:35,2025-12-15 06:39:59,2025-12-16 13:11:28
VA-VSC-03115,Waco (349),,2025-12-02 11:00:00,2025-12-09 08:43:34,2025-12-09 11:07:34,2025-12-09 15:18:45
VA-VSC-03116,Phoenix (344),New Enrollment,2025-12-02 12:00:00,2025-12-02 22:57:51,2025-12-03 04:14:32,2025-12-03 23:37:36
VA-VSC-03117,St. Paul (335),Priority Group Upgrade,2025-12-02 12:00:00,2025-12-02 21:28:45,2025-12-12 08:56:49,2025-12-14 19:03:45
VA-VSC-03118,Waco (349),New Enrollment,2025-12-02 13:00:00,2025-12-12 03:02:18,2025-12-14 01:26:17,2025-12-16 10:24:24
VA-VSC-03119,Waco (349),New Enrollment,2025-12-02 15:00:00,2025-12-08 12:50:06,2025-12-09 01:40:48,2025-12-11 18:33:51
VA-VSC-03120,Waco (349),Priority Group Upgrade,2025-12-02 15:00:00,2025-12-09 03:21:10,2025-12-17 21:05:42,2025-12-19 09:49:37
VA-VSC-03121,Waco (349),New Enrollment,2025-12-02 16:00:00,2025-12-07 09:03:27,2025-12-12 08:00:55,2025-12-20 11:33:47
VA-VSC-03122,Waco (349),Priority Group Upgrade,2025-12-02 16:00:00,2025-12-08 11:53:07,2025-12-16 00:08:03,2025-12-19 19:39:40
VA-VSC-03123,Waco (349),New Enrollment,2025-12-03 08:00:00,2025-12-10 03:25:16,2025-12-10 05:49:16,2025-12-10 17:16:37
VA-VSC-03124,Waco (349),Priority Group Upgrade,2025-12-03 13:00:00,2025-12-09 14:32:37,2025-12-19 04:47:28,2025-12-22 11:51:14
VA-VSC-03125,St. Paul (335),New Enrollment,2025-12-03 15:00:00,2025-12-04 05:34:46,2025-12-10 12:09:40,2025-12-19 12:08:47
VA-VSC-03126,Houston (362),New Enrollment,2025-12-03 16:00:00,2025-12-04 18:33:52,2025-12-06 15:02:13,2025-12-12 16:04:50
VA-VSC-03127,Houston (362),New Enrollment,2025-12-03 16:00:00,2025-12-04 09:12:50,2025-12-04 14:30:45,2025-12-06 19:34:32
VA-VSC-03128,Waco (349),Inter-Facility Transfer,2025-12-04 07:00:00,2025-12-12 07:11:54,2025-12-14 02:12:28,2025-12-17 08:15:52
VA-VSC-03129,Muskogee (351),Combat Veteran Auto-Enroll,2025-12-04 08:00:00,2025-12-04 13:19:39,2025-12-10 15:17:14,2025-12-11 23:54:30
VA-VSC-03130,Phoenix (344),New Enrollment,2025-12-04 09:00:00,2025-12-04 11:24:00,2025-12-09 03:20:03,2025-12-10 12:23:34
VA-VSC-03131,St. Paul (335),Combat Veteran Auto-Enroll,2025-12-04 16:00:00,2025-12-06 20:06:51,2025-12-08 00:44:15,2025-12-08 05:53:08
VA-VSC-03132,Phoenix (344),Priority Group Upgrade,2025-12-05 08:00:00,2025-12-06 11:31:57,2025-12-21 12:13:08,2025-12-21 14:37:08
VA-VSC-03133,Muskogee (351),,2025-12-05 10:00:00,2025-12-07 15:06:11,2025-12-08 00:46:09,2025-12-09 00:48:03
VA-VSC-03134,Waco (349),New Enrollment,2025-12-05 11:00:00,2025-12-12 13:20:11,2025-12-15 23:47:56,2025-12-17 09:30:10
VA-VSC-03135,Waco (349),Priority Group Upgrade,2025-12-05 12:00:00,2025-12-10 10:06:45,2025-12-17 10:27:06,2025-12-17 12:51:06
VA-VSC-03136,Houston (362),New Enrollment,2025-12-05 12:00:00,2025-12-08 00:07:27,2025-12-09 00:58:19,2025-12-09 13:00:37
VA-VSC-03137,St. Paul (335),New Enrollment,2025-12-05 13:00:00,2025-12-07 12:06:09,2025-12-08 00:39:08,2025-12-13 12:21:57
VA-VSC-03138,St. Paul (335),Inter-Facility Transfer,2025-12-05 14:00:00,2025-12-05 22:18:05,2025-12-06 04:54:38,2025-12-07 13:32:42
VA-VSC-03139,Waco (349),Priority Group Upgrade,2025-12-05 14:00:00,2025-12-12 21:23:36,2025-12-18 23:20:06,2025-12-20 08:13:30
VA-VSC-03140,Waco (349),New Enrollment,2025-12-05 15:00:00,2025-12-09 06:18:48,2025-12-09 11:33:14,2025-12-11 05:09:24
VA-VSC-03141,Waco (349),New Enrollment,2025-12-05 16:00:00,2025-12-12 06:02:29,2025-12-13 22:33:45,2025-12-14 22:35:09
VA-VSC-03142,Muskogee (351),Priority Group Upgrade,2025-12-06 07:00:00,2025-12-08 22:40:58,2025-12-14 06:02:08,2025-12-14 16:29:17
VA-VSC-03143,Houston (362),Priority Group Upgrade,2025-12-06 10:00:00,2025-12-06 12:48:46,2025-12-15 05:09:20,2025-12-17 22:22:26
VA-VSC-03144,Waco (349),New Enrollment,2025-12-06 10:00:00,2025-12-13 02:00:54,2025-12-13 09:03:10,2025-12-14 21:48:40
VA-VSC-03145,Waco (349),Inter-Facility Transfer,2025-12-06 10:00:00,2025-12-13 07:56:19,2025-12-14 02:06:45,2025-12-14 04:30:45
VA-VSC-03146,Waco (349),New Enrollment,2025-12-06 11:00:00,2025-12-12 05:37:08,2025-12-14 18:27:04,2025-12-16 09:23:23
VA-VSC-03147,Phoenix (344),New Enrollment,2025-12-06 12:00:00,2025-12-09 22:48:33,2025-12-13 13:09:02,2025-12-14 20:48:23
VA-VSC-03148,Houston (362),Inter-Facility Transfer,2025-12-06 13:00:00,2025-12-07 00:02:02,2025-12-08 09:10:15,2025-12-10 15:06:11
VA-VSC-03149,St. Paul (335),New Enrollment,2025-12-06 15:00:00,2025-12-07 10:52:04,2025-12-10 01:03:37,2025-12-10 10:46:52
VA-VSC-03150,Waco (349),,2025-12-07 08:00:00,2025-12-13 11:40:22,2025-12-15 05:25:01,2025-12-15 19:00:50
VA-VSC-03151,Houston (362),Priority Group Upgrade,2025-12-07 10:00:00,2025-12-08 14:18:54,2025-12-19 08:12:47,2025-12-21 21:44:09
VA-VSC-03152,Waco (349),Combat Veteran Auto-Enroll,2025-12-07 11:00:00,2025-12-12 06:29:14,2025-12-13 14:44:54,2025-12-13 22:06:40
VA-VSC-03153,St. Paul (335),New Enrollment,2025-12-07 15:00:00,2025-12-15 13:47:08,2025-12-16 00:57:56,2025-12-16 13:33:14
VA-VSC-03154,Waco (349),Inter-Facility Transfer,2025-12-07 16:00:00,2025-12-14 02:04:26,2025-12-15 03:49:27,2025-12-15 06:13:27
VA-VSC-03155,Waco (349),Combat Veteran Auto-Enroll,2025-12-08 07:00:00,2025-12-13 10:23:03,2025-12-15 22:22:07,2025-12-17 06:05:57
VA-VSC-03156,Houston (362),New Enrollment,2025-12-08 08:00:00,2025-12-08 16:24:23,2025-12-09 01:31:01,2025-12-15 09:22:06
VA-VSC-03157,Muskogee (351),Priority Group Upgrade,2025-12-08 08:00:00,2025-12-08 20:56:39,2025-12-13 06:04:35,2025-12-20 06:55:00
VA-VSC-03158,Waco (349),New Enrollment,2025-12-08 08:00:00,2025-12-14 22:20:48,2025-12-15 08:54:56,2025-12-16 10:09:07
VA-VSC-03159,Phoenix (344),New Enrollment,2025-12-08 08:00:00,2025-12-09 08:07:58,2025-12-10 11:41:15,2025-12-11 12:18:39
VA-VSC-03160,Waco (349),Combat Veteran Auto-Enroll,2025-12-08 08:00:00,2025-12-15 16:21:26,2025-12-16 15:26:14,2025-12-16 17:50:14
VA-VSC-03161,Waco (349),Inter-Facility Transfer,2025-12-08 09:00:00,2025-12-17 08:25:47,2025-12-17 12:45:10,2025-12-18 18:41:41
VA-VSC-03162,Waco (349),New Enrollment,2025-12-08 13:00:00,2025-12-14 23:56:50,2025-12-16 23:49:51,2025-12-17 06:35:24
VA-VSC-03163,Waco (349),New Enrollment,2025-12-08 13:00:00,2025-12-12 23:49:42,2025-12-15 14:51:07,2025-12-20 00:33:32
VA-VSC-03164,Waco (349),Priority Group Upgrade,2025-12-09 07:00:00,2025-12-15 10:08:13,2025-12-25 00:11:47,2025-12-26 13:28:01
VA-VSC-03165,Waco (349),New Enrollment,2025-12-09 08:00:00,2025-12-15 02:31:06,2025-12-16 05:14:04,2025-12-17 06:14:09
VA-VSC-03166,Waco (349),New Enrollment,2025-12-09 10:00:00,2025-12-15 16:01:07,2025-12-17 02:21:23,2025-12-27 05:31:22
VA-VSC-03167,Muskogee (351),New Enrollment,2025-12-09 12:00:00,2025-12-09 23:26:30,2025-12-13 02:52:01,2025-12-17 02:50:42
VA-VSC-03168,Waco (349),Priority Group Upgrade,2025-12-09 12:00:00,2025-12-12 13:14:58,2025-12-22 21:21:31,2025-12-23 05:14:42
VA-VSC-03169,St. Paul (335),New Enrollment,2025-12-09 12:00:00,2025-12-10 02:02:34,2025-12-11 05:16:50,2025-12-13 08:01:33
VA-VSC-03170,Waco (349),New Enrollment,2025-12-09 13:00:00,2025-12-13 22:09:18,2025-12-14 10:38:05,2025-12-15 16:17:33
VA-VSC-03171,Houston (362),Combat Veteran Auto-Enroll,2025-12-09 14:00:00,2025-12-09 22:55:45,2025-12-10 01:19:45,2025-12-10 05:40:52
VA-VSC-03172,Waco (349),Combat Veteran Auto-Enroll,2025-12-10 07:00:00,2025-12-18 04:00:59,2025-12-21 19:15:41,2025-12-22 03:11:19
VA-VSC-03173,Waco (349),Priority Group Upgrade,2025-12-10 09:00:00,2025-12-17 19:17:30,2025-12-25 19:44:38,2025-12-29 16:30:14
VA-VSC-03174,Waco (349),New Enrollment,2025-12-10 10:00:00,2025-12-15 16:49:43,2025-12-21 03:45:56,2025-12-22 07:40:50
VA-VSC-03175,Waco (349),Priority Group Upgrade,2025-12-10 12:00:00,2025-12-19 22:56:15,2025-12-28 19:37:56,2025-12-30 07:52:54
VA-VSC-03176,Waco (349),New Enrollment,2025-12-10 13:00:00,2025-12-17 22:35:53,2025-12-18 18:01:17,2025-12-21 21:29:35
VA-VSC-03177,Houston (362),New Enrollment,2025-12-10 13:00:00,2025-12-11 19:29:31,2025-12-14 05:34:53,2025-12-18 17:47:29
VA-VSC-03178,Phoenix (344),Priority Group Upgrade,2025-12-10 15:00:00,2025-12-12 07:02:06,2025-12-21 00:49:38,2025-12-27 17:23:44
VA-VSC-03179,St. Paul (335),New Enrollment,2025-12-11 09:00:00,2025-12-13 18:23:31,2025-12-16 07:12:43,2025-12-16 11:32:59
VA-VSC-03180,Houston (362),New Enrollment,2025-12-11 09:00:00,2025-12-11 16:52:01,2025-12-12 22:09:28,2025-12-15 09:30:11
VA-VSC-03181,Waco (349),New Enrollment,2025-12-11 13:00:00,2025-12-17 13:25:11,2025-12-17 16:56:49,2025-12-18 10:50:04
VA-VSC-03182,Waco (349),New Enrollment,2025-12-11 14:00:00,2025-12-19 23:02:04,2025-12-20 16:10:41,2025-12-21 14:32:58
VA-VSC-03183,Waco (349),New Enrollment,2025-12-11 15:00:00,2025-12-15 17:28:52,2025-12-16 10:26:52,2025-12-18 15:06:49
VA-VSC-03184,Waco (349),Inter-Facility Transfer,2025-12-11 16:00:00,2025-12-16 10:37:51,2025-12-17 09:32:38,2025-12-17 20:36:48
VA-VSC-03185,Waco (349),New Enrollment,2025-12-11 16:00:00,2025-12-17 12:21:20,2025-12-18 00:04:10,2025-12-19 20:29:55
VA-VSC-03186,Waco (349),New Enrollment,2025-12-11 16:00:00,2025-12-18 06:33:21,2025-12-22 01:09:28,2025-12-22 23:38:28
VA-VSC-03187,Waco (349),New Enrollment,2025-12-11 16:00:00,2025-12-17 11:08:45,2025-12-17 23:06:43,2025-12-18 23:51:21
VA-VSC-03188,Waco (349),Inter-Facility Transfer,2025-12-11 16:00:00,2025-12-16 04:58:13,2025-12-19 14:50:39,2025-12-20 09:07:01
VA-VSC-03189,Phoenix (344),Priority Group Upgrade,2025-12-12 07:00:00,2025-12-12 18:23:46,2025-12-22 07:24:24,2025-12-22 09:48:24
VA-VSC-03190,St. Paul (335),New Enrollment,2025-12-12 09:00:00,2025-12-13 19:44:37,2025-12-15 09:17:16,2025-12-17 14:25:05
VA-VSC-03191,Waco (349),Combat Veteran Auto-Enroll,2025-12-12 09:00:00,2025-12-18 13:47:32,2025-12-18 18:26:11,2025-12-20 05:53:01
VA-VSC-03192,Phoenix (344),New Enrollment,2025-12-12 10:00:00,2025-12-13 23:13:49,2025-12-15 11:37:25,2025-12-16 16:10:22
VA-VSC-03193,Muskogee (351),New Enrollment,2025-12-12 11:00:00,2025-12-12 13:24:00,2025-12-12 15:48:00,2025-12-12 21:52:41
VA-VSC-03194,Waco (349),New Enrollment,2025-12-12 12:00:00,2025-12-18 16:23:54,2025-12-18 20:54:16,2025-12-19 23:33:26
VA-VSC-03195,Waco (349),New Enrollment,2025-12-12 14:00:00,2025-12-19 11:30:00,2025-12-20 05:16:26,2025-12-21 15:38:43
VA-VSC-03196,Waco (349),New Enrollment,2025-12-12 14:00:00,2025-12-20 21:22:56,2025-12-22 00:59:14,2026-01-01 16:00:53
VA-VSC-03197,Muskogee (351),Priority Group Upgrade,2025-12-12 16:00:00,2025-12-16 23:12:21,2025-12-28 09:25:58,2025-12-29 08:37:57
VA-VSC-03198,Phoenix (344),New Enrollment,2025-12-13 11:00:00,2025-12-17 03:46:03,2025-12-17 09:14:22,2025-12-19 15:56:55
VA-VSC-03199,Waco (349),Priority Group Upgrade,2025-12-13 11:00:00,2025-12-17 05:47:58,2025-12-23 06:07:12,2025-12-26 06:39:14
VA-VSC-03200,Waco (349),New Enrollment,2025-12-13 12:00:00,2025-12-19 05:30:07,2025-12-19 13:17:10,2025-12-23 05:55:51
VA-VSC-03201,Houston (362),New Enrollment,2025-12-13 13:00:00,2025-12-13 23:11:29,2025-12-15 12:21:55,2025-12-15 17:29:05
VA-VSC-03202,Waco (349),New Enrollment,2025-12-13 13:00:00,2025-12-17 18:54:16,2025-12-18 09:33:42,2025-12-22 17:01:07
VA-VSC-03203,Waco (349),Inter-Facility Transfer,2025-12-13 14:00:00,2025-12-18 19:55:35,2025-12-21 11:39:09,2025-12-21 20:27:44
VA-VSC-03204,Phoenix (344),New Enrollment,2025-12-13 15:00:00,2025-12-18 22:53:54,2025-12-19 01:17:54,2025-12-20 06:58:33
VA-VSC-03205,Houston (362),Priority Group Upgrade,2025-12-13 15:00:00,2025-12-14 05:03:02,2025-12-19 12:21:11,2025-12-20 07:42:35
VA-VSC-03206,Phoenix (344),New Enrollment,2025-12-13 16:00:00,2025-12-16 08:54:46,2025-12-16 11:18:46,2025-12-19 10:53:39
VA-VSC-03207,Phoenix (344),New Enrollment,2025-12-14 07:00:00,2025-12-14 15:23:53,2025-12-15 08:47:57,2025-12-16 10:57:30
VA-VSC-03208,St. Paul (335),New Enrollment,2025-12-14 12:00:00,2025-12-14 22:28:03,2025-12-15 02:00:13,2025-12-15 07:49:53
VA-VSC-03209,Waco (349),New Enrollment,2025-12-14 15:00:00,2025-12-19 04:34:26,2025-12-21 18:40:13,2025-12-22 01:36:40
VA-VSC-03210,Houston (362),New Enrollment,2025-12-14 15:00:00,2025-12-17 04:54:26,2025-12-18 01:02:17,2025-12-18 10:04:54
VA-VSC-03211,Waco (349),New Enrollment,2025-12-14 15:00:00,2025-12-25 22:28:38,2025-12-26 05:28:26,2025-12-27 21:43:10
VA-VSC-03212,Houston (362),Combat Veteran Auto-Enroll,2025-12-14 16:00:00,2025-12-15 16:15:30,2025-12-16 09:03:10,2025-12-22 10:17:56
VA-VSC-03213,Waco (349),New Enrollment,2025-12-14 16:00:00,2025-12-20 23:47:45,2025-12-23 15:32:53,2025-12-30 23:00:47
VA-VSC-03214,Houston (362),Priority Group Upgrade,2025-12-15 07:00:00,2025-12-17 00:45:47,2025-12-23 23:25:21,2025-12-24 09:33:27
VA-VSC-03215,Waco (349),New Enrollment,2025-12-15 10:00:00,2025-12-21 00:26:55,2025-12-24 22:02:42,2025-12-25 07:04:03
VA-VSC-03216,Waco (349),Priority Group Upgrade,2025-12-15 10:00:00,2025-12-21 22:19:40,2025-12-29 07:40:04,2026-01-05 07:22:44
VA-VSC-03217,Waco (349),Priority Group Upgrade,2025-12-15 10:00:00,2025-12-19 21:59:00,2025-12-30 03:42:18,2025-12-30 06:06:18
VA-VSC-03218,Waco (349),New Enrollment,2025-12-15 11:00:00,2025-12-20 02:32:23,2025-12-20 16:58:22,2025-12-24 19:45:13
VA-VSC-03219,St. Paul (335),New Enrollment,2025-12-15 12:00:00,2025-12-18 11:47:48,2025-12-22 22:13:18,2025-12-23 13:29:45
VA-VSC-03220,St. Paul (335),Priority Group Upgrade,2025-12-15 12:00:00,2025-12-18 10:09:51,2025-12-26 05:49:53,2025-12-26 13:52:15
VA-VSC-03221,Waco (349),Combat Veteran Auto-Enroll,2025-12-15 12:00:00,2025-12-22 03:52:59,2025-12-24 03:29:53,2025-12-27 06:15:29
VA-VSC-03222,Waco (349),New Enrollment,2025-12-15 13:00:00,2025-12-21 00:46:27,2025-12-22 12:23:51,2025-12-22 21:51:22
VA-VSC-03223,Waco (349),New Enrollment,2025-12-16 10:00:00,2025-12-22 01:17:24,2025-12-22 08:44:40,2025-12-24 13:01:06
VA-VSC-03224,Waco (349),Combat Veteran Auto-Enroll,2025-12-16 10:00:00,2025-12-21 03:48:44,2025-12-23 03:47:53,2025-12-23 19:37:07
VA-VSC-03225,Waco (349),New Enrollment,2025-12-16 11:00:00,2025-12-23 01:18:43,2025-12-27 19:15:49,2025-12-29 18:45:27
VA-VSC-03226,Phoenix (344),Priority Group Upgrade,2025-12-16 12:00:00,2025-12-16 14:24:00,2025-12-30 05:07:10,2025-12-30 13:18:35
VA-VSC-03227,Waco (349),New Enrollment,2025-12-16 12:00:00,2025-12-23 23:41:43,2025-12-24 06:43:18,2025-12-24 16:06:47
VA-VSC-03228,Waco (349),New Enrollment,2025-12-16 13:00:00,2025-12-20 21:14:30,2025-12-23 23:30:19,2025-12-25 05:32:30
VA-VSC-03229,Waco (349),Priority Group Upgrade,2025-12-16 14:00:00,2025-12-21 15:40:52,2025-12-27 09:06:29,2025-12-28 20:56:34
VA-VSC-03230,Waco (349),Priority Group Upgrade,2025-12-16 14:00:00,2025-12-26 23:39:43,2026-01-04 19:52:36,2026-01-06 13:19:27
VA-VSC-03231,Waco (349),New Enrollment,2025-12-16 14:00:00,2025-12-20 21:51:30,2025-12-21 05:23:11,2025-12-24 10:55:43
VA-VSC-03232,Houston (362),Priority Group Upgrade,2025-12-16 15:00:00,2025-12-16 20:49:40,2025-12-22 06:55:25,2025-12-29 07:37:46
VA-VSC-03233,Waco (349),Combat Veteran Auto-Enroll,2025-12-16 16:00:00,2025-12-22 08:10:17,2025-12-24 22:36:09,2025-12-25 19:24:10
VA-VSC-03234,Waco (349),Priority Group Upgrade,2025-12-16 16:00:00,2025-12-22 13:26:09,2026-01-02 02:38:44,2026-01-03 12:01:49
VA-VSC-03235,Waco (349),New Enrollment,2025-12-17 08:00:00,2025-12-24 06:13:47,2025-12-25 23:59:41,2025-12-26 08:49:38
VA-VSC-03236,Waco (349),Priority Group Upgrade,2025-12-17 09:00:00,2025-12-22 07:57:02,2025-12-31 14:51:29,2026-01-03 19:03:47
VA-VSC-03237,Waco (349),Priority Group Upgrade,2025-12-17 10:00:00,2025-12-24 01:27:22,2026-01-01 07:52:05,2026-01-02 08:00:34
VA-VSC-03238,Muskogee (351),Combat Veteran Auto-Enroll,2025-12-17 11:00:00,2025-12-17 16:40:12,2025-12-18 18:41:41,2025-12-19 00:45:52
VA-VSC-03239,Houston (362),Priority Group Upgrade,2025-12-17 12:00:00,2025-12-17 21:26:20,2025-12-26 14:00:17,2025-12-26 17:53:21
VA-VSC-03240,Houston (362),New Enrollment,2025-12-17 13:00:00,2025-12-18 20:16:12,2025-12-22 07:27:23,2025-12-29 06:46:26
VA-VSC-03241,Waco (349),Priority Group Upgrade,2025-12-17 15:00:00,2025-12-22 19:49:03,2025-12-29 19:16:51,2026-01-04 00:29:56
VA-VSC-03242,Waco (349),Priority Group Upgrade,2025-12-17 16:00:00,2025-12-24 18:11:19,2025-12-31 14:41:56,2026-01-06 00:59:38
VA-VSC-03243,Waco (349),New Enrollment,2025-12-17 16:00:00,2025-12-22 05:25:00,2025-12-22 19:38:00,2025-12-23 11:32:56
VA-VSC-03244,Houston (362),New Enrollment,2025-12-18 09:00:00,2025-12-19 03:56:32,2025-12-19 07:15:50,2025-12-22 13:04:35
VA-VSC-03245,St. Paul (335),New Enrollment,2025-12-18 09:00:00,2025-12-19 03:54:46,2025-12-21 17:49:38,2025-12-25 05:22:43
VA-VSC-03246,Waco (349),,2025-12-18 12:00:00,2025-12-27 05:42:50,2026-01-01 21:59:54,2026-01-06 18:14:56
VA-VSC-03247,Waco (349),New Enrollment,2025-12-18 12:00:00,2025-12-25 08:19:41,2025-12-25 10:43:41,2025-12-25 13:07:41
VA-VSC-03248,Waco (349),Priority Group Upgrade,2025-12-18 15:00:00,2025-12-24 22:39:19,2026-01-01 21:17:42,2026-01-08 13:18:32
VA-VSC-03249,Phoenix (344),Inter-Facility Transfer,2025-12-18 16:00:00,2025-12-18 18:24:00,2025-12-19 08:32:26,2025-12-20 06:50:59
VA-VSC-03250,Houston (362),Combat Veteran Auto-Enroll,2025-12-18 16:00:00,2025-12-19 10:52:54,2025-12-19 17:32:31,2025-12-21 10:53:55
VA-VSC-03251,Waco (349),Inter-Facility Transfer,2025-12-19 08:00:00,2025-12-27 06:25:15,2025-12-31 16:22:19,2026-01-06 04:27:52
VA-VSC-03252,Waco (349),Inter-Facility Transfer,2025-12-19 10:00:00,2025-12-25 16:02:49,2025-12-26 01:08:43,2025-12-30 16:00:50
VA-VSC-03253,Houston (362),New Enrollment,2025-12-19 10:00:00,2025-12-20 20:35:40,2025-12-21 04:09:18,2025-12-22 20:41:20
VA-VSC-03254,Waco (349),Priority Group Upgrade,2025-12-19 13:00:00,2025-12-27 20:25:21,2026-01-05 03:00:26,2026-01-05 12:52:29
VA-VSC-03255,Waco (349),New Enrollment,2025-12-19 13:00:00,2025-12-24 22:44:16,2025-12-25 09:56:51,2025-12-29 20:35:37
VA-VSC-03256,Waco (349),Combat Veteran Auto-Enroll,2025-12-19 14:00:00,2025-12-25 22:33:29,2025-12-26 19:51:42,2025-12-27 05:26:16
VA-VSC-03257,Houston (362),New Enrollment,2025-12-20 07:00:00,2025-12-20 11:26:07,2025-12-21 05:24:47,2025-12-21 10:25:16
VA-VSC-03258,Waco (349),Inter-Facility Transfer,2025-12-20 07:00:00,2025-12-29 17:25:01,2025-12-29 19:49:01,2025-12-30 20:26:47
VA-VSC-03259,Waco (349),Priority Group Upgrade,2025-12-20 08:00:00,2025-12-24 13:23:29,2026-01-01 07:56:21,2026-01-04 07:08:07
VA-VSC-03260,Phoenix (344),Combat Veteran Auto-Enroll,2025-12-20 09:00:00,2025-12-20 12:01:05,2025-12-20 15:21:17,2025-12-23 06:29:15
VA-VSC-03261,Waco (349),New Enrollment,2025-12-20 12:00:00,2025-12-26 03:33:25,2025-12-27 00:53:56,2026-01-03 13:10:59
VA-VSC-03262,Waco (349),New Enrollment,2025-12-20 14:00:00,2025-12-29 06:48:15,2026-01-01 02:17:31,2026-01-05 00:55:48
VA-VSC-03263,Waco (349),Combat Veteran Auto-Enroll,2025-12-20 14:00:00,2025-12-26 23:21:18,2026-01-05 16:10:10,2026-01-06 07:54:45
VA-VSC-03264,Waco (349),New Enrollment,2025-12-20 14:00:00,2025-12-24 15:05:54,2025-12-25 03:01:40,2025-12-25 08:44:00
VA-VSC-03265,St. Paul (335),Combat Veteran Auto-Enroll,2025-12-20 14:00:00,2025-12-21 15:12:20,2025-12-22 20:39:10,2025-12-24 10:09:44
VA-VSC-03266,Waco (349),New Enrollment,2025-12-20 15:00:00,2025-12-26 20:41:04,2025-12-27 17:34:10,2025-12-31 01:47:37
VA-VSC-03267,Waco (349),Priority Group Upgrade,2025-12-20 16:00:00,2025-12-26 15:25:28,2026-01-04 12:45:32,2026-01-05 21:26:29
VA-VSC-03268,Houston (362),New Enrollment,2025-12-20 16:00:00,2025-12-20 19:02:27,2025-12-23 19:10:32,2025-12-27 08:48:59
VA-VSC-03269,Houston (362),Priority Group Upgrade,2025-12-21 07:00:00,2025-12-22 23:20:54,2026-01-02 09:46:08,2026-01-05 05:46:55
VA-VSC-03270,Houston (362),Priority Group Upgrade,2025-12-21 07:00:00,2025-12-23 20:05:24,2026-01-02 06:39:38,2026-01-03 11:45:29
VA-VSC-03271,Waco (349),New Enrollment,2025-12-21 08:00:00,2025-12-31 00:42:01,2025-12-31 04:33:06,2025-12-31 09:42:22
VA-VSC-03272,Waco (349),New Enrollment,2025-12-21 09:00:00,2025-12-27 09:17:13,2025-12-28 08:17:28,2025-12-28 13:02:55
VA-VSC-03273,St. Paul (335),New Enrollment,2025-12-21 10:00:00,2025-12-22 12:32:26,2025-12-25 10:04:51,2025-12-28 02:18:23
VA-VSC-03274,Waco (349),Priority Group Upgrade,2025-12-21 11:00:00,2025-12-27 17:33:07,2026-01-12 14:04:48,2026-01-14 18:16:45
VA-VSC-03275,Phoenix (344),Priority Group Upgrade,2025-12-21 11:00:00,2025-12-26 21:59:42,2026-01-07 11:49:44,2026-01-08 23:00:06
VA-VSC-03276,Phoenix (344),Priority Group Upgrade,2025-12-21 12:00:00,2025-12-22 13:41:36,2025-12-28 13:32:47,2025-12-29 09:42:39
VA-VSC-03277,Phoenix (344),Priority Group Upgrade,2025-12-21 14:00:00,2025-12-22 06:07:29,2025-12-29 01:27:13,2026-01-01 17:12:11
VA-VSC-03278,Waco (349),New Enrollment,2025-12-22 07:00:00,2025-12-28 01:48:09,2025-12-28 04:12:09,2025-12-28 06:36:09
VA-VSC-03279,Waco (349),New Enrollment,2025-12-22 09:00:00,2025-12-29 02:02:07,2025-12-31 11:51:11,2026-01-05 04:42:43
VA-VSC-03280,St. Paul (335),New Enrollment,2025-12-22 09:00:00,2025-12-23 20:15:41,2025-12-28 10:17:12,2026-01-02 07:27:29
VA-VSC-03281,Waco (349),New Enrollment,2025-12-22 11:00:00,2025-12-25 09:27:44,2025-12-25 19:43:51,2025-12-25 22:08:59
VA-VSC-03282,Waco (349),Inter-Facility Transfer,2025-12-22 11:00:00,2025-12-28 12:57:16,2025-12-30 09:34:45,2025-12-31 03:16:15
VA-VSC-03283,Phoenix (344),Combat Veteran Auto-Enroll,2025-12-22 13:00:00,2025-12-30 06:04:35,2025-12-30 08:28:35,2025-12-30 14:02:33
VA-VSC-03284,Phoenix (344),New Enrollment,2025-12-22 13:00:00,2025-12-22 23:20:46,2025-12-23 01:44:46,2025-12-26 02:56:14
VA-VSC-03285,Waco (349),Priority Group Upgrade,2025-12-22 13:00:00,2025-12-28 23:20:23,2026-01-07 15:37:32,2026-01-07 18:13:03
VA-VSC-03286,Waco (349),Combat Veteran Auto-Enroll,2025-12-22 13:00:00,2025-12-30 17:30:25,2025-12-31 12:46:45,2026-01-07 12:59:47
VA-VSC-03287,Waco (349),New Enrollment,2025-12-22 14:00:00,2025-12-27 17:24:00,2025-12-28 12:45:09,2025-12-31 18:40:57
VA-VSC-03288,St. Paul (335),New Enrollment,2025-12-22 15:00:00,2025-12-23 21:46:43,2025-12-24 15:36:07,2025-12-24 22:36:51
VA-VSC-03289,Phoenix (344),New Enrollment,2025-12-22 16:00:00,2025-12-22 18:24:00,2025-12-25 02:12:55,2025-12-27 08:17:55
VA-VSC-03290,Waco (349),Priority Group Upgrade,2025-12-23 07:00:00,2025-12-28 00:44:42,2026-01-07 18:05:39,2026-01-08 19:29:25
VA-VSC-03291,Waco (349),Inter-Facility Transfer,2025-12-23 09:00:00,2025-12-30 23:16:39,2026-01-01 01:02:22,2026-01-03 07:49:40
VA-VSC-03292,Phoenix (344),Priority Group Upgrade,2025-12-23 10:00:00,2025-12-24 01:22:31,2025-12-29 11:46:43,2025-12-30 02:04:23
VA-VSC-03293,Waco (349),New Enrollment,2025-12-23 10:00:00,2025-12-28 05:11:11,2025-12-29 13:09:22,2026-01-02 13:04:22
VA-VSC-03294,Waco (349),New Enrollment,2025-12-23 12:00:00,2025-12-27 13:04:39,2025-12-27 20:55:56,2025-12-29 02:31:33
VA-VSC-03295,Muskogee (351),Combat Veteran Auto-Enroll,2025-12-23 13:00:00,2025-12-23 15:24:00,2025-12-24 17:45:05,2025-12-28 03:43:08
VA-VSC-03296,Waco (349),Combat Veteran Auto-Enroll,2025-12-23 14:00:00,2025-12-29 06:35:14,2025-12-29 22:03:37,2026-01-01 02:20:31
VA-VSC-03297,Houston (362),Priority Group Upgrade,2025-12-24 09:00:00,2025-12-24 13:02:07,2025-12-26 19:50:21,2025-12-28 08:38:40
VA-VSC-03298,Waco (349),Priority Group Upgrade,2025-12-24 10:00:00,2025-12-31 21:42:40,2026-01-05 18:51:54,2026-01-07 10:56:51
VA-VSC-03299,Waco (349),New Enrollment,2025-12-24 11:00:00,2025-12-31 20:15:58,2026-01-01 11:52:03,2026-01-03 08:17:06
VA-VSC-03300,St. Paul (335),Combat Veteran Auto-Enroll,2025-12-24 12:00:00,2025-12-26 02:43:47,2025-12-28 16:21:22,2025-12-29 18:13:19
VA-VSC-03301,Waco (349),Combat Veteran Auto-Enroll,2025-12-24 12:00:00,2026-01-01 03:31:20,2026-01-04 20:47:16,2026-01-09 22:31:12
VA-VSC-03302,Muskogee (351),New Enrollment,2025-12-24 12:00:00,2025-12-25 09:50:17,2025-12-25 17:07:23,2025-12-25 23:27:27
VA-VSC-03303,Houston (362),Priority Group Upgrade,2025-12-24 13:00:00,2025-12-25 08:09:04,2026-01-03 12:28:42,2026-01-05 05:46:36
VA-VSC-03304,Waco (349),New Enrollment,2025-12-24 13:00:00,2025-12-29 11:03:26,2025-12-30 13:54:14,2025-12-30 16:18:14
VA-VSC-03305,Waco (349),New Enrollment,2025-12-24 13:00:00,2025-12-28 15:21:40,2025-12-30 03:40:32,2026-01-01 06:22:07
VA-VSC-03306,Waco (349),New Enrollment,2025-12-24 15:00:00,2025-12-29 20:47:04,2026-01-02 15:22:15,2026-01-05 20:44:33
VA-VSC-03307,Waco (349),New Enrollment,2025-12-24 16:00:00,2025-12-28 18:40:37,2025-12-29 10:06:12,2026-01-01 19:47:13
VA-VSC-03308,Waco (349),New Enrollment,2025-12-24 16:00:00,2025-12-31 03:32:13,2025-12-31 22:51:27,2026-01-02 01:40:25
VA-VSC-03309,Waco (349),New Enrollment,2025-12-24 16:00:00,2025-12-29 22:54:30,2025-12-30 02:49:06,2026-01-01 00:59:11
VA-VSC-03310,Waco (349),Priority Group Upgrade,2025-12-25 08:00:00,2025-12-29 23:51:29,2026-01-03 07:14:09,2026-01-04 09:56:10
VA-VSC-03311,St. Paul (335),Priority Group Upgrade,2025-12-25 08:00:00,2025-12-25 16:39:38,2026-01-03 13:19:44,2026-01-05 04:46:26
VA-VSC-03312,Houston (362),New Enrollment,2025-12-25 09:00:00,2025-12-27 08:53:02,2025-12-27 20:39:55,2025-12-30 14:57:57
VA-VSC-03313,St. Paul (335),New Enrollment,2025-12-25 10:00:00,2025-12-27 13:26:43,2025-12-27 23:23:15,2026-01-06 18:12:37
VA-VSC-03314,Waco (349),Priority Group Upgrade,2025-12-25 10:00:00,2025-12-29 09:23:33,2026-01-06 06:13:09,2026-01-09 06:54:07
VA-VSC-03315,Waco (349),New Enrollment,2025-12-25 11:00:00,2025-12-31 20:12:34,2026-01-05 15:23:20,2026-01-06 22:14:57
VA-VSC-03316,Houston (362),New Enrollment,2025-12-25 12:00:00,2025-12-29 18:04:25,2025-12-30 13:10:03,2025-12-31 00:58:43
VA-VSC-03317,Waco (349),Combat Veteran Auto-Enroll,2025-12-26 07:00:00,2025-12-30 03:01:42,2025-12-31 16:48:13,2026-01-01 22:12:00
VA-VSC-03318,Waco (349),Priority Group Upgrade,2025-12-26 07:00:00,2026-01-02 23:48:16,2026-01-15 11:22:00,2026-01-16 20:37:18
VA-VSC-03319,St. Paul (335),Combat Veteran Auto-Enroll,2025-12-26 07:00:00,2025-12-26 18:51:41,2025-12-29 07:50:37,2025-12-29 10:39:09
VA-VSC-03320,St. Paul (335),Priority Group Upgrade,2025-12-26 08:00:00,2025-12-26 19:37:39,2025-12-31 22:16:01,2026-01-01 02:32:51
VA-VSC-03321,Waco (349),New Enrollment,2025-12-26 09:00:00,2025-12-30 16:40:46,2025-12-31 10:11:59,2026-01-04 12:40:46
VA-VSC-03322,Waco (349),Priority Group Upgrade,2025-12-26 11:00:00,2026-01-02 06:07:59,2026-01-08 05:58:54,2026-01-11 11:08:15
VA-VSC-03323,St. Paul (335),New Enrollment,2025-12-26 11:00:00,2025-12-27 18:57:23,2025-12-28 12:50:33,2025-12-29 18:41:59
VA-VSC-03324,Houston (362),New Enrollment,2025-12-26 11:00:00,2025-12-29 12:18:35,2025-12-30 04:22:26,2026-01-01 01:48:47
VA-VSC-03325,St. Paul (335),New Enrollment,2025-12-26 11:00:00,2025-12-27 00:00:36,2025-12-27 03:35:34,2025-12-28 08:35:51
VA-VSC-03326,St. Paul (335),Combat Veteran Auto-Enroll,2025-12-26 12:00:00,2025-12-27 14:10:42,2025-12-28 09:01:16,2025-12-29 08:47:59
VA-VSC-03327,St. Paul (335),,2025-12-26 12:00:00,2025-12-28 13:26:48,2025-12-28 15:50:48,2025-12-29 08:39:55
VA-VSC-03328,Waco (349),Inter-Facility Transfer,2025-12-26 12:00:00,2026-01-03 02:20:46,2026-01-06 21:30:42,2026-01-07 23:01:32
VA-VSC-03329,Waco (349),Combat Veteran Auto-Enroll,2025-12-26 12:00:00,2026-01-02 23:31:37,2026-01-03 07:30:43,2026-01-03 19:31:33
VA-VSC-03330,Houston (362),Priority Group Upgrade,2025-12-26 13:00:00,2025-12-28 06:16:31,2026-01-04 00:20:15,2026-01-05 05:31:27
VA-VSC-03331,Houston (362),Priority Group Upgrade,2025-12-26 15:00:00,2025-12-27 16:16:09,2026-01-07 05:15:10,2026-01-07 09:48:09
VA-VSC-03332,St. Paul (335),Priority Group Upgrade,2025-12-26 16:00:00,2025-12-26 22:54:40,2026-01-05 11:02:32,2026-01-07 20:31:05
VA-VSC-03333,Waco (349),Combat Veteran Auto-Enroll,2025-12-27 08:00:00,2026-01-05 04:06:39,2026-01-05 13:35:43,2026-01-07 10:17:02
VA-VSC-03334,Waco (349),New Enrollment,2025-12-27 08:00:00,2026-01-02 01:40:18,2026-01-03 18:08:00,2026-01-04 09:00:17
VA-VSC-03335,Phoenix (344),Combat Veteran Auto-Enroll,2025-12-27 10:00:00,2025-12-28 00:12:32,2025-12-28 16:46:49,2025-12-30 22:17:30
VA-VSC-03336,St. Paul (335),Priority Group Upgrade,2025-12-27 11:00:00,2025-12-27 13:43:26,2026-01-02 23:47:35,2026-01-03 10:32:01
VA-VSC-03337,Phoenix (344),Inter-Facility Transfer,2025-12-27 12:00:00,2025-12-28 14:54:07,2025-12-30 14:19:41,2026-01-01 18:09:14
VA-VSC-03338,St. Paul (335),,2025-12-27 13:00:00,2025-12-28 07:34:04,2026-01-03 08:38:31,2026-01-09 17:58:15
VA-VSC-03339,Houston (362),Priority Group Upgrade,2025-12-27 14:00:00,2025-12-27 19:17:58,2026-01-03 01:27:06,2026-01-07 22:36:00
VA-VSC-03340,Houston (362),Combat Veteran Auto-Enroll,2025-12-27 14:00:00,2025-12-28 00:55:46,2025-12-28 03:19:46,2025-12-30 00:52:02
VA-VSC-03341,Phoenix (344),Combat Veteran Auto-Enroll,2025-12-27 14:00:00,2025-12-28 17:20:24,2025-12-30 15:52:52,2025-12-30 18:16:52
VA-VSC-03342,Houston (362),Priority Group Upgrade,2025-12-27 15:00:00,2025-12-29 16:02:34,2026-01-08 08:15:14,2026-01-08 15:32:35
VA-VSC-03343,Houston (362),New Enrollment,2025-12-27 15:00:00,2025-12-28 03:18:05,2025-12-29 15:56:01,2025-12-31 00:48:11
VA-VSC-03344,Waco (349),Priority Group Upgrade,2025-12-27 16:00:00,2026-01-01 13:43:01,2026-01-07 12:31:17,2026-01-10 13:31:06
VA-VSC-03345,Waco (349),Inter-Facility Transfer,2025-12-28 07:00:00,2026-01-07 10:59:58,2026-01-08 21:05:43,2026-01-10 17:38:47
VA-VSC-03346,St. Paul (335),Combat Veteran Auto-Enroll,2025-12-28 08:00:00,2025-12-29 10:31:00,2026-01-03 14:14:04,2026-01-04 02:20:38
VA-VSC-03347,Waco (349),Combat Veteran Auto-Enroll,2025-12-28 11:00:00,2026-01-01 23:16:39,2026-01-02 01:40:39,2026-01-04 05:12:25
VA-VSC-03348,Waco (349),New Enrollment,2025-12-28 12:00:00,2026-01-02 23:27:00,2026-01-03 03:41:43,2026-01-04 01:27:32
VA-VSC-03349,Waco (349),Priority Group Upgrade,2025-12-28 14:00:00,2026-01-05 04:56:12,2026-01-12 20:48:40,2026-01-12 23:12:40
VA-VSC-03350,Waco (349),Priority Group Upgrade,2025-12-28 16:00:00,2026-01-10 21:35:03,2026-01-20 09:35:15,2026-01-21 20:36:35
VA-VSC-03351,Waco (349),Combat Veteran Auto-Enroll,2025-12-28 16:00:00,2026-01-04 02:48:05,2026-01-05 06:00:07,2026-01-06 20:58:28
VA-VSC-03352,Waco (349),New Enrollment,2025-12-29 08:00:00,2026-01-04 10:10:04,2026-01-04 17:16:35,2026-01-05 05:24:37
VA-VSC-03353,Phoenix (344),Combat Veteran Auto-Enroll,2025-12-29 09:00:00,2025-12-30 18:41:40,2026-01-01 01:16:23,2026-01-03 09:22:59
VA-VSC-03354,Waco (349),Priority Group Upgrade,2025-12-29 09:00:00,2026-01-08 21:24:43,2026-01-17 18:22:18,2026-01-20 06:12:34
VA-VSC-03355,Waco (349),New Enrollment,2025-12-29 11:00:00,2026-01-05 11:28:52,2026-01-08 23:11:58,2026-01-09 01:35:58
VA-VSC-03356,Waco (349),New Enrollment,2025-12-29 11:00:00,2026-01-02 02:54:02,2026-01-02 08:04:37,2026-01-03 13:07:20
VA-VSC-03357,Houston (362),New Enrollment,2025-12-29 14:00:00,2025-12-31 03:01:05,2025-12-31 14:20:10,2026-01-04 10:39:35
VA-VSC-03358,Waco (349),Priority Group Upgrade,2025-12-29 14:00:00,2026-01-03 21:12:00,2026-01-09 15:58:20,2026-01-11 14:41:59
VA-VSC-03359,Phoenix (344),New Enrollment,2025-12-29 15:00:00,2025-12-31 20:55:39,2026-01-02 05:44:24,2026-01-06 07:37:08
VA-VSC-03360,Houston (362),New Enrollment,2025-12-29 16:00:00,2026-01-01 02:14:21,2026-01-02 06:39:37,2026-01-07 02:39:37
VA-VSC-03361,St. Paul (335),Combat Veteran Auto-Enroll,2025-12-30 07:00:00,2026-01-01 13:19:58,2026-01-06 07:33:41,2026-01-10 02:46:59
VA-VSC-03362,Waco (349),New Enrollment,2025-12-30 10:00:00,2026-01-06 18:45:17,2026-01-07 17:34:01,2026-01-08 05:00:18
VA-VSC-03363,Houston (362),New Enrollment,2025-12-30 11:00:00,2026-01-02 08:34:35,2026-01-04 06:43:57,2026-01-04 22:37:02
VA-VSC-03364,Waco (349),Priority Group Upgrade,2025-12-30 11:00:00,2026-01-04 03:46:55,2026-01-14 09:48:21,2026-01-15 16:59:36
VA-VSC-03365,Muskogee (351),Priority Group Upgrade,2025-12-30 12:00:00,2025-12-31 08:24:23,2026-01-11 16:05:49,2026-01-14 10:51:56
VA-VSC-03366,Houston (362),Combat Veteran Auto-Enroll,2025-12-30 13:00:00,2025-12-30 17:38:52,2025-12-31 10:23:35,2026-01-04 12:25:35
VA-VSC-03367,Waco (349),New Enrollment,2025-12-30 13:00:00,2026-01-08 17:40:33,2026-01-09 15:27:55,2026-01-09 19:26:32
VA-VSC-03368,Waco (349),Combat Veteran Auto-Enroll,2025-12-30 13:00:00,2026-01-07 22:26:26,2026-01-08 07:59:20,2026-01-08 21:05:47
VA-VSC-03369,Waco (349),Priority Group Upgrade,2025-12-31 07:00:00,2026-01-05 07:59:02,2026-01-15 07:31:46,2026-01-17 05:58:13
VA-VSC-03370,Houston (362),New Enrollment,2025-12-31 10:00:00,2026-01-01 14:29:25,2026-01-05 13:41:32,2026-01-06 05:52:46
VA-VSC-03371,Waco (349),New Enrollment,2025-12-31 12:00:00,2026-01-05 23:07:30,2026-01-07 01:17:16,2026-01-08 11:23:33
VA-VSC-03372,Houston (362),New Enrollment,2025-12-31 13:00:00,2025-12-31 20:23:45,2026-01-02 15:41:52,2026-01-02 18:05:52
VA-VSC-03373,Waco (349),New Enrollment,2025-12-31 13:00:00,2026-01-07 12:24:22,2026-01-08 10:24:04,2026-01-10 18:27:52
VA-VSC-03374,Houston (362),Priority Group Upgrade,2025-12-31 14:00:00,2026-01-01 01:44:09,2026-01-13 12:14:41,2026-01-13 15:28:10
VA-VSC-03375,St. Paul (335),Priority Group Upgrade,2025-12-31 14:00:00,2026-01-01 23:09:22,2026-01-10 09:01:26,2026-01-13 19:54:28
VA-VSC-03376,St. Paul (335),New Enrollment,2025-12-31 15:00:00,2025-12-31 17:51:59,2026-01-03 08:04:31,2026-01-03 19:38:10
VA-VSC-03377,St. Paul (335),New Enrollment,2025-12-31 15:00:00,2025-12-31 17:24:00,2026-01-01 02:14:25,2026-01-02 09:33:46
VA-VSC-03378,Waco (349),New Enrollment,2026-01-01 07:00:00,2026-01-08 16:02:05,2026-01-09 00:54:59,2026-01-09 06:40:21
VA-VSC-03379,Waco (349),Priority Group Upgrade,2026-01-01 08:00:00,2026-01-08 07:41:23,2026-01-24 04:33:45,2026-01-26 00:38:57
VA-VSC-03380,Houston (362),New Enrollment,2026-01-01 08:00:00,2026-01-03 03:54:57,2026-01-08 17:53:34,2026-01-10 07:35:57
VA-VSC-03381,Waco (349),Priority Group Upgrade,2026-01-01 10:00:00,2026-01-07 09:39:46,2026-01-14 21:37:25,2026-01-21 21:30:21
VA-VSC-03382,Waco (349),New Enrollment,2026-01-01 10:00:00,2026-01-07 00:05:49,2026-01-08 03:32:04,2026-01-09 04:47:44
VA-VSC-03383,Waco (349),Priority Group Upgrade,2026-01-01 10:00:00,2026-01-07 23:27:01,2026-01-22 02:12:11,2026-01-24 02:46:24
VA-VSC-03384,Waco (349),Combat Veteran Auto-Enroll,2026-01-01 10:00:00,2026-01-08 02:16:35,2026-01-10 20:24:50,2026-01-11 12:39:42
VA-VSC-03385,Waco (349),New Enrollment,2026-01-01 16:00:00,2026-01-07 09:37:22,2026-01-08 17:46:24,2026-01-10 16:31:27
VA-VSC-03386,Phoenix (344),Priority Group Upgrade,2026-01-01 16:00:00,2026-01-02 01:43:42,2026-01-08 10:28:57,2026-01-15 15:03:20
VA-VSC-03387,Waco (349),Inter-Facility Transfer,2026-01-01 16:00:00,2026-01-10 08:33:52,2026-01-10 17:50:32,2026-01-11 11:17:46
VA-VSC-03388,Houston (362),New Enrollment,2026-01-01 16:00:00,2026-01-03 19:50:07,2026-01-07 12:53:55,2026-01-08 01:51:03
VA-VSC-03389,Waco (349),Priority Group Upgrade,2026-01-02 07:00:00,2026-01-07 06:34:38,2026-01-15 00:36:16,2026-01-15 21:17:23
VA-VSC-03390,Houston (362),New Enrollment,2026-01-02 07:00:00,2026-01-04 03:23:43,2026-01-05 10:53:09,2026-01-06 01:11:32
VA-VSC-03391,Waco (349),Priority Group Upgrade,2026-01-02 10:00:00,2026-01-09 01:34:58,2026-01-16 06:36:52,2026-01-19 07:30:26
VA-VSC-03392,Phoenix (344),New Enrollment,2026-01-02 11:00:00,2026-01-02 13:24:00,2026-01-04 17:06:39,2026-01-04 19:30:39
VA-VSC-03393,Phoenix (344),Inter-Facility Transfer,2026-01-02 11:00:00,2026-01-02 14:12:50,2026-01-03 11:07:04,2026-01-04 18:09:07
VA-VSC-03394,Waco (349),Priority Group Upgrade,2026-01-02 14:00:00,2026-01-10 08:16:43,2026-01-17 02:45:25,2026-01-17 10:44:45
VA-VSC-03395,Phoenix (344),Combat Veteran Auto-Enroll,2026-01-02 15:00:00,2026-01-02 18:48:07,2026-01-03 07:00:44,2026-01-05 21:36:42
VA-VSC-03396,Muskogee (351),Priority Group Upgrade,2026-01-02 15:00:00,2026-01-02 22:57:24,2026-01-10 08:30:00,2026-01-11 14:55:50
VA-VSC-03397,Phoenix (344),Priority Group Upgrade,2026-01-02 16:00:00,2026-01-03 03:13:54,2026-01-09 21:43:36,2026-01-12 09:03:41
VA-VSC-03398,Phoenix (344),New Enrollment,2026-01-03 07:00:00,2026-01-06 08:35:23,2026-01-06 11:02:52,2026-01-12 01:00:04
VA-VSC-03399,Waco (349),Combat Veteran Auto-Enroll,2026-01-03 07:00:00,2026-01-08 10:26:09,2026-01-10 15:29:52,2026-01-12 04:13:07
VA-VSC-03400,Houston (362),Inter-Facility Transfer,2026-01-03 08:00:00,2026-01-04 04:17:39,2026-01-04 07:00:52,2026-01-04 20:06:30
VA-VSC-03401,Waco (349),Priority Group Upgrade,2026-01-03 09:00:00,2026-01-09 16:57:55,2026-01-19 02:57:31,2026-01-20 15:06:35
VA-VSC-03402,Waco (349),Inter-Facility Transfer,2026-01-03 11:00:00,2026-01-09 17:39:44,2026-01-10 05:24:39,2026-01-10 08:07:37
VA-VSC-03403,Muskogee (351),Priority Group Upgrade,2026-01-03 11:00:00,2026-01-03 13:24:00,2026-01-13 21:30:29,2026-01-16 07:10:17
VA-VSC-03404,Waco (349),Priority Group Upgrade,2026-01-03 12:00:00,2026-01-08 20:57:40,2026-01-17 18:48:58,2026-01-18 12:43:10
VA-VSC-03405,St. Paul (335),Priority Group Upgrade,2026-01-03 12:00:00,2026-01-04 09:24:18,2026-01-13 20:39:54,2026-01-14 21:40:30
VA-VSC-03406,St. Paul (335),New Enrollment,2026-01-03 12:00:00,2026-01-04 16:29:32,2026-01-06 06:24:55,2026-01-09 09:59:31
VA-VSC-03407,Phoenix (344),New Enrollment,2026-01-03 13:00:00,2026-01-04 17:43:29,2026-01-05 13:15:21,2026-01-06 12:58:35
VA-VSC-03408,Muskogee (351),New Enrollment,2026-01-03 14:00:00,2026-01-03 17:40:04,2026-01-06 00:05:08,2026-01-08 20:48:33
VA-VSC-03409,Waco (349),Priority Group Upgrade,2026-01-03 15:00:00,2026-01-08 02:21:59,2026-01-16 19:22:36,2026-01-18 14:03:25
VA-VSC-03410,Waco (349),New Enrollment,2026-01-03 15:00:00,2026-01-09 06:51:40,2026-01-10 19:42:28,2026-01-11 00:13:17
VA-VSC-03411,Waco (349),New Enrollment,2026-01-04 08:00:00,2026-01-12 00:53:02,2026-01-19 13:49:31,2026-01-22 02:20:16
VA-VSC-03412,Waco (349),Inter-Facility Transfer,2026-01-04 08:00:00,2026-01-12 03:12:02,2026-01-16 20:44:27,2026-01-22 03:09:06
VA-VSC-03413,Waco (349),New Enrollment,2026-01-04 08:00:00,2026-01-10 21:38:19,2026-01-11 01:23:32,2026-01-11 12:34:31
VA-VSC-03414,Waco (349),Priority Group Upgrade,2026-01-04 10:00:00,2026-01-08 07:29:47,2026-01-17 08:13:17,2026-01-18 22:02:37
VA-VSC-03415,St. Paul (335),New Enrollment,2026-01-04 11:00:00,2026-01-04 23:37:51,2026-01-05 14:30:51,2026-01-05 16:54:51
VA-VSC-03416,Houston (362),New Enrollment,2026-01-04 12:00:00,2026-01-09 18:44:05,2026-01-11 04:49:05,2026-01-12 07:11:29
VA-VSC-03417,Waco (349),Combat Veteran Auto-Enroll,2026-01-04 13:00:00,2026-01-09 06:27:17,2026-01-11 01:41:44,2026-01-11 17:38:46
VA-VSC-03418,Houston (362),Priority Group Upgrade,2026-01-04 14:00:00,2026-01-09 22:03:36,2026-01-19 02:26:12,2026-01-21 18:14:08
VA-VSC-03419,Waco (349),Combat Veteran Auto-Enroll,2026-01-04 14:00:00,2026-01-08 19:57:04,2026-01-14 04:57:48,2026-01-14 07:55:56
VA-VSC-03420,Waco (349),New Enrollment,2026-01-04 15:00:00,2026-01-12 00:33:37,2026-01-14 05:10:55,2026-01-15 03:48:31
VA-VSC-03421,St. Paul (335),Priority Group Upgrade,2026-01-05 07:00:00,2026-01-06 00:38:05,2026-01-11 03:23:27,2026-01-14 02:20:45
VA-VSC-03422,Houston (362),New Enrollment,2026-01-05 07:00:00,2026-01-05 20:38:41,2026-01-06 02:56:13,2026-01-09 08:12:06
VA-VSC-03423,St. Paul (335),New Enrollment,2026-01-05 07:00:00,2026-01-05 18:38:58,2026-01-06 06:49:17,2026-01-09 04:11:36
VA-VSC-03424,Waco (349),New Enrollment,2026-01-05 08:00:00,2026-01-12 16:48:38,2026-01-16 09:32:17,2026-01-16 16:38:06
VA-VSC-03425,Phoenix (344),New Enrollment,2026-01-05 08:00:00,2026-01-09 05:24:54,2026-01-09 14:08:24,2026-01-10 00:41:49
VA-VSC-03426,Houston (362),New Enrollment,2026-01-05 10:00:00,2026-01-08 01:16:45,2026-01-13 05:01:27,2026-01-15 14:26:15
VA-VSC-03427,Houston (362),New Enrollment,2026-01-05 11:00:00,2026-01-05 14:42:52,2026-01-06 14:39:48,2026-01-10 00:04:37
VA-VSC-03428,Houston (362),Inter-Facility Transfer,2026-01-05 11:00:00,2026-01-06 11:28:21,2026-01-06 16:35:37,2026-01-07 01:38:48
VA-VSC-03429,Phoenix (344),New Enrollment,2026-01-05 11:00:00,2026-01-07 20:29:20,2026-01-08 23:26:34,2026-01-11 10:10:36
VA-VSC-03430,Houston (362),New Enrollment,2026-01-05 13:00:00,2026-01-06 02:26:49,2026-01-07 05:49:07,2026-01-14 19:06:10
VA-VSC-03431,Houston (362),New Enrollment,2026-01-06 07:00:00,2026-01-06 18:31:15,2026-01-08 10:57:32,2026-01-08 20:02:52
VA-VSC-03432,Muskogee (351),Priority Group Upgrade,2026-01-06 07:00:00,2026-01-06 10:44:18,2026-01-15 03:45:05,2026-01-18 20:57:50
VA-VSC-03433,St. Paul (335),New Enrollment,2026-01-06 09:00:00,2026-01-07 16:46:57,2026-01-07 22:58:55,2026-01-08 12:11:31
VA-VSC-03434,Waco (349),Combat Veteran Auto-Enroll,2026-01-06 09:00:00,2026-01-14 16:15:50,2026-01-15 04:31:40,2026-01-18 14:32:07
VA-VSC-03435,St. Paul (335),Inter-Facility Transfer,2026-01-06 09:00:00,2026-01-09 07:48:36,2026-01-09 10:12:36,2026-01-12 08:50:28
VA-VSC-03436,Waco (349),New Enrollment,2026-01-06 11:00:00,2026-01-11 15:16:17,2026-01-11 23:59:54,2026-01-13 05:33:41
VA-VSC-03437,Waco (349),Priority Group Upgrade,2026-01-06 11:00:00,2026-01-13 07:30:30,2026-01-25 03:35:10,2026-01-26 20:42:05
VA-VSC-03438,Houston (362),New Enrollment,2026-01-06 12:00:00,2026-01-07 21:41:52,2026-01-09 11:28:23,2026-01-14 00:48:20
VA-VSC-03439,Muskogee (351),Priority Group Upgrade,2026-01-06 12:00:00,2026-01-07 05:43:04,2026-01-14 02:21:44,2026-01-16 02:10:16
VA-VSC-03440,Muskogee (351),New Enrollment,2026-01-06 12:00:00,2026-01-07 21:39:56,2026-01-08 11:44:22,2026-01-08 19:28:23
VA-VSC-03441,Waco (349),New Enrollment,2026-01-06 13:00:00,2026-01-15 04:20:36,2026-01-15 14:28:11,2026-01-16 19:43:13
VA-VSC-03442,Waco (349),New Enrollment,2026-01-06 14:00:00,2026-01-11 20:39:43,2026-01-12 20:00:36,2026-01-14 15:48:22
VA-VSC-03443,Waco (349),Priority Group Upgrade,2026-01-06 15:00:00,2026-01-13 19:38:47,2026-01-18 09:33:44,2026-01-20 15:05:51
VA-VSC-03444,Muskogee (351),New Enrollment,2026-01-06 16:00:00,2026-01-07 05:45:55,2026-01-08 14:07:13,2026-01-10 19:35:05
VA-VSC-03445,Muskogee (351),New Enrollment,2026-01-07 07:00:00,2026-01-08 12:50:24,2026-01-11 12:28:11,2026-01-12 00:19:10
VA-VSC-03446,Houston (362),Priority Group Upgrade,2026-01-07 07:00:00,2026-01-08 12:09:51,2026-01-13 18:00:28,2026-01-15 08:06:59
VA-VSC-03447,St. Paul (335),Priority Group Upgrade,2026-01-07 08:00:00,2026-01-08 09:15:24,2026-01-14 14:56:29,2026-01-15 14:48:03
VA-VSC-03448,St. Paul (335),Combat Veteran Auto-Enroll,2026-01-07 09:00:00,2026-01-08 01:25:03,2026-01-12 02:35:05,2026-01-13 12:15:06
VA-VSC-03449,Houston (362),New Enrollment,2026-01-07 09:00:00,2026-01-08 22:11:39,2026-01-11 13:19:37,2026-01-12 00:15:54
VA-VSC-03450,Waco (349),Combat Veteran Auto-Enroll,2026-01-07 12:00:00,2026-01-13 04:42:17,2026-01-15 07:52:13,2026-01-18 03:03:06
VA-VSC-03451,Waco (349),Priority Group Upgrade,2026-01-07 13:00:00,2026-01-12 09:33:34,2026-01-21 13:44:23,2026-01-22 14:08:31
VA-VSC-03452,Houston (362),New Enrollment,2026-01-07 14:00:00,2026-01-10 16:57:31,2026-01-19 05:39:51,2026-01-22 06:30:04
VA-VSC-03453,Houston (362),Priority Group Upgrade,2026-01-07 14:00:00,2026-01-08 21:36:57,2026-01-12 14:47:41,2026-01-12 18:07:32
VA-VSC-03454,Waco (349),New Enrollment,2026-01-08 10:00:00,2026-01-15 03:27:14,2026-01-16 21:21:05,2026-01-18 03:15:11
VA-VSC-03455,Muskogee (351),Inter-Facility Transfer,2026-01-08 14:00:00,2026-01-10 06:10:03,2026-01-11 00:26:52,2026-01-11 08:17:50
VA-VSC-03456,Waco (349),New Enrollment,2026-01-08 16:00:00,2026-01-13 23:43:31,2026-01-18 12:18:29,2026-01-21 17:55:42
VA-VSC-03457,Waco (349),Priority Group Upgrade,2026-01-09 08:00:00,2026-01-16 04:16:27,2026-01-23 15:18:07,2026-01-24 05:21:51
VA-VSC-03458,Houston (362),New Enrollment,2026-01-09 08:00:00,2026-01-09 23:13:53,2026-01-10 02:13:41,2026-01-12 01:50:46
VA-VSC-03459,Houston (362),Inter-Facility Transfer,2026-01-09 09:00:00,2026-01-09 12:00:17,2026-01-10 21:34:24,2026-01-12 07:31:19
VA-VSC-03460,Houston (362),,2026-01-09 09:00:00,2026-01-10 04:36:00,2026-01-10 07:06:57,2026-01-12 08:03:05
VA-VSC-03461,Waco (349),Inter-Facility Transfer,2026-01-09 09:00:00,2026-01-13 09:18:14,2026-01-14 04:21:59,2026-01-15 23:55:27
VA-VSC-03462,Waco (349),Inter-Facility Transfer,2026-01-09 10:00:00,2026-01-16 11:07:38,2026-01-16 13:31:38,2026-01-16 19:56:57
VA-VSC-03463,Houston (362),New Enrollment,2026-01-09 12:00:00,2026-01-10 12:45:41,2026-01-12 15:47:01,2026-01-15 08:33:20
VA-VSC-03464,Houston (362),Combat Veteran Auto-Enroll,2026-01-09 13:00:00,2026-01-11 20:15:17,2026-01-12 13:16:46,2026-01-13 09:35:38
VA-VSC-03465,Waco (349),Inter-Facility Transfer,2026-01-09 13:00:00,2026-01-15 13:10:00,2026-01-15 22:55:59,2026-01-17 04:36:51
VA-VSC-03466,St. Paul (335),New Enrollment,2026-01-10 09:00:00,2026-01-10 15:13:22,2026-01-14 07:28:44,2026-01-15 08:37:37
VA-VSC-03467,Waco (349),New Enrollment,2026-01-10 09:00:00,2026-01-15 14:04:58,2026-01-17 08:28:47,2026-01-17 21:56:49
VA-VSC-03468,Houston (362),Priority Group Upgrade,2026-01-10 10:00:00,2026-01-11 17:27:55,2026-01-19 17:19:06,2026-01-23 00:20:34
VA-VSC-03469,Phoenix (344),New Enrollment,2026-01-10 10:00:00,2026-01-13 03:26:29,2026-01-15 11:16:11,2026-01-19 05:51:13
VA-VSC-03470,Waco (349),New Enrollment,2026-01-10 11:00:00,2026-01-16 02:49:44,2026-01-19 23:37:57,2026-01-21 22:37:22
VA-VSC-03471,Waco (349),New Enrollment,2026-01-10 12:00:00,2026-01-16 17:34:53,2026-01-18 03:26:17,2026-01-18 08:00:54
VA-VSC-03472,St. Paul (335),New Enrollment,2026-01-10 12:00:00,2026-01-11 22:16:00,2026-01-12 17:12:02,2026-01-13 01:05:58
VA-VSC-03473,Houston (362),New Enrollment,2026-01-10 15:00:00,2026-01-15 06:34:40,2026-01-18 17:51:48,2026-01-23 05:23:04
VA-VSC-03474,Houston (362),New Enrollment,2026-01-10 16:00:00,2026-01-12 12:47:07,2026-01-14 07:10:43,2026-01-16 10:16:18
VA-VSC-03475,Phoenix (344),Combat Veteran Auto-Enroll,2026-01-11 07:00:00,2026-01-11 10:13:48,2026-01-14 21:19:39,2026-01-19 03:33:13
VA-VSC-03476,St. Paul (335),Priority Group Upgrade,2026-01-11 10:00:00,2026-01-13 01:40:44,2026-01-24 06:41:42,2026-01-25 21:21:12
VA-VSC-03477,Muskogee (351),New Enrollment,2026-01-11 10:00:00,2026-01-12 03:58:02,2026-01-13 16:52:46,2026-01-14 15:17:27
VA-VSC-03478,Waco (349),Priority Group Upgrade,2026-01-11 11:00:00,2026-01-17 17:05:33,2026-01-22 14:08:25,2026-01-24 13:10:33
VA-VSC-03479,Waco (349),Priority Group Upgrade,2026-01-11 13:00:00,2026-01-18 00:48:04,2026-01-28 10:09:43,2026-01-28 12:33:43
VA-VSC-03480,Waco (349),,2026-01-11 13:00:00,2026-01-20 22:08:12,2026-01-22 05:36:31,2026-01-23 11:20:24
VA-VSC-03481,Waco (349),New Enrollment,2026-01-11 14:00:00,2026-01-16 12:24:32,2026-01-16 18:43:34,2026-01-17 17:46:32
VA-VSC-03482,Houston (362),New Enrollment,2026-01-11 14:00:00,2026-01-12 03:21:55,2026-01-12 06:17:35,2026-01-12 16:52:59
VA-VSC-03483,Waco (349),Inter-Facility Transfer,2026-01-11 14:00:00,2026-01-16 19:55:39,2026-01-19 05:08:07,2026-01-19 14:48:26
VA-VSC-03484,Muskogee (351),Inter-Facility Transfer,2026-01-11 16:00:00,2026-01-12 04:15:29,2026-01-12 06:40:28,2026-01-13 21:46:00
VA-VSC-03485,Houston (362),Priority Group Upgrade,2026-01-12 09:00:00,2026-01-13 12:12:39,2026-01-21 15:21:09,2026-01-25 01:25:40
VA-VSC-03486,Houston (362),Combat Veteran Auto-Enroll,2026-01-12 09:00:00,2026-01-12 13:53:14,2026-01-17 18:54:04,2026-01-20 00:35:18
VA-VSC-03487,Waco (349),New Enrollment,2026-01-12 11:00:00,2026-01-17 03:34:01,2026-01-17 08:51:43,2026-01-18 16:47:20
VA-VSC-03488,Waco (349),Priority Group Upgrade,2026-01-12 12:00:00,2026-01-17 01:15:35,2026-01-29 23:52:42,2026-01-31 16:44:58
VA-VSC-03489,Waco (349),New Enrollment,2026-01-12 12:00:00,2026-01-18 01:16:13,2026-01-19 09:18:56,2026-01-21 21:54:05
VA-VSC-03490,Waco (349),New Enrollment,2026-01-12 14:00:00,2026-01-17 07:44:07,2026-01-17 13:31:48,2026-01-19 03:21:06
VA-VSC-03491,Waco (349),Combat Veteran Auto-Enroll,2026-01-12 15:00:00,2026-01-17 11:12:27,2026-01-19 06:53:15,2026-01-19 09:17:15
VA-VSC-03492,Houston (362),New Enrollment,2026-01-12 16:00:00,2026-01-12 18:24:00,2026-01-14 16:49:34,2026-01-16 17:54:39
VA-VSC-03493,Phoenix (344),Priority Group Upgrade,2026-01-13 08:00:00,2026-01-16 00:53:30,2026-01-24 01:54:17,2026-01-25 14:08:54
VA-VSC-03494,Phoenix (344),Inter-Facility Transfer,2026-01-13 09:00:00,2026-01-14 20:21:22,2026-01-15 10:25:13,2026-01-15 12:49:13
VA-VSC-03495,Houston (362),New Enrollment,2026-01-13 11:00:00,2026-01-13 18:31:44,2026-01-14 04:18:53,2026-01-14 23:56:41
VA-VSC-03496,Waco (349),Inter-Facility Transfer,2026-01-13 12:00:00,2026-01-22 09:47:09,2026-01-24 20:36:29,2026-01-30 08:31:16
VA-VSC-03497,Phoenix (344),Inter-Facility Transfer,2026-01-13 14:00:00,2026-01-16 03:20:13,2026-01-17 01:54:14,2026-01-18 11:41:46
VA-VSC-03498,Phoenix (344),Priority Group Upgrade,2026-01-13 14:00:00,2026-01-13 18:09:29,2026-01-18 07:01:52,2026-01-19 06:31:17
VA-VSC-03499,Waco (349),New Enrollment,2026-01-13 14:00:00,2026-01-19 06:45:13,2026-01-22 13:20:32,2026-01-22 16:16:36
VA-VSC-03500,St. Paul (335),New Enrollment,2026-01-13 15:00:00,2026-01-15 01:54:36,2026-01-15 09:22:07,2026-01-17 12:20:29
VA-VSC-03501,Waco (349),New Enrollment,2026-01-13 16:00:00,2026-01-22 01:18:07,2026-01-22 06:42:36,2026-01-22 13:14:02
VA-VSC-03502,St. Paul (335),New Enrollment,2026-01-14 07:00:00,2026-01-14 17:26:10,2026-01-14 23:47:13,2026-01-15 05:24:56
VA-VSC-03503,Muskogee (351),New Enrollment,2026-01-14 07:00:00,2026-01-15 15:39:53,2026-01-16 00:19:32,2026-01-18 05:06:33
VA-VSC-03504,Waco (349),Inter-Facility Transfer,2026-01-14 12:00:00,2026-01-19 20:55:44,2026-01-21 10:55:53,2026-01-21 17:01:58
VA-VSC-03505,Phoenix (344),New Enrollment,2026-01-14 13:00:00,2026-01-15 01:06:51,2026-01-15 14:55:13,2026-01-20 22:10:38
VA-VSC-03506,Houston (362),Priority Group Upgrade,2026-01-14 14:00:00,2026-01-16 05:04:29,2026-01-25 05:00:06,2026-01-26 12:01:22
VA-VSC-03507,Muskogee (351),New Enrollment,2026-01-14 14:00:00,2026-01-15 01:01:54,2026-01-20 18:19:58,2026-01-28 09:35:53
VA-VSC-03508,Waco (349),Priority Group Upgrade,2026-01-14 16:00:00,2026-01-18 14:19:44,2026-01-25 10:55:58,2026-01-27 06:50:40
VA-VSC-03509,Phoenix (344),Inter-Facility Transfer,2026-01-15 08:00:00,2026-01-16 15:06:16,2026-01-17 05:44:39,2026-01-19 08:38:53
VA-VSC-03510,Waco (349),New Enrollment,2026-01-15 08:00:00,2026-01-23 02:09:30,2026-01-24 21:31:36,2026-01-27 02:25:24
VA-VSC-03511,Waco (349),New Enrollment,2026-01-15 09:00:00,2026-01-21 07:20:31,2026-01-21 11:47:11,2026-01-21 21:26:08
VA-VSC-03512,Waco (349),Priority Group Upgrade,2026-01-15 10:00:00,2026-01-20 00:40:24,2026-01-26 02:01:24,2026-01-28 13:40:14
VA-VSC-03513,Muskogee (351),Priority Group Upgrade,2026-01-15 10:00:00,2026-01-17 11:22:46,2026-01-24 11:17:33,2026-01-25 16:11:00
VA-VSC-03514,St. Paul (335),Priority Group Upgrade,2026-01-15 10:00:00,2026-01-16 03:39:34,2026-01-24 23:31:45,2026-01-25 09:32:55
VA-VSC-03515,Phoenix (344),New Enrollment,2026-01-15 11:00:00,2026-01-16 11:13:00,2026-01-21 08:38:47,2026-01-23 09:18:10
VA-VSC-03516,Muskogee (351),New Enrollment,2026-01-15 11:00:00,2026-01-16 03:41:49,2026-01-18 01:03:37,2026-01-21 12:36:26
VA-VSC-03517,Waco (349),Inter-Facility Transfer,2026-01-15 13:00:00,2026-01-24 11:04:07,2026-01-27 13:01:39,2026-01-28 23:43:13
VA-VSC-03518,Waco (349),Inter-Facility Transfer,2026-01-15 13:00:00,2026-01-21 19:15:36,2026-01-24 02:00:15,2026-01-27 13:06:43
VA-VSC-03519,Waco (349),Priority Group Upgrade,2026-01-15 14:00:00,2026-01-21 21:21:02,2026-02-01 01:44:59,2026-02-04 03:16:04
VA-VSC-03520,Waco (349),Combat Veteran Auto-Enroll,2026-01-15 15:00:00,2026-01-22 05:24:52,2026-01-23 02:25:09,2026-01-26 12:14:48
VA-VSC-03521,Waco (349),Priority Group Upgrade,2026-01-15 16:00:00,2026-01-22 19:39:32,2026-02-01 07:22:45,2026-02-01 09:46:45
VA-VSC-03522,Waco (349),New Enrollment,2026-01-16 07:00:00,2026-01-23 18:04:50,2026-01-25 22:20:20,2026-01-27 01:23:52
VA-VSC-03523,Waco (349),New Enrollment,2026-01-16 09:00:00,2026-01-27 20:33:06,2026-01-30 01:35:00,2026-01-31 19:04:22
VA-VSC-03524,Waco (349),New Enrollment,2026-01-16 12:00:00,2026-01-23 22:25:25,2026-01-24 12:46:17,2026-01-25 02:38:11
VA-VSC-03525,Waco (349),Priority Group Upgrade,2026-01-16 12:00:00,2026-01-22 13:54:42,2026-01-31 16:42:00,2026-02-01 06:09:35
VA-VSC-03526,Waco (349),New Enrollment,2026-01-16 12:00:00,2026-01-22 02:40:19,2026-01-22 23:15:58,2026-01-23 02:08:16
VA-VSC-03527,Muskogee (351),New Enrollment,2026-01-16 13:00:00,2026-01-17 18:37:15,2026-01-19 04:16:58,2026-01-20 22:26:18
VA-VSC-03528,St. Paul (335),Combat Veteran Auto-Enroll,2026-01-16 15:00:00,2026-01-17 12:28:59,2026-01-17 19:41:26,2026-01-18 11:29:57
VA-VSC-03529,Muskogee (351),Priority Group Upgrade,2026-01-16 15:00:00,2026-01-17 12:23:26,2026-01-27 13:43:16,2026-01-28 16:52:14
VA-VSC-03530,Waco (349),Priority Group Upgrade,2026-01-16 15:00:00,2026-01-20 21:10:51,2026-01-27 01:07:31,2026-01-29 05:20:06
VA-VSC-03531,Waco (349),Inter-Facility Transfer,2026-01-16 16:00:00,2026-01-23 14:01:38,2026-01-23 22:24:11,2026-01-25 08:32:51
VA-VSC-03532,St. Paul (335),New Enrollment,2026-01-16 16:00:00,2026-01-16 23:27:48,2026-01-17 19:04:06,2026-01-24 04:58:14
VA-VSC-03533,Waco (349),Priority Group Upgrade,2026-01-17 07:00:00,2026-01-22 15:22:38,2026-01-31 02:13:30,2026-01-31 20:30:23
VA-VSC-03534,Waco (349),Combat Veteran Auto-Enroll,2026-01-17 07:00:00,2026-01-24 10:21:04,2026-01-25 08:02:29,2026-01-27 07:16:19
VA-VSC-03535,Waco (349),Priority Group Upgrade,2026-01-17 08:00:00,2026-01-22 18:41:32,2026-01-27 11:04:06,2026-01-29 08:52:19
VA-VSC-03536,Waco (349),New Enrollment,2026-01-17 09:00:00,2026-01-21 19:57:48,2026-01-24 19:47:21,2026-01-25 16:20:38
VA-VSC-03537,Waco (349),New Enrollment,2026-01-17 10:00:00,2026-01-23 11:59:34,2026-01-25 01:37:31,2026-01-27 22:35:28
VA-VSC-03538,Waco (349),Combat Veteran Auto-Enroll,2026-01-17 12:00:00,2026-01-23 19:13:23,2026-01-24 09:54:55,2026-01-29 05:38:30
VA-VSC-03539,Houston (362),Priority Group Upgrade,2026-01-17 12:00:00,2026-01-18 21:44:45,2026-01-25 19:56:01,2026-01-31 07:26:48
VA-VSC-03540,Waco (349),Combat Veteran Auto-Enroll,2026-01-17 14:00:00,2026-01-23 19:58:26,2026-01-24 08:53:41,2026-01-25 05:49:29
VA-VSC-03541,Waco (349),Priority Group Upgrade,2026-01-17 15:00:00,2026-01-25 13:35:14,2026-02-02 09:11:40,2026-02-04 18:57:08
VA-VSC-03542,St. Paul (335),Priority Group Upgrade,2026-01-18 10:00:00,2026-01-19 09:12:46,2026-01-28 14:15:13,2026-01-29 07:33:40
VA-VSC-03543,Waco (349),Combat Veteran Auto-Enroll,2026-01-18 11:00:00,2026-01-24 15:46:47,2026-01-25 06:55:30,2026-01-29 22:49:53
VA-VSC-03544,Waco (349),Priority Group Upgrade,2026-01-18 11:00:00,2026-01-23 09:27:55,2026-01-31 05:10:37,2026-02-02 23:29:20
VA-VSC-03545,Phoenix (344),New Enrollment,2026-01-18 11:00:00,2026-01-18 21:26:09,2026-01-19 21:14:17,2026-01-21 10:24:28
VA-VSC-03546,Waco (349),Priority Group Upgrade,2026-01-18 15:00:00,2026-01-23 23:44:39,2026-02-03 11:42:41,2026-02-04 14:29:16
VA-VSC-03547,Waco (349),Combat Veteran Auto-Enroll,2026-01-19 07:00:00,2026-01-26 12:17:52,2026-01-27 07:23:44,2026-01-28 05:13:47
VA-VSC-03548,Waco (349),New Enrollment,2026-01-19 08:00:00,2026-01-24 10:31:43,2026-01-25 09:53:00,2026-01-26 09:20:51
VA-VSC-03549,Waco (349),New Enrollment,2026-01-19 11:00:00,2026-01-23 19:00:25,2026-01-24 00:04:37,2026-01-24 06:49:38
VA-VSC-03550,Houston (362),New Enrollment,2026-01-19 11:00:00,2026-01-20 17:01:49,2026-01-22 13:10:19,2026-01-28 05:10:10
VA-VSC-03551,St. Paul (335),Inter-Facility Transfer,2026-01-19 13:00:00,2026-01-19 15:37:17,2026-01-19 20:08:10,2026-01-19 22:41:24
VA-VSC-03552,Waco (349),New Enrollment,2026-01-19 14:00:00,2026-01-26 06:55:17,2026-01-27 18:00:56,2026-01-28 18:49:05
VA-VSC-03553,Houston (362),Priority Group Upgrade,2026-01-19 14:00:00,2026-01-24 16:36:43,2026-02-02 03:00:04,2026-02-02 05:53:07
VA-VSC-03554,Waco (349),New Enrollment,2026-01-19 16:00:00,2026-01-25 16:36:26,2026-01-25 19:00:26,2026-01-31 04:28:35
VA-VSC-03555,Waco (349),New Enrollment,2026-01-20 07:00:00,2026-01-23 19:59:22,2026-01-24 06:08:44,2026-01-24 14:04:48
VA-VSC-03556,Houston (362),Priority Group Upgrade,2026-01-20 09:00:00,2026-01-20 20:07:21,2026-01-31 04:17:45,2026-02-07 07:16:38
VA-VSC-03557,Waco (349),New Enrollment,2026-01-20 09:00:00,2026-01-28 05:44:28,2026-01-30 23:44:10,2026-01-31 02:08:10
VA-VSC-03558,Waco (349),Priority Group Upgrade,2026-01-20 09:00:00,2026-01-28 11:24:34,2026-02-05 00:14:50,2026-02-05 09:06:09
VA-VSC-03559,Waco (349),Combat Veteran Auto-Enroll,2026-01-20 09:00:00,2026-01-25 00:44:11,2026-01-25 12:02:22,2026-01-25 18:04:00
VA-VSC-03560,Waco (349),Combat Veteran Auto-Enroll,2026-01-20 12:00:00,2026-01-27 13:13:54,2026-01-31 07:48:36,2026-02-05 16:45:18
VA-VSC-03561,Waco (349),New Enrollment,2026-01-20 12:00:00,2026-01-27 03:41:59,2026-01-28 09:06:48,2026-01-28 14:01:00
VA-VSC-03562,Phoenix (344),Combat Veteran Auto-Enroll,2026-01-20 13:00:00,2026-01-21 11:13:33,2026-01-24 13:14:50,2026-01-27 18:54:13
VA-VSC-03563,Waco (349),Priority Group Upgrade,2026-01-20 14:00:00,2026-01-26 09:29:57,2026-01-31 18:06:30,2026-01-31 20:30:30
VA-VSC-03564,Waco (349),Combat Veteran Auto-Enroll,2026-01-20 15:00:00,2026-01-28 10:20:06,2026-01-29 05:02:58,2026-01-31 08:00:06
VA-VSC-03565,Waco (349),Priority Group Upgrade,2026-01-20 16:00:00,2026-01-28 10:49:34,2026-02-04 00:41:43,2026-02-06 16:34:52
VA-VSC-03566,St. Paul (335),Priority Group Upgrade,2026-01-21 07:00:00,2026-01-22 05:56:01,2026-01-30 08:38:18,2026-01-30 11:02:18
VA-VSC-03567,Houston (362),Inter-Facility Transfer,2026-01-21 07:00:00,2026-01-21 16:52:00,2026-01-22 13:36:46,2026-01-22 23:31:51
VA-VSC-03568,Houston (362),Combat Veteran Auto-Enroll,2026-01-21 08:00:00,2026-01-21 12:17:48,2026-01-21 20:43:20,2026-01-23 11:26:28
VA-VSC-03569,St. Paul (335),New Enrollment,2026-01-21 08:00:00,2026-01-24 08:23:36,2026-01-24 22:36:25,2026-01-25 17:21:35
VA-VSC-03570,Phoenix (344),New Enrollment,2026-01-21 09:00:00,2026-01-22 08:54:59,2026-01-23 00:48:00,2026-01-27 20:36:14
VA-VSC-03571,Waco (349),New Enrollment,2026-01-21 12:00:00,2026-01-27 01:12:07,2026-01-28 01:28:25,2026-01-29 14:03:43
VA-VSC-03572,Waco (349),New Enrollment,2026-01-21 13:00:00,2026-01-28 20:22:23,2026-01-30 02:14:57,2026-01-30 15:22:08
VA-VSC-03573,Phoenix (344),New Enrollment,2026-01-21 15:00:00,2026-01-22 12:04:19,2026-01-22 14:28:19,2026-01-25 15:20:20
VA-VSC-03574,Muskogee (351),New Enrollment,2026-01-21 16:00:00,2026-01-21 22:21:25,2026-01-23 21:13:29,2026-01-23 23:37:29
VA-VSC-03575,Phoenix (344),Combat Veteran Auto-Enroll,2026-01-22 07:00:00,2026-01-24 04:49:53,2026-01-24 07:13:53,2026-01-24 20:08:44
VA-VSC-03576,Waco (349),New Enrollment,2026-01-22 07:00:00,2026-01-29 02:40:15,2026-01-29 08:50:27,2026-01-30 16:19:38
VA-VSC-03577,Waco (349),Priority Group Upgrade,2026-01-22 08:00:00,2026-01-26 05:43:55,2026-02-09 18:23:16,2026-02-11 12:01:27
VA-VSC-03578,Waco (349),New Enrollment,2026-01-22 09:00:00,2026-01-29 09:32:36,2026-01-29 14:18:30,2026-02-01 11:19:07
VA-VSC-03579,St. Paul (335),,2026-01-22 09:00:00,2026-01-22 22:23:03,2026-01-29 15:57:12,2026-01-30 00:57:43
VA-VSC-03580,Waco (349),New Enrollment,2026-01-22 10:00:00,2026-01-26 15:39:47,2026-01-28 00:11:13,2026-02-03 02:54:15
VA-VSC-03581,Waco (349),New Enrollment,2026-01-22 13:00:00,2026-01-29 08:06:44,2026-01-29 11:20:19,2026-01-31 00:39:44
VA-VSC-03582,Phoenix (344),Combat Veteran Auto-Enroll,2026-01-22 14:00:00,2026-01-25 06:36:39,2026-01-27 02:49:25,2026-02-05 16:00:49
VA-VSC-03583,Waco (349),Combat Veteran Auto-Enroll,2026-01-22 15:00:00,2026-01-27 08:46:21,2026-01-28 13:10:29,2026-01-30 20:37:22
VA-VSC-03584,Phoenix (344),New Enrollment,2026-01-22 16:00:00,2026-01-24 02:55:45,2026-01-26 11:42:54,2026-01-31 11:32:47
VA-VSC-03585,Waco (349),Priority Group Upgrade,2026-01-22 16:00:00,2026-01-27 02:33:18,2026-02-03 17:56:00,2026-02-04 15:32:19
VA-VSC-03586,Waco (349),Priority Group Upgrade,2026-01-22 16:00:00,2026-01-31 17:09:58,2026-02-07 14:26:27,2026-02-07 16:50:27
VA-VSC-03587,Waco (349),Combat Veteran Auto-Enroll,2026-01-23 07:00:00,2026-01-28 00:11:25,2026-01-30 01:56:18,2026-01-31 05:37:59
VA-VSC-03588,St. Paul (335),Combat Veteran Auto-Enroll,2026-01-23 08:00:00,2026-01-26 06:15:01,2026-01-27 10:13:31,2026-01-28 06:47:14
VA-VSC-03589,Waco (349),Priority Group Upgrade,2026-01-23 08:00:00,2026-01-30 14:33:52,2026-02-08 14:38:59,2026-02-10 09:53:31
VA-VSC-03590,Waco (349),Priority Group Upgrade,2026-01-23 12:00:00,2026-01-29 06:28:45,2026-02-04 02:16:46,2026-02-04 07:11:23
VA-VSC-03591,Muskogee (351),Combat Veteran Auto-Enroll,2026-01-23 13:00:00,2026-01-27 12:45:38,2026-01-29 02:52:15,2026-02-01 04:10:49
VA-VSC-03592,Waco (349),New Enrollment,2026-01-23 13:00:00,2026-01-27 05:13:07,2026-01-27 10:50:15,2026-01-28 01:04:42
VA-VSC-03593,Houston (362),New Enrollment,2026-01-23 13:00:00,2026-01-23 21:32:04,2026-01-25 05:01:57,2026-01-26 01:05:04
VA-VSC-03594,Houston (362),,2026-01-24 07:00:00,2026-01-26 15:05:37,2026-02-02 07:59:17,2026-02-03 04:10:24
VA-VSC-03595,Waco (349),Priority Group Upgrade,2026-01-24 08:00:00,2026-01-29 23:55:58,2026-02-09 07:08:41,2026-02-09 17:31:28
VA-VSC-03596,Houston (362),Priority Group Upgrade,2026-01-24 10:00:00,2026-01-24 23:10:24,2026-01-31 04:46:03,2026-02-04 04:42:43
VA-VSC-03597,Waco (349),Priority Group Upgrade,2026-01-24 11:00:00,2026-01-30 19:25:15,2026-02-08 22:31:04,2026-02-12 19:06:42
VA-VSC-03598,Houston (362),New Enrollment,2026-01-24 13:00:00,2026-01-26 04:43:48,2026-01-30 07:43:55,2026-01-30 18:01:53
VA-VSC-03599,Waco (349),Priority Group Upgrade,2026-01-24 15:00:00,2026-01-30 18:23:28,2026-02-14 12:34:11,2026-02-16 19:29:59
VA-VSC-03600,Houston (362),Priority Group Upgrade,2026-01-24 15:00:00,2026-01-24 20:23:33,2026-02-01 14:32:58,2026-02-02 04:59:52
VA-VSC-03601,Waco (349),New Enrollment,2026-01-25 07:00:00,2026-02-03 03:24:18,2026-02-04 19:06:49,2026-02-09 20:01:52
VA-VSC-03602,Houston (362),Priority Group Upgrade,2026-01-25 10:00:00,2026-01-26 03:54:16,2026-02-01 17:56:46,2026-02-02 01:49:33
VA-VSC-03603,Waco (349),Combat Veteran Auto-Enroll,2026-01-25 11:00:00,2026-02-05 18:08:08,2026-02-06 08:45:39,2026-02-06 17:07:58
VA-VSC-03604,Waco (349),New Enrollment,2026-01-25 13:00:00,2026-02-01 22:21:43,2026-02-05 18:22:50,2026-02-07 04:54:02
VA-VSC-03605,Waco (349),Priority Group Upgrade,2026-01-25 14:00:00,2026-02-02 02:12:47,2026-02-08 09:31:19,2026-02-15 22:48:12
VA-VSC-03606,Waco (349),New Enrollment,2026-01-25 14:00:00,2026-01-31 07:24:34,2026-01-31 15:04:11,2026-02-01 14:42:19
VA-VSC-03607,Phoenix (344),Priority Group Upgrade,2026-01-25 16:00:00,2026-01-26 17:18:51,2026-02-09 04:59:43,2026-02-10 20:21:26
VA-VSC-03608,Waco (349),New Enrollment,2026-01-25 16:00:00,2026-02-01 02:11:39,2026-02-01 04:35:39,2026-02-01 11:47:25
VA-VSC-03609,Muskogee (351),Priority Group Upgrade,2026-01-25 16:00:00,2026-01-28 04:15:38,2026-02-04 05:14:10,2026-02-05 18:49:27
VA-VSC-03610,Muskogee (351),Combat Veteran Auto-Enroll,2026-01-25 16:00:00,2026-01-26 15:10:13,2026-01-28 08:47:53,2026-01-30 16:40:22
VA-VSC-03611,Houston (362),New Enrollment,2026-01-26 07:00:00,2026-01-28 03:55:05,2026-01-28 06:19:05,2026-02-03 00:24:00
VA-VSC-03612,Waco (349),Inter-Facility Transfer,2026-01-26 08:00:00,2026-01-30 17:02:49,2026-01-31 16:19:24,2026-02-05 17:18:24
VA-VSC-03613,Waco (349),Inter-Facility Transfer,2026-01-26 10:00:00,2026-01-31 19:20:57,2026-02-02 02:27:55,2026-02-02 06:52:46
VA-VSC-03614,St. Paul (335),New Enrollment,2026-01-26 10:00:00,2026-01-27 01:52:16,2026-01-27 16:14:23,2026-01-31 01:17:20
VA-VSC-03615,Waco (349),New Enrollment,2026-01-26 14:00:00,2026-01-30 08:27:07,2026-02-01 01:47:16,2026-02-02 02:50:15
VA-VSC-03616,Waco (349),Inter-Facility Transfer,2026-01-26 14:00:00,2026-02-02 06:01:05,2026-02-03 22:22:00,2026-02-04 01:51:43
VA-VSC-03617,Houston (362),Inter-Facility Transfer,2026-01-26 14:00:00,2026-01-28 16:05:23,2026-01-31 15:11:37,2026-01-31 18:20:44
VA-VSC-03618,Phoenix (344),New Enrollment,2026-01-26 15:00:00,2026-01-27 17:37:10,2026-01-29 02:04:15,2026-01-29 04:28:15
VA-VSC-03619,St. Paul (335),New Enrollment,2026-01-26 15:00:00,2026-01-27 03:04:09,2026-02-01 08:02:20,2026-02-02 22:57:08
VA-VSC-03620,Waco (349),New Enrollment,2026-01-26 16:00:00,2026-02-04 05:39:15,2026-02-05 22:11:14,2026-02-06 00:35:14
VA-VSC-03621,Houston (362),Inter-Facility Transfer,2026-01-27 08:00:00,2026-01-28 07:17:27,2026-01-28 12:11:11,2026-01-30 09:53:11
VA-VSC-03622,Waco (349),New Enrollment,2026-01-27 09:00:00,2026-02-03 01:10:14,2026-02-05 03:30:33,2026-02-05 17:04:22
VA-VSC-03623,Waco (349),Priority Group Upgrade,2026-01-27 09:00:00,2026-02-02 21:06:14,2026-02-13 11:24:26,2026-02-17 20:14:14
VA-VSC-03624,Phoenix (344),Combat Veteran Auto-Enroll,2026-01-27 09:00:00,2026-01-27 14:04:51,2026-01-27 21:58:20,2026-01-28 07:34:04
VA-VSC-03625,Waco (349),New Enrollment,2026-01-27 09:00:00,2026-02-02 07:41:45,2026-02-05 05:07:58,2026-02-06 22:38:12
VA-VSC-03626,Waco (349),Priority Group Upgrade,2026-01-27 12:00:00,2026-02-03 00:55:54,2026-02-11 08:05:22,2026-02-13 09:41:02
VA-VSC-03627,Waco (349),New Enrollment,2026-01-27 14:00:00,2026-02-04 07:35:45,2026-02-04 14:16:48,2026-02-05 08:26:47
VA-VSC-03628,Phoenix (344),Combat Veteran Auto-Enroll,2026-01-27 14:00:00,2026-01-29 19:32:25,2026-02-02 05:51:33,2026-02-02 21:34:23
VA-VSC-03629,St. Paul (335),New Enrollment,2026-01-27 15:00:00,2026-01-27 17:24:00,2026-01-30 16:07:12,2026-01-31 14:50:28
VA-VSC-03630,Houston (362),Priority Group Upgrade,2026-01-27 15:00:00,2026-01-28 02:30:38,2026-02-06 02:19:20,2026-02-07 04:06:52
VA-VSC-03631,St. Paul (335),Priority Group Upgrade,2026-01-28 07:00:00,2026-01-28 09:24:00,2026-02-05 13:14:46,2026-02-11 01:31:53
VA-VSC-03632,Waco (349),New Enrollment,2026-01-28 10:00:00,2026-02-05 11:06:30,2026-02-08 15:13:18,2026-02-10 19:03:02
VA-VSC-03633,Waco (349),New Enrollment,2026-01-28 10:00:00,2026-02-02 14:56:32,2026-02-10 02:53:39,2026-02-11 06:20:11
VA-VSC-03634,Waco (349),New Enrollment,2026-01-28 10:00:00,2026-02-03 11:09:00,2026-02-05 05:55:00,2026-02-05 15:29:07
VA-VSC-03635,Waco (349),New Enrollment,2026-01-28 11:00:00,2026-02-03 18:33:54,2026-02-07 21:01:36,2026-02-09 20:09:51
VA-VSC-03636,Waco (349),Combat Veteran Auto-Enroll,2026-01-28 11:00:00,2026-02-03 10:30:34,2026-02-04 17:45:10,2026-02-07 11:58:12
VA-VSC-03637,Muskogee (351),Combat Veteran Auto-Enroll,2026-01-28 11:00:00,2026-01-29 20:01:14,2026-02-01 18:45:29,2026-02-02 17:18:13
VA-VSC-03638,Waco (349),Priority Group Upgrade,2026-01-28 11:00:00,2026-02-09 01:49:26,2026-02-17 15:08:10,2026-02-18 17:36:54
VA-VSC-03639,Waco (349),Priority Group Upgrade,2026-01-28 12:00:00,2026-02-04 22:58:37,2026-02-12 21:31:45,2026-02-14 13:24:58
VA-VSC-03640,Waco (349),Priority Group Upgrade,2026-01-28 13:00:00,2026-02-04 00:16:15,2026-02-13 18:46:34,2026-02-22 16:18:24
VA-VSC-03641,Waco (349),Combat Veteran Auto-Enroll,2026-01-28 14:00:00,2026-02-02 08:43:04,2026-02-02 16:39:57,2026-02-02 22:15:57
VA-VSC-03642,Phoenix (344),New Enrollment,2026-01-28 15:00:00,2026-01-30 23:08:01,2026-01-31 03:15:30,2026-01-31 10:23:33
VA-VSC-03643,Waco (349),New Enrollment,2026-01-28 16:00:00,2026-02-04 12:09:22,2026-02-05 18:45:45,2026-02-10 00:36:26
VA-VSC-03644,Waco (349),New Enrollment,2026-01-29 08:00:00,2026-02-01 04:14:04,2026-02-01 15:21:52,2026-02-01 22:15:58
VA-VSC-03645,St. Paul (335),Priority Group Upgrade,2026-01-29 08:00:00,2026-01-29 23:11:30,2026-02-05 15:17:32,2026-02-06 07:19:45
VA-VSC-03646,Waco (349),New Enrollment,2026-01-29 11:00:00,2026-02-04 16:36:56,2026-02-05 10:39:39,2026-02-10 09:53:51
VA-VSC-03647,Waco (349),New Enrollment,2026-01-29 11:00:00,2026-02-04 04:07:14,2026-02-04 06:31:14,2026-02-04 08:55:14
VA-VSC-03648,Waco (349),New Enrollment,2026-01-29 12:00:00,2026-02-03 06:38:02,2026-02-06 00:07:26,2026-02-06 18:16:17
VA-VSC-03649,Houston (362),Priority Group Upgrade,2026-01-29 15:00:00,2026-01-30 04:36:25,2026-02-04 22:50:56,2026-02-05 01:14:56
VA-VSC-03650,Muskogee (351),New Enrollment,2026-01-29 15:00:00,2026-01-30 10:25:22,2026-02-03 11:17:16,2026-02-03 16:22:57
VA-VSC-03651,St. Paul (335),New Enrollment,2026-01-29 15:00:00,2026-01-30 07:44:41,2026-01-30 10:08:41,2026-02-02 08:52:37
VA-VSC-03652,Waco (349),New Enrollment,2026-01-30 07:00:00,2026-02-05 04:30:42,2026-02-06 23:49:07,2026-02-08 06:30:17
VA-VSC-03653,Phoenix (344),New Enrollment,2026-01-30 08:00:00,2026-02-02 04:36:04,2026-02-02 23:34:08,2026-02-04 10:12:41
VA-VSC-03654,Waco (349),Priority Group Upgrade,2026-01-30 08:00:00,2026-02-05 04:28:41,2026-02-12 04:41:16,2026-02-12 14:45:47
VA-VSC-03655,Waco (349),New Enrollment,2026-01-30 08:00:00,2026-02-06 00:29:17,2026-02-07 10:19:47,2026-02-07 16:23:09
VA-VSC-03656,Waco (349),New Enrollment,2026-01-30 08:00:00,2026-02-05 05:30:09,2026-02-05 14:32:28,2026-02-10 01:49:13
VA-VSC-03657,Waco (349),Priority Group Upgrade,2026-01-30 10:00:00,2026-02-06 18:45:21,2026-02-16 14:39:51,2026-02-17 15:50:14
VA-VSC-03658,Waco (349),New Enrollment,2026-01-30 11:00:00,2026-02-07 00:04:27,2026-02-08 06:13:05,2026-02-11 11:00:29
VA-VSC-03659,Houston (362),New Enrollment,2026-01-30 14:00:00,2026-02-05 05:55:07,2026-02-05 23:42:39,2026-02-09 02:51:43
VA-VSC-03660,Phoenix (344),Combat Veteran Auto-Enroll,2026-01-30 16:00:00,2026-01-31 00:08:10,2026-01-31 12:03:26,2026-02-05 23:09:30
VA-VSC-03661,Waco (349),New Enrollment,2026-01-30 16:00:00,2026-02-03 16:31:25,2026-02-04 01:20:59,2026-02-05 09:00:31
VA-VSC-03662,Waco (349),New Enrollment,2026-01-31 07:00:00,2026-02-05 19:09:13,2026-02-07 06:51:58,2026-02-07 17:08:32
VA-VSC-03663,Waco (349),New Enrollment,2026-01-31 07:00:00,2026-02-05 14:12:49,2026-02-06 19:55:59,2026-02-08 16:05:40
VA-VSC-03664,Waco (349),Priority Group Upgrade,2026-01-31 08:00:00,2026-02-05 09:52:15,2026-02-13 23:18:29,2026-02-16 20:43:42
VA-VSC-03665,Houston (362),Priority Group Upgrade,2026-01-31 08:00:00,2026-02-01 03:35:20,2026-02-10 11:51:59,2026-02-11 21:48:44
VA-VSC-03666,Waco (349),Priority Group Upgrade,2026-01-31 09:00:00,2026-02-06 11:52:03,2026-02-14 03:50:25,2026-02-15 19:53:26
VA-VSC-03667,Phoenix (344),Priority Group Upgrade,2026-01-31 09:00:00,2026-02-02 08:27:52,2026-02-13 21:13:03,2026-02-18 05:05:15
VA-VSC-03668,Waco (349),New Enrollment,2026-01-31 10:00:00,2026-02-05 21:41:12,2026-02-08 17:42:48,2026-02-08 20:06:48
VA-VSC-03669,Waco (349),New Enrollment,2026-01-31 13:00:00,2026-02-08 19:03:44,2026-02-10 06:40:46,2026-02-10 15:14:35
VA-VSC-03670,Waco (349),Combat Veteran Auto-Enroll,2026-01-31 14:00:00,2026-02-06 04:20:29,2026-02-06 16:01:46,2026-02-08 07:29:03
VA-VSC-03671,Waco (349),Inter-Facility Transfer,2026-01-31 16:00:00,2026-02-06 20:19:46,2026-02-08 06:56:19,2026-02-08 23:44:33
VA-VSC-03672,Waco (349),New Enrollment,2026-01-31 16:00:00,2026-02-09 13:10:38,2026-02-10 15:37:22,2026-02-11 01:17:46
VA-VSC-03673,St. Paul (335),Priority Group Upgrade,2026-02-01 07:00:00,2026-02-01 20:32:49,2026-02-06 20:00:09,2026-02-06 22:24:09
VA-VSC-03674,Waco (349),New Enrollment,2026-02-01 07:00:00,2026-02-07 23:42:20,2026-02-09 08:33:58,2026-02-09 15:54:23
VA-VSC-03675,Houston (362),New Enrollment,2026-02-01 08:00:00,2026-02-05 22:18:39,2026-02-09 05:16:58,2026-02-12 12:15:56
VA-VSC-03676,Waco (349),New Enrollment,2026-02-01 10:00:00,2026-02-06 22:22:04,2026-02-07 04:29:32,2026-02-08 08:44:58
VA-VSC-03677,Waco (349),New Enrollment,2026-02-01 12:00:00,2026-02-10 03:48:52,2026-02-13 00:16:26,2026-02-13 12:56:31
VA-VSC-03678,Waco (349),Priority Group Upgrade,2026-02-01 13:00:00,2026-02-07 00:26:25,2026-02-14 07:07:56,2026-02-14 19:22:27
VA-VSC-03679,St. Paul (335),Priority Group Upgrade,2026-02-01 13:00:00,2026-02-02 10:54:47,2026-02-09 19:14:09,2026-02-11 05:53:01
VA-VSC-03680,Waco (349),New Enrollment,2026-02-01 15:00:00,2026-02-07 23:55:50,2026-02-08 08:04:08,2026-02-08 23:33:10
VA-VSC-03681,St. Paul (335),New Enrollment,2026-02-01 15:00:00,2026-02-01 17:24:00,2026-02-01 19:48:00,2026-02-06 03:58:53
VA-VSC-03682,Waco (349),Combat Veteran Auto-Enroll,2026-02-01 15:00:00,2026-02-06 15:04:47,2026-02-06 17:28:47,2026-02-07 02:56:31
VA-VSC-03683,St. Paul (335),New Enrollment,2026-02-02 08:00:00,2026-02-04 10:00:47,2026-02-06 20:26:41,2026-02-07 16:23:56
VA-VSC-03684,Waco (349),Priority Group Upgrade,2026-02-02 09:00:00,2026-02-08 09:10:32,2026-02-13 18:36:25,2026-02-18 11:27:34
VA-VSC-03685,Houston (362),New Enrollment,2026-02-02 10:00:00,2026-02-02 16:08:18,2026-02-04 11:47:47,2026-02-06 18:14:20
VA-VSC-03686,Houston (362),Priority Group Upgrade,2026-02-02 13:00:00,2026-02-03 11:51:46,2026-02-10 09:31:30,2026-02-12 10:30:22
VA-VSC-03687,Muskogee (351),New Enrollment,2026-02-02 13:00:00,2026-02-03 05:08:02,2026-02-03 11:03:13,2026-02-04 14:00:04
VA-VSC-03688,Waco (349),New Enrollment,2026-02-02 14:00:00,2026-02-09 23:22:24,2026-02-11 17:41:52,2026-02-14 05:01:16
VA-VSC-03689,Waco (349),New Enrollment,2026-02-02 15:00:00,2026-02-07 23:46:02,2026-02-09 14:50:22,2026-02-10 12:49:28
VA-VSC-03690,Waco (349),,2026-02-03 07:00:00,2026-02-10 00:07:07,2026-02-12 02:02:46,2026-02-16 19:44:56
VA-VSC-03691,Phoenix (344),New Enrollment,2026-02-03 07:00:00,2026-02-03 23:35:32,2026-02-04 15:41:09,2026-02-05 18:40:12
VA-VSC-03692,Waco (349),Priority Group Upgrade,2026-02-03 08:00:00,2026-02-09 02:08:10,2026-02-15 05:01:07,2026-02-20 14:33:47
VA-VSC-03693,St. Paul (335),New Enrollment,2026-02-03 08:00:00,2026-02-06 01:38:42,2026-02-06 05:26:33,2026-02-07 14:07:42
VA-VSC-03694,Waco (349),New Enrollment,2026-02-03 09:00:00,2026-02-09 18:56:56,2026-02-13 06:00:18,2026-02-14 16:40:27
VA-VSC-03695,Waco (349),Priority Group Upgrade,2026-02-03 09:00:00,2026-02-08 22:05:40,2026-02-18 09:50:22,2026-02-21 04:30:53
VA-VSC-03696,Waco (349),Priority Group Upgrade,2026-02-03 09:00:00,2026-02-09 12:35:32,2026-02-18 11:56:15,2026-02-27 15:46:49
VA-VSC-03697,Muskogee (351),Inter-Facility Transfer,2026-02-03 10:00:00,2026-02-03 20:43:07,2026-02-05 03:04:28,2026-02-07 03:55:32
VA-VSC-03698,Houston (362),Priority Group Upgrade,2026-02-03 10:00:00,2026-02-03 21:45:46,2026-02-14 12:48:37,2026-02-14 17:28:58
VA-VSC-03699,Muskogee (351),Priority Group Upgrade,2026-02-03 10:00:00,2026-02-05 05:31:39,2026-02-09 10:56:01,2026-02-10 20:00:35
VA-VSC-03700,Waco (349),Priority Group Upgrade,2026-02-03 11:00:00,2026-02-11 07:57:25,2026-02-21 01:49:53,2026-02-26 12:14:24
VA-VSC-03701,Houston (362),Inter-Facility Transfer,2026-02-03 12:00:00,2026-02-03 17:53:15,2026-02-04 06:51:24,2026-02-05 15:49:37
VA-VSC-03702,Houston (362),Combat Veteran Auto-Enroll,2026-02-03 12:00:00,2026-02-04 13:36:02,2026-02-06 20:28:05,2026-02-07 08:49:28
VA-VSC-03703,Waco (349),New Enrollment,2026-02-03 16:00:00,2026-02-09 13:50:15,2026-02-10 13:33:36,2026-02-10 21:48:21
VA-VSC-03704,Phoenix (344),New Enrollment,2026-02-03 16:00:00,2026-02-05 02:04:45,2026-02-06 08:56:12,2026-02-09 01:48:04
VA-VSC-03705,Muskogee (351),New Enrollment,2026-02-04 10:00:00,2026-02-04 12:24:00,2026-02-09 12:46:36,2026-02-09 15:10:36
VA-VSC-03706,Phoenix (344),Priority Group Upgrade,2026-02-04 10:00:00,2026-02-04 21:20:18,2026-02-14 14:56:20,2026-02-14 17:20:20
VA-VSC-03707,St. Paul (335),Priority Group Upgrade,2026-02-04 10:00:00,2026-02-05 09:20:49,2026-02-13 12:17:23,2026-02-14 08:40:23
VA-VSC-03708,Waco (349),Priority Group Upgrade,2026-02-04 11:00:00,2026-02-10 02:49:03,2026-02-14 20:43:35,2026-02-19 05:56:38
VA-VSC-03709,Waco (349),New Enrollment,2026-02-04 11:00:00,2026-02-11 15:42:38,2026-02-12 07:54:21,2026-02-14 23:32:55
VA-VSC-03710,Muskogee (351),Priority Group Upgrade,2026-02-04 12:00:00,2026-02-04 18:29:29,2026-02-11 21:45:23,2026-02-12 12:02:25
VA-VSC-03711,Waco (349),Combat Veteran Auto-Enroll,2026-02-04 12:00:00,2026-02-10 04:36:04,2026-02-20 12:12:25,2026-02-21 07:14:16
VA-VSC-03712,St. Paul (335),New Enrollment,2026-02-04 16:00:00,2026-02-05 05:16:28,2026-02-05 21:41:19,2026-02-09 10:06:05
VA-VSC-03713,St. Paul (335),Priority Group Upgrade,2026-02-04 16:00:00,2026-02-05 02:46:02,2026-02-11 20:45:51,2026-02-12 23:10:39
VA-VSC-03714,Houston (362),New Enrollment,2026-02-05 07:00:00,2026-02-06 17:44:09,2026-02-06 20:08:09,2026-02-07 18:36:46
VA-VSC-03715,Muskogee (351),Combat Veteran Auto-Enroll,2026-02-05 07:00:00,2026-02-05 19:14:26,2026-02-06 05:20:57,2026-02-08 08:19:56
VA-VSC-03716,Waco (349),Combat Veteran Auto-Enroll,2026-02-05 08:00:00,2026-02-10 01:32:53,2026-02-11 11:08:43,2026-02-12 20:50:05
VA-VSC-03717,Waco (349),Priority Group Upgrade,2026-02-05 08:00:00,2026-02-09 17:06:47,2026-02-14 11:51:07,2026-02-16 10:11:37
VA-VSC-03718,Waco (349),Priority Group Upgrade,2026-02-05 10:00:00,2026-02-12 04:52:06,2026-02-27 18:38:53,2026-02-27 22:21:33
VA-VSC-03719,Waco (349),Combat Veteran Auto-Enroll,2026-02-05 11:00:00,2026-02-10 12:51:10,2026-02-12 19:04:48,2026-02-20 13:41:54
VA-VSC-03720,Waco (349),Priority Group Upgrade,2026-02-05 11:00:00,2026-02-10 15:28:47,2026-02-17 12:54:15,2026-02-18 11:44:25
VA-VSC-03721,Waco (349),New Enrollment,2026-02-05 12:00:00,2026-02-10 14:05:04,2026-02-11 16:39:55,2026-02-11 19:03:55
VA-VSC-03722,Phoenix (344),Combat Veteran Auto-Enroll,2026-02-05 13:00:00,2026-02-06 06:41:22,2026-02-06 14:33:06,2026-02-07 12:04:06
VA-VSC-03723,Muskogee (351),New Enrollment,2026-02-05 13:00:00,2026-02-05 18:46:52,2026-02-07 18:38:35,2026-02-08 05:17:43
VA-VSC-03724,Waco (349),New Enrollment,2026-02-05 13:00:00,2026-02-13 17:37:28,2026-02-14 05:25:51,2026-02-16 08:47:23
VA-VSC-03725,Waco (349),Combat Veteran Auto-Enroll,2026-02-05 15:00:00,2026-02-13 00:26:44,2026-02-13 20:16:11,2026-02-16 01:55:26
VA-VSC-03726,Muskogee (351),Priority Group Upgrade,2026-02-06 07:00:00,2026-02-07 20:39:57,2026-02-14 20:15:31,2026-02-19 00:52:11
VA-VSC-03727,Waco (349),New Enrollment,2026-02-06 08:00:00,2026-02-11 09:49:42,2026-02-12 13:09:01,2026-02-12 16:33:13
VA-VSC-03728,Waco (349),New Enrollment,2026-02-06 11:00:00,2026-02-13 11:12:45,2026-02-15 00:42:43,2026-02-17 02:24:03
VA-VSC-03729,Waco (349),New Enrollment,2026-02-06 11:00:00,2026-02-13 10:40:39,2026-02-15 03:36:54,2026-02-15 09:10:12
VA-VSC-03730,Houston (362),New Enrollment,2026-02-06 14:00:00,2026-02-07 05:06:24,2026-02-09 08:54:47,2026-02-09 15:19:03
VA-VSC-03731,Waco (349),New Enrollment,2026-02-06 16:00:00,2026-02-10 17:43:46,2026-02-11 23:09:34,2026-02-13 08:30:09
VA-VSC-03732,Muskogee (351),Priority Group Upgrade,2026-02-06 16:00:00,2026-02-07 00:55:18,2026-02-16 03:26:29,2026-02-16 05:50:29
VA-VSC-03733,Waco (349),New Enrollment,2026-02-07 07:00:00,2026-02-13 00:01:08,2026-02-13 02:25:08,2026-02-15 13:36:37
VA-VSC-03734,Waco (349),Priority Group Upgrade,2026-02-07 08:00:00,2026-02-15 01:04:19,2026-02-21 19:38:57,2026-02-22 19:02:31
VA-VSC-03735,Waco (349),New Enrollment,2026-02-07 09:00:00,2026-02-13 16:58:48,2026-02-19 23:43:39,2026-02-21 03:04:50
VA-VSC-03736,Waco (349),Inter-Facility Transfer,2026-02-07 09:00:00,2026-02-12 19:09:21,2026-02-14 14:48:09,2026-02-15 13:05:16
VA-VSC-03737,Houston (362),New Enrollment,2026-02-07 09:00:00,2026-02-07 20:00:33,2026-02-09 12:03:40,2026-02-10 07:32:03
VA-VSC-03738,St. Paul (335),New Enrollment,2026-02-07 11:00:00,2026-02-08 11:28:41,2026-02-09 00:17:25,2026-02-12 01:47:43
VA-VSC-03739,St. Paul (335),New Enrollment,2026-02-07 13:00:00,2026-02-07 23:47:11,2026-02-09 03:21:06,2026-02-09 05:45:06
VA-VSC-03740,Houston (362),Priority Group Upgrade,2026-02-07 16:00:00,2026-02-09 13:11:06,2026-02-16 03:22:14,2026-02-16 13:37:05
VA-VSC-03741,Phoenix (344),Priority Group Upgrade,2026-02-08 10:00:00,2026-02-09 10:44:49,2026-02-15 12:40:20,2026-02-16 04:02:00
VA-VSC-03742,St. Paul (335),New Enrollment,2026-02-08 10:00:00,2026-02-09 20:06:35,2026-02-13 03:15:33,2026-02-13 05:39:33
VA-VSC-03743,St. Paul (335),New Enrollment,2026-02-08 11:00:00,2026-02-09 02:32:57,2026-02-10 10:57:26,2026-02-12 05:20:18
VA-VSC-03744,Waco (349),New Enrollment,2026-02-08 13:00:00,2026-02-15 18:45:46,2026-02-16 03:16:28,2026-02-16 06:20:17
VA-VSC-03745,Waco (349),Priority Group Upgrade,2026-02-08 13:00:00,2026-02-14 20:30:24,2026-02-20 23:45:59,2026-02-21 18:58:31
VA-VSC-03746,Waco (349),Priority Group Upgrade,2026-02-08 15:00:00,2026-02-15 05:40:44,2026-02-21 16:37:59,2026-02-25 05:34:05
VA-VSC-03747,Houston (362),New Enrollment,2026-02-09 07:00:00,2026-02-11 08:52:40,2026-02-13 09:40:25,2026-02-15 20:11:05
VA-VSC-03748,Waco (349),New Enrollment,2026-02-09 07:00:00,2026-02-15 14:38:32,2026-02-15 17:02:32,2026-02-18 02:05:50
VA-VSC-03749,Waco (349),New Enrollment,2026-02-09 07:00:00,2026-02-15 19:38:29,2026-02-18 01:08:15,2026-02-21 14:36:35
VA-VSC-03750,Phoenix (344),New Enrollment,2026-02-09 07:00:00,2026-02-10 15:36:45,2026-02-12 12:25:18,2026-02-14 18:25:23
VA-VSC-03751,Phoenix (344),Priority Group Upgrade,2026-02-09 07:00:00,2026-02-12 19:26:28,2026-02-20 16:02:23,2026-02-20 18:26:23
VA-VSC-03752,Phoenix (344),New Enrollment,2026-02-09 08:00:00,2026-02-12 04:51:19,2026-02-12 11:09:12,2026-02-14 20:31:00
VA-VSC-03753,Waco (349),New Enrollment,2026-02-09 08:00:00,2026-02-18 02:29:03,2026-02-18 15:50:59,2026-02-22 05:01:16
VA-VSC-03754,Houston (362),New Enrollment,2026-02-09 08:00:00,2026-02-09 10:24:00,2026-02-11 00:44:13,2026-02-13 07:00:08
VA-VSC-03755,Waco (349),Inter-Facility Transfer,2026-02-09 09:00:00,2026-02-14 14:32:45,2026-02-16 08:22:20,2026-02-21 11:33:23
VA-VSC-03756,Waco (349),Combat Veteran Auto-Enroll,2026-02-09 09:00:00,2026-02-14 04:20:49,2026-02-19 01:24:44,2026-02-20 05:59:15
VA-VSC-03757,Waco (349),New Enrollment,2026-02-09 11:00:00,2026-02-19 20:56:24,2026-02-19 23:20:24,2026-02-20 20:39:30
VA-VSC-03758,Waco (349),New Enrollment,2026-02-09 12:00:00,2026-02-15 18:59:40,2026-02-16 12:35:02,2026-02-21 12:28:08
VA-VSC-03759,Waco (349),New Enrollment,2026-02-09 14:00:00,2026-02-15 02:25:33,2026-02-17 23:53:07,2026-02-19 11:17:28
VA-VSC-03760,Phoenix (344),Priority Group Upgrade,2026-02-09 15:00:00,2026-02-10 01:44:35,2026-02-15 18:40:46,2026-02-16 21:11:25
VA-VSC-03761,Waco (349),New Enrollment,2026-02-10 07:00:00,2026-02-14 12:44:21,2026-02-15 03:28:49,2026-02-17 02:29:03
VA-VSC-03762,St. Paul (335),Priority Group Upgrade,2026-02-10 13:00:00,2026-02-11 03:04:25,2026-02-18 04:13:51,2026-02-26 20:36:18
VA-VSC-03763,Waco (349),Priority Group Upgrade,2026-02-10 13:00:00,2026-02-13 09:40:13,2026-02-19 11:14:02,2026-02-22 01:31:20
VA-VSC-03764,Waco (349),Combat Veteran Auto-Enroll,2026-02-10 14:00:00,2026-02-15 15:53:52,2026-02-18 05:21:41,2026-02-20 04:16:11
VA-VSC-03765,Waco (349),New Enrollment,2026-02-10 15:00:00,2026-02-19 09:30:27,2026-02-22 22:04:24,2026-02-23 05:56:19
VA-VSC-03766,Waco (349),Combat Veteran Auto-Enroll,2026-02-10 16:00:00,2026-02-16 02:29:54,2026-02-17 04:35:26,2026-02-17 11:30:09
VA-VSC-03767,Houston (362),Combat Veteran Auto-Enroll,2026-02-10 16:00:00,2026-02-10 19:50:22,2026-02-10 22:14:22,2026-02-14 17:34:38
VA-VSC-03768,Waco (349),New Enrollment,2026-02-10 16:00:00,2026-02-18 05:27:41,2026-02-18 09:53:14,2026-02-18 21:23:31
VA-VSC-03769,Waco (349),New Enrollment,2026-02-11 07:00:00,2026-02-15 16:23:50,2026-02-17 09:41:42,2026-02-18 19:23:22
VA-VSC-03770,Waco (349),New Enrollment,2026-02-11 08:00:00,2026-02-18 19:40:48,2026-02-18 23:28:07,2026-02-22 04:23:17
VA-VSC-03771,Waco (349),New Enrollment,2026-02-11 10:00:00,2026-02-16 07:57:08,2026-02-20 07:22:00,2026-02-22 19:49:19
VA-VSC-03772,Phoenix (344),New Enrollment,2026-02-11 10:00:00,2026-02-13 05:04:12,2026-02-15 07:05:20,2026-02-16 01:40:11
VA-VSC-03773,Waco (349),Priority Group Upgrade,2026-02-11 12:00:00,2026-02-20 01:07:26,2026-03-01 03:42:14,2026-03-02 16:17:36
VA-VSC-03774,St. Paul (335),New Enrollment,2026-02-11 13:00:00,2026-02-13 13:54:54,2026-02-14 04:43:15,2026-02-17 10:21:01
VA-VSC-03775,Houston (362),Inter-Facility Transfer,2026-02-11 14:00:00,2026-02-13 14:28:27,2026-02-14 00:04:36,2026-02-16 12:39:33
VA-VSC-03776,Muskogee (351),New Enrollment,2026-02-11 15:00:00,2026-02-11 20:56:44,2026-02-12 00:27:42,2026-02-13 17:28:55
VA-VSC-03777,Phoenix (344),Inter-Facility Transfer,2026-02-11 15:00:00,2026-02-14 11:55:14,2026-02-14 14:19:14,2026-02-18 02:23:48
VA-VSC-03778,Houston (362),New Enrollment,2026-02-11 15:00:00,2026-02-12 11:20:16,2026-02-15 10:20:55,2026-02-19 03:22:02
VA-VSC-03779,Houston (362),Combat Veteran Auto-Enroll,2026-02-11 16:00:00,2026-02-14 03:57:14,2026-02-16 08:41:11,2026-02-20 01:33:24
VA-VSC-03780,Phoenix (344),New Enrollment,2026-02-12 07:00:00,2026-02-12 12:34:34,2026-02-13 01:36:54,2026-02-13 14:56:43
VA-VSC-03781,Waco (349),New Enrollment,2026-02-12 08:00:00,2026-02-19 11:09:28,2026-02-19 17:09:47,2026-02-20 02:49:09
VA-VSC-03782,Waco (349),Combat Veteran Auto-Enroll,2026-02-12 08:00:00,2026-02-20 16:12:55,2026-02-20 21:37:04,2026-02-21 22:03:22
VA-VSC-03783,Waco (349),New Enrollment,2026-02-12 12:00:00,2026-02-17 03:36:03,2026-02-17 06:00:03,2026-02-17 22:04:17
VA-VSC-03784,Phoenix (344),Priority Group Upgrade,2026-02-12 12:00:00,2026-02-13 12:04:19,2026-02-20 05:12:54,2026-02-20 07:36:54
VA-VSC-03785,St. Paul (335),Priority Group Upgrade,2026-02-12 13:00:00,2026-02-14 00:03:32,2026-02-23 06:35:24,2026-02-26 20:55:24
VA-VSC-03786,Waco (349),Priority Group Upgrade,2026-02-12 15:00:00,2026-02-20 15:40:00,2026-03-01 12:02:14,2026-03-02 16:17:42
VA-VSC-03787,Houston (362),Priority Group Upgrade,2026-02-12 15:00:00,2026-02-13 16:58:36,2026-02-27 16:54:42,2026-03-03 13:12:41
VA-VSC-03788,Waco (349),Priority Group Upgrade,2026-02-12 16:00:00,2026-02-22 02:54:52,2026-03-02 06:06:44,2026-03-02 13:52:32
VA-VSC-03789,Waco (349),New Enrollment,2026-02-13 07:00:00,2026-02-18 16:21:41,2026-02-20 20:27:23,2026-02-22 14:19:21
VA-VSC-03790,Muskogee (351),Priority Group Upgrade,2026-02-13 08:00:00,2026-02-16 13:03:31,2026-02-22 05:07:12,2026-02-25 07:44:05
VA-VSC-03791,Waco (349),Combat Veteran Auto-Enroll,2026-02-13 10:00:00,2026-02-16 05:14:12,2026-02-18 04:07:04,2026-02-24 00:58:08
VA-VSC-03792,Waco (349),New Enrollment,2026-02-13 10:00:00,2026-02-19 18:11:51,2026-02-23 11:28:46,2026-02-23 20:48:59
VA-VSC-03793,Houston (362),New Enrollment,2026-02-13 11:00:00,2026-02-14 01:53:22,2026-02-14 08:00:27,2026-02-15 16:57:31
VA-VSC-03794,St. Paul (335),Priority Group Upgrade,2026-02-13 11:00:00,2026-02-14 09:23:25,2026-02-26 21:05:29,2026-02-27 22:37:22
VA-VSC-03795,Waco (349),New Enrollment,2026-02-13 13:00:00,2026-02-19 07:02:56,2026-02-20 23:25:04,2026-02-23 19:21:18
VA-VSC-03796,Houston (362),New Enrollment,2026-02-13 15:00:00,2026-02-14 02:33:23,2026-02-14 09:01:11,2026-02-15 18:34:15
VA-VSC-03797,Waco (349),New Enrollment,2026-02-13 15:00:00,2026-02-20 12:49:12,2026-02-20 23:58:32,2026-02-28 06:06:09
VA-VSC-03798,Waco (349),Priority Group Upgrade,2026-02-13 15:00:00,2026-02-18 23:50:38,2026-02-28 19:30:45,2026-03-03 23:26:50
VA-VSC-03799,Waco (349),New Enrollment,2026-02-13 15:00:00,2026-02-20 20:51:30,2026-02-22 05:15:06,2026-02-25 08:06:33
VA-VSC-03800,Houston (362),Priority Group Upgrade,2026-02-14 07:00:00,2026-02-16 13:27:23,2026-02-23 07:58:24,2026-02-28 00:29:17
VA-VSC-03801,Waco (349),Combat Veteran Auto-Enroll,2026-02-14 07:00:00,2026-02-20 08:35:57,2026-02-22 22:00:58,2026-02-24 12:11:39
VA-VSC-03802,Muskogee (351),New Enrollment,2026-02-14 09:00:00,2026-02-16 09:56:27,2026-02-18 22:39:00,2026-02-19 03:00:17
VA-VSC-03803,St. Paul (335),Priority Group Upgrade,2026-02-14 11:00:00,2026-02-15 13:53:57,2026-02-21 06:05:54,2026-02-27 02:18:21
VA-VSC-03804,Muskogee (351),Inter-Facility Transfer,2026-02-14 12:00:00,2026-02-17 05:29:14,2026-02-17 11:17:01,2026-02-19 18:57:52
VA-VSC-03805,Waco (349),Priority Group Upgrade,2026-02-14 12:00:00,2026-02-19 07:16:27,2026-02-27 15:19:50,2026-03-01 13:17:57
VA-VSC-03806,Muskogee (351),Combat Veteran Auto-Enroll,2026-02-14 13:00:00,2026-02-14 17:04:17,2026-02-15 10:56:55,2026-02-16 13:57:49
VA-VSC-03807,Waco (349),New Enrollment,2026-02-14 14:00:00,2026-02-20 19:23:17,2026-02-21 14:12:57,2026-02-21 19:06:55
VA-VSC-03808,Waco (349),Combat Veteran Auto-Enroll,2026-02-14 14:00:00,2026-02-21 14:44:14,2026-02-22 10:06:17,2026-02-23 06:14:40
VA-VSC-03809,Waco (349),New Enrollment,2026-02-15 07:00:00,2026-02-20 05:12:16,2026-02-20 10:59:41,2026-02-20 19:44:44
VA-VSC-03810,Waco (349),New Enrollment,2026-02-15 11:00:00,2026-02-20 17:02:42,2026-02-21 12:39:10,2026-02-23 11:35:31
VA-VSC-03811,Houston (362),New Enrollment,2026-02-15 12:00:00,2026-02-16 19:28:44,2026-02-17 02:06:04,2026-02-20 11:37:36
VA-VSC-03812,Waco (349),New Enrollment,2026-02-15 15:00:00,2026-02-21 07:24:26,2026-02-21 21:36:34,2026-02-23 06:00:31
VA-VSC-03813,Waco (349),Combat Veteran Auto-Enroll,2026-02-16 08:00:00,2026-02-23 08:32:41,2026-02-24 14:04:12,2026-02-24 19:14:21
VA-VSC-03814,Houston (362),New Enrollment,2026-02-16 08:00:00,2026-02-18 19:17:16,2026-02-20 03:27:15,2026-02-21 20:13:30
VA-VSC-03815,Waco (349),Priority Group Upgrade,2026-02-16 09:00:00,2026-02-21 11:04:45,2026-03-03 08:24:33,2026-03-03 22:23:14
VA-VSC-03816,Houston (362),Priority Group Upgrade,2026-02-16 12:00:00,2026-02-17 05:47:05,2026-02-23 16:22:26,2026-02-24 20:08:58
VA-VSC-03817,Waco (349),Priority Group Upgrade,2026-02-16 13:00:00,2026-02-23 23:39:02,2026-03-04 03:45:57,2026-03-04 12:30:28
VA-VSC-03818,Phoenix (344),New Enrollment,2026-02-16 15:00:00,2026-02-16 22:27:35,2026-02-17 01:18:24,2026-02-18 17:04:30
VA-VSC-03819,Phoenix (344),Priority Group Upgrade,2026-02-17 07:00:00,2026-02-17 09:24:00,2026-02-24 20:48:31,2026-02-27 16:01:38
VA-VSC-03820,Waco (349),New Enrollment,2026-02-17 08:00:00,2026-02-23 07:55:44,2026-02-24 06:51:35,2026-03-07 15:02:48
VA-VSC-03821,Waco (349),New Enrollment,2026-02-17 09:00:00,2026-02-21 22:30:43,2026-02-23 18:56:36,2026-02-25 21:41:43
VA-VSC-03822,Waco (349),Inter-Facility Transfer,2026-02-17 10:00:00,2026-02-25 07:38:55,2026-02-26 03:40:23,2026-03-02 23:17:22
VA-VSC-03823,St. Paul (335),New Enrollment,2026-02-17 10:00:00,2026-02-17 20:02:34,2026-02-18 00:54:23,2026-02-18 17:47:24
VA-VSC-03824,Waco (349),New Enrollment,2026-02-17 12:00:00,2026-02-23 12:08:43,2026-02-26 07:18:55,2026-02-27 06:40:49
VA-VSC-03825,Waco (349),Combat Veteran Auto-Enroll,2026-02-17 12:00:00,2026-02-24 07:39:47,2026-02-26 07:34:09,2026-02-26 22:56:11
VA-VSC-03826,Waco (349),New Enrollment,2026-02-17 13:00:00,2026-02-23 16:04:23,2026-02-24 08:26:07,2026-02-24 10:50:07
VA-VSC-03827,Waco (349),Priority Group Upgrade,2026-02-17 13:00:00,2026-02-24 00:08:22,2026-03-05 21:05:22,2026-03-09 02:51:01
VA-VSC-03828,Waco (349),New Enrollment,2026-02-17 14:00:00,2026-02-25 04:00:04,2026-02-25 22:57:40,2026-02-26 06:27:19
VA-VSC-03829,Phoenix (344),New Enrollment,2026-02-18 07:00:00,2026-02-20 04:38:45,2026-02-21 02:24:55,2026-02-24 14:36:30
VA-VSC-03830,Waco (349),New Enrollment,2026-02-18 08:00:00,2026-02-24 15:41:27,2026-02-25 00:29:53,2026-02-25 09:30:00
VA-VSC-03831,Waco (349),New Enrollment,2026-02-18 09:00:00,2026-02-25 19:43:57,2026-02-26 20:07:21,2026-02-28 10:24:45
VA-VSC-03832,St. Paul (335),New Enrollment,2026-02-18 10:00:00,2026-02-18 17:52:54,2026-02-19 10:59:04,2026-02-20 03:35:14
VA-VSC-03833,Phoenix (344),Priority Group Upgrade,2026-02-18 12:00:00,2026-02-19 02:09:41,2026-02-23 16:32:27,2026-02-24 01:40:46
VA-VSC-03834,Waco (349),Priority Group Upgrade,2026-02-18 15:00:00,2026-02-22 12:20:08,2026-03-08 17:44:24,2026-03-08 21:24:40
VA-VSC-03835,Waco (349),Inter-Facility Transfer,2026-02-18 15:00:00,2026-02-26 10:29:13,2026-03-02 02:53:31,2026-03-03 03:31:48
VA-VSC-03836,Waco (349),New Enrollment,2026-02-19 07:00:00,2026-02-25 06:05:31,2026-02-25 16:26:39,2026-02-25 23:41:15
VA-VSC-03837,Muskogee (351),Priority Group Upgrade,2026-02-19 07:00:00,2026-02-19 21:35:06,2026-02-24 16:18:51,2026-02-25 17:44:02
VA-VSC-03838,Waco (349),Priority Group Upgrade,2026-02-19 10:00:00,2026-02-22 18:23:42,2026-02-28 12:46:45,2026-02-28 15:10:45
VA-VSC-03839,Muskogee (351),Inter-Facility Transfer,2026-02-19 12:00:00,2026-02-19 14:24:00,2026-02-19 19:34:15,2026-02-21 05:48:14
VA-VSC-03840,Houston (362),New Enrollment,2026-02-19 12:00:00,2026-02-19 19:42:19,2026-02-22 23:19:17,2026-02-23 08:27:22
VA-VSC-03841,Waco (349),Priority Group Upgrade,2026-02-19 12:00:00,2026-02-23 01:32:22,2026-03-04 16:41:57,2026-03-13 06:09:33
VA-VSC-03842,Waco (349),,2026-02-19 13:00:00,2026-02-25 18:47:22,2026-02-26 18:40:30,2026-02-27 05:46:32
VA-VSC-03843,Waco (349),New Enrollment,2026-02-19 15:00:00,2026-02-27 02:09:23,2026-02-27 04:43:32,2026-03-02 00:14:28
VA-VSC-03844,Waco (349),Combat Veteran Auto-Enroll,2026-02-19 16:00:00,2026-02-24 22:02:19,2026-02-27 16:29:35,2026-02-28 06:56:00
VA-VSC-03845,Waco (349),New Enrollment,2026-02-20 07:00:00,2026-02-26 04:02:42,2026-02-27 18:31:04,2026-03-03 06:20:24
VA-VSC-03846,Houston (362),Priority Group Upgrade,2026-02-20 09:00:00,2026-02-20 20:08:46,2026-03-03 04:07:58,2026-03-05 10:29:23
VA-VSC-03847,Muskogee (351),Inter-Facility Transfer,2026-02-20 09:00:00,2026-02-21 05:29:57,2026-02-22 19:06:46,2026-02-24 03:57:59
VA-VSC-03848,Houston (362),Priority Group Upgrade,2026-02-20 11:00:00,2026-02-21 04:21:37,2026-03-01 19:02:20,2026-03-02 11:47:51
VA-VSC-03849,St. Paul (335),New Enrollment,2026-02-20 14:00:00,2026-02-20 16:24:00,2026-02-23 20:39:51,2026-02-27 08:20:00
VA-VSC-03850,Waco (349),New Enrollment,2026-02-20 15:00:00,2026-02-26 02:50:38,2026-02-26 10:13:41,2026-02-28 16:15:20
VA-VSC-03851,Waco (349),Inter-Facility Transfer,2026-02-20 15:00:00,2026-02-24 23:30:41,2026-02-26 08:18:36,2026-02-26 10:42:36
VA-VSC-03852,Waco (349),Priority Group Upgrade,2026-02-20 15:00:00,2026-02-26 12:27:30,2026-03-03 02:45:15,2026-03-04 10:48:24
VA-VSC-03853,Houston (362),New Enrollment,2026-02-20 16:00:00,2026-02-21 21:36:02,2026-02-22 00:00:02,2026-02-24 11:35:42
VA-VSC-03854,Muskogee (351),Priority Group Upgrade,2026-02-20 16:00:00,2026-02-22 03:55:16,2026-03-02 05:30:53,2026-03-03 01:42:28
VA-VSC-03855,Houston (362),Priority Group Upgrade,2026-02-20 16:00:00,2026-02-25 13:49:06,2026-03-05 14:48:27,2026-03-10 08:43:44
VA-VSC-03856,Waco (349),New Enrollment,2026-02-21 09:00:00,2026-02-28 20:08:27,2026-03-01 15:13:31,2026-03-02 21:16:56
VA-VSC-03857,Waco (349),New Enrollment,2026-02-21 10:00:00,2026-02-25 16:12:02,2026-02-28 16:40:45,2026-03-02 07:11:46
VA-VSC-03858,Houston (362),New Enrollment,2026-02-21 11:00:00,2026-02-24 06:33:11,2026-02-24 08:57:11,2026-02-26 08:40:32
VA-VSC-03859,Waco (349),Priority Group Upgrade,2026-02-21 14:00:00,2026-02-26 13:35:56,2026-03-04 21:06:38,2026-03-07 14:28:40
VA-VSC-03860,Phoenix (344),Priority Group Upgrade,2026-02-21 14:00:00,2026-02-23 00:57:52,2026-02-25 07:31:02,2026-02-25 20:17:25
VA-VSC-03861,St. Paul (335),Priority Group Upgrade,2026-02-21 15:00:00,2026-02-23 00:51:52,2026-02-27 08:56:15,2026-03-01 03:21:24
VA-VSC-03862,Houston (362),Combat Veteran Auto-Enroll,2026-02-22 08:00:00,2026-02-23 10:48:03,2026-02-25 12:04:00,2026-03-01 21:40:52
VA-VSC-03863,Waco (349),Combat Veteran Auto-Enroll,2026-02-22 10:00:00,2026-02-27 15:05:49,2026-02-28 06:11:36,2026-02-28 11:22:28
VA-VSC-03864,Waco (349),Priority Group Upgrade,2026-02-22 12:00:00,2026-03-01 07:51:46,2026-03-09 05:16:46,2026-03-10 07:11:54
VA-VSC-03865,Waco (349),New Enrollment,2026-02-22 14:00:00,2026-03-01 14:16:29,2026-03-04 17:51:38,2026-03-05 08:43:24
VA-VSC-03866,Waco (349),Priority Group Upgrade,2026-02-22 14:00:00,2026-02-28 21:52:04,2026-03-07 03:20:23,2026-03-07 15:34:56
VA-VSC-03867,Waco (349),New Enrollment,2026-02-22 14:00:00,2026-03-01 02:29:59,2026-03-01 04:53:59,2026-03-01 10:12:59
VA-VSC-03868,Houston (362),Priority Group Upgrade,2026-02-22 15:00:00,2026-02-22 21:31:16,2026-03-02 08:48:06,2026-03-03 01:08:21
VA-VSC-03869,Houston (362),Priority Group Upgrade,2026-02-22 16:00:00,2026-02-23 03:35:11,2026-03-01 13:09:22,2026-03-02 03:12:32
VA-VSC-03870,Waco (349),New Enrollment,2026-02-22 16:00:00,2026-03-01 15:40:57,2026-03-03 09:39:45,2026-03-07 13:34:44
VA-VSC-03871,Waco (349),Inter-Facility Transfer,2026-02-23 11:00:00,2026-02-27 15:30:44,2026-02-28 13:24:14,2026-03-01 01:54:10
VA-VSC-03872,Waco (349),New Enrollment,2026-02-23 12:00:00,2026-02-28 00:29:06,2026-02-28 19:10:19,2026-03-03 18:00:40
VA-VSC-03873,Waco (349),Priority Group Upgrade,2026-02-23 13:00:00,2026-02-27 13:19:47,2026-03-06 15:26:42,2026-03-08 14:43:44
VA-VSC-03874,Phoenix (344),New Enrollment,2026-02-23 14:00:00,2026-02-25 21:04:30,2026-02-26 11:26:30,2026-02-27 09:23:20
VA-VSC-03875,Waco (349),Inter-Facility Transfer,2026-02-23 14:00:00,2026-02-27 17:56:30,2026-02-28 07:58:08,2026-03-01 23:05:57
VA-VSC-03876,Waco (349),New Enrollment,2026-02-23 14:00:00,2026-03-02 18:21:55,2026-03-03 07:38:15,2026-03-05 17:11:13
VA-VSC-03877,Waco (349),New Enrollment,2026-02-23 16:00:00,2026-03-02 04:36:00,2026-03-03 01:10:03,2026-03-03 14:05:05
VA-VSC-03878,Phoenix (344),New Enrollment,2026-02-23 16:00:00,2026-02-23 18:24:00,2026-02-23 20:48:00,2026-02-28 23:28:56
VA-VSC-03879,Houston (362),New Enrollment,2026-02-23 16:00:00,2026-02-26 07:15:50,2026-02-27 08:39:29,2026-02-28 17:17:44
VA-VSC-03880,Waco (349),New Enrollment,2026-02-24 07:00:00,2026-03-04 08:54:45,2026-03-04 14:16:38,2026-03-06 17:10:43
VA-VSC-03881,Waco (349),Priority Group Upgrade,2026-02-24 07:00:00,2026-03-03 14:03:00,2026-03-15 19:39:11,2026-03-15 22:03:11
VA-VSC-03882,St. Paul (335),,2026-02-24 07:00:00,2026-02-26 11:55:53,2026-02-28 04:35:48,2026-03-04 10:26:01
VA-VSC-03883,Muskogee (351),New Enrollment,2026-02-24 07:00:00,2026-02-26 21:51:51,2026-02-27 16:44:50,2026-02-27 23:50:37
VA-VSC-03884,Waco (349),New Enrollment,2026-02-24 08:00:00,2026-03-01 12:56:28,2026-03-04 15:26:30,2026-03-04 19:10:54
VA-VSC-03885,Phoenix (344),Combat Veteran Auto-Enroll,2026-02-24 08:00:00,2026-02-24 10:24:00,2026-02-26 03:22:43,2026-02-28 10:20:59
VA-VSC-03886,Muskogee (351),Priority Group Upgrade,2026-02-24 09:00:00,2026-02-25 11:26:11,2026-03-07 02:02:48,2026-03-07 06:05:41
VA-VSC-03887,Phoenix (344),Priority Group Upgrade,2026-02-24 09:00:00,2026-02-24 12:12:11,2026-03-07 14:14:19,2026-03-08 23:49:31
VA-VSC-03888,Houston (362),Priority Group Upgrade,2026-02-24 10:00:00,2026-02-27 02:44:46,2026-03-05 15:53:52,2026-03-08 19:15:09
VA-VSC-03889,Houston (362),New Enrollment,2026-02-24 10:00:00,2026-02-24 19:33:39,2026-02-25 07:49:42,2026-03-01 07:38:13
VA-VSC-03890,Waco (349),New Enrollment,2026-02-24 12:00:00,2026-03-01 14:14:03,2026-03-01 23:50:19,2026-03-03 11:29:13
VA-VSC-03891,St. Paul (335),New Enrollment,2026-02-24 14:00:00,2026-02-25 20:38:29,2026-02-25 23:02:29,2026-02-26 16:24:56
VA-VSC-03892,Waco (349),Combat Veteran Auto-Enroll,2026-02-24 14:00:00,2026-03-03 18:56:03,2026-03-04 00:45:26,2026-03-04 12:49:08
VA-VSC-03893,Houston (362),Inter-Facility Transfer,2026-02-24 14:00:00,2026-02-27 02:50:48,2026-02-28 19:13:59,2026-03-02 04:24:01
VA-VSC-03894,Waco (349),Priority Group Upgrade,2026-02-24 15:00:00,2026-03-01 22:31:17,2026-03-06 18:38:06,2026-03-08 11:37:53
VA-VSC-03895,St. Paul (335),New Enrollment,2026-02-24 15:00:00,2026-02-25 06:08:44,2026-02-26 05:27:30,2026-02-26 10:48:48
VA-VSC-03896,Phoenix (344),New Enrollment,2026-02-24 16:00:00,2026-02-24 19:14:34,2026-03-01 19:01:36,2026-03-09 13:18:35
VA-VSC-03897,Waco (349),New Enrollment,2026-02-25 07:00:00,2026-03-02 16:03:34,2026-03-05 00:04:15,2026-03-07 03:15:48
VA-VSC-03898,Phoenix (344),Priority Group Upgrade,2026-02-25 12:00:00,2026-02-25 22:50:22,2026-03-04 12:15:44,2026-03-06 05:53:59
VA-VSC-03899,Waco (349),New Enrollment,2026-02-25 13:00:00,2026-03-05 21:02:03,2026-03-08 05:13:26,2026-03-12 02:31:42
VA-VSC-03900,Phoenix (344),Inter-Facility Transfer,2026-02-25 14:00:00,2026-02-26 01:39:28,2026-02-26 10:22:22,2026-02-28 03:04:52
VA-VSC-03901,Waco (349),New Enrollment,2026-02-25 15:00:00,2026-03-04 07:46:01,2026-03-05 01:21:35,2026-03-08 19:53:34
VA-VSC-03902,Waco (349),Inter-Facility Transfer,2026-02-26 10:00:00,2026-03-06 18:25:49,2026-03-08 00:45:46,2026-03-09 06:02:16
VA-VSC-03903,Phoenix (344),Combat Veteran Auto-Enroll,2026-02-26 12:00:00,2026-03-01 03:16:13,2026-03-01 18:51:34,2026-03-03 19:05:06
VA-VSC-03904,Waco (349),Combat Veteran Auto-Enroll,2026-02-26 14:00:00,2026-03-06 15:06:26,2026-03-06 22:26:32,2026-03-07 14:32:06
VA-VSC-03905,Phoenix (344),Priority Group Upgrade,2026-02-26 14:00:00,2026-03-01 13:20:17,2026-03-06 15:23:37,2026-03-07 00:32:41
VA-VSC-03906,Waco (349),Priority Group Upgrade,2026-02-26 15:00:00,2026-03-06 09:01:13,2026-03-14 21:11:33,2026-03-16 19:12:13
VA-VSC-03907,Waco (349),Priority Group Upgrade,2026-02-27 08:00:00,2026-03-04 21:00:49,2026-03-12 05:43:40,2026-03-20 11:50:10
VA-VSC-03908,Waco (349),Priority Group Upgrade,2026-02-27 09:00:00,2026-03-09 04:20:38,2026-03-15 23:18:19,2026-03-18 15:55:20
VA-VSC-03909,Houston (362),Priority Group Upgrade,2026-02-27 10:00:00,2026-02-27 21:29:48,2026-03-06 04:18:29,2026-03-08 22:31:17
VA-VSC-03910,Waco (349),Inter-Facility Transfer,2026-02-27 10:00:00,2026-03-07 18:47:41,2026-03-09 20:14:03,2026-03-11 22:08:41
VA-VSC-03911,Waco (349),Priority Group Upgrade,2026-02-27 10:00:00,2026-03-06 05:47:38,2026-03-13 15:37:39,2026-03-14 07:34:53
VA-VSC-03912,Waco (349),Combat Veteran Auto-Enroll,2026-02-27 11:00:00,2026-03-05 16:43:24,2026-03-09 08:26:04,2026-03-09 10:50:04
VA-VSC-03913,Waco (349),Combat Veteran Auto-Enroll,2026-02-27 12:00:00,2026-03-06 15:40:58,2026-03-09 12:51:15,2026-03-11 12:42:27
VA-VSC-03914,Muskogee (351),New Enrollment,2026-02-27 12:00:00,2026-02-27 19:55:26,2026-02-28 04:40:17,2026-03-01 19:37:35
VA-VSC-03915,Muskogee (351),New Enrollment,2026-02-27 13:00:00,2026-03-02 09:14:42,2026-03-02 11:56:57,2026-03-04 08:27:40
VA-VSC-03916,Waco (349),Priority Group Upgrade,2026-02-27 14:00:00,2026-03-07 04:38:36,2026-03-11 07:01:36,2026-03-11 12:59:12
VA-VSC-03917,St. Paul (335),Priority Group Upgrade,2026-02-27 16:00:00,2026-02-27 22:21:57,2026-03-05 04:38:10,2026-03-05 11:21:27
VA-VSC-03918,Waco (349),Combat Veteran Auto-Enroll,2026-02-28 08:00:00,2026-03-07 05:55:53,2026-03-08 23:52:37,2026-03-11 10:08:23
VA-VSC-03919,Houston (362),New Enrollment,2026-02-28 08:00:00,2026-03-02 21:11:30,2026-03-07 15:00:00,2026-03-08 14:37:53
VA-VSC-03920,St. Paul (335),Priority Group Upgrade,2026-02-28 11:00:00,2026-03-02 23:32:11,2026-03-11 14:51:27,2026-03-12 10:48:01
VA-VSC-03921,Muskogee (351),Priority Group Upgrade,2026-02-28 11:00:00,2026-02-28 14:14:46,2026-03-08 17:18:20,2026-03-09 00:20:51
VA-VSC-03922,Waco (349),New Enrollment,2026-02-28 13:00:00,2026-03-04 22:30:57,2026-03-08 20:21:34,2026-03-10 15:32:13
VA-VSC-03923,St. Paul (335),Priority Group Upgrade,2026-02-28 14:00:00,2026-03-01 22:03:11,2026-03-10 21:19:09,2026-03-13 05:07:07
VA-VSC-03924,Waco (349),Combat Veteran Auto-Enroll,2026-02-28 14:00:00,2026-03-06 01:36:23,2026-03-07 00:20:41,2026-03-08 03:32:41
VA-VSC-03925,Muskogee (351),New Enrollment,2026-02-28 15:00:00,2026-03-02 14:59:59,2026-03-07 05:36:47,2026-03-08 00:38:29
VA-VSC-03926,Waco (349),Priority Group Upgrade,2026-03-01 08:00:00,2026-03-06 02:48:04,2026-03-14 07:46:22,2026-03-18 20:07:47
VA-VSC-03927,Houston (362),Priority Group Upgrade,2026-03-01 11:00:00,2026-03-02 00:14:45,2026-03-10 00:56:03,2026-03-11 02:52:36
VA-VSC-03928,Houston (362),New Enrollment,2026-03-01 12:00:00,2026-03-03 17:03:18,2026-03-04 03:41:15,2026-03-06 02:26:24
VA-VSC-03929,Houston (362),New Enrollment,2026-03-01 12:00:00,2026-03-01 14:24:00,2026-03-03 10:36:56,2026-03-10 10:43:35
VA-VSC-03930,Waco (349),Inter-Facility Transfer,2026-03-01 14:00:00,2026-03-09 15:36:16,2026-03-10 19:07:37,2026-03-13 21:45:03
VA-VSC-03931,Muskogee (351),New Enrollment,2026-03-01 16:00:00,2026-03-05 02:57:40,2026-03-05 11:43:21,2026-03-08 15:23:03
VA-VSC-03932,Waco (349),New Enrollment,2026-03-02 07:00:00,2026-03-08 09:19:43,2026-03-11 12:45:13,2026-03-11 17:43:24
VA-VSC-03933,Houston (362),New Enrollment,2026-03-02 09:00:00,2026-03-02 14:31:57,2026-03-02 20:43:33,2026-03-04 11:38:27
VA-VSC-03934,Waco (349),Priority Group Upgrade,2026-03-02 12:00:00,2026-03-08 20:35:58,2026-03-16 07:55:01,2026-03-20 00:13:25
VA-VSC-03935,Waco (349),Priority Group Upgrade,2026-03-02 13:00:00,2026-03-10 07:45:43,2026-03-15 13:28:00,2026-03-16 11:25:35
VA-VSC-03936,Waco (349),Priority Group Upgrade,2026-03-02 13:00:00,2026-03-07 17:28:52,2026-03-16 04:51:06,2026-03-18 19:30:11
VA-VSC-03937,Waco (349),New Enrollment,2026-03-03 07:00:00,2026-03-08 18:51:28,2026-03-08 21:15:28,2026-03-10 09:58:18
VA-VSC-03938,Waco (349),Combat Veteran Auto-Enroll,2026-03-03 07:00:00,2026-03-05 21:44:59,2026-03-08 05:32:38,2026-03-09 15:23:31
VA-VSC-03939,Waco (349),New Enrollment,2026-03-03 11:00:00,2026-03-08 21:45:18,2026-03-09 18:03:46,2026-03-09 20:27:46
VA-VSC-03940,Waco (349),New Enrollment,2026-03-03 11:00:00,2026-03-07 20:45:48,2026-03-08 22:04:55,2026-03-09 05:53:23
VA-VSC-03941,St. Paul (335),Priority Group Upgrade,2026-03-03 14:00:00,2026-03-03 16:58:02,2026-03-12 02:57:16,2026-03-13 00:09:32
VA-VSC-03942,Phoenix (344),New Enrollment,2026-03-03 16:00:00,2026-03-03 18:24:00,2026-03-03 23:53:59,2026-03-04 18:41:02
VA-VSC-03943,Waco (349),Combat Veteran Auto-Enroll,2026-03-04 07:00:00,2026-03-09 13:00:41,2026-03-11 23:01:15,2026-03-15 15:58:17
VA-VSC-03944,Waco (349),Inter-Facility Transfer,2026-03-04 08:00:00,2026-03-10 09:34:33,2026-03-12 20:21:27,2026-03-19 11:33:11
VA-VSC-03945,Waco (349),New Enrollment,2026-03-04 08:00:00,2026-03-08 03:50:29,2026-03-08 23:03:41,2026-03-11 14:37:25
VA-VSC-03946,Waco (349),Combat Veteran Auto-Enroll,2026-03-04 09:00:00,2026-03-10 15:57:03,2026-03-11 16:07:41,2026-03-12 00:23:30
VA-VSC-03947,Houston (362),Combat Veteran Auto-Enroll,2026-03-04 09:00:00,2026-03-05 23:27:58,2026-03-08 00:08:09,2026-03-11 16:43:27
VA-VSC-03948,Houston (362),,2026-03-04 09:00:00,2026-03-04 22:39:16,2026-03-05 01:03:16,2026-03-05 15:29:26
VA-VSC-03949,Waco (349),New Enrollment,2026-03-04 10:00:00,2026-03-12 04:38:47,2026-03-13 23:16:40,2026-03-14 22:22:54
VA-VSC-03950,Waco (349),Priority Group Upgrade,2026-03-04 12:00:00,2026-03-12 16:03:16,2026-03-21 14:36:22,2026-03-22 18:22:23
VA-VSC-03951,Waco (349),New Enrollment,2026-03-04 13:00:00,2026-03-10 20:18:06,2026-03-11 20:27:16,2026-03-14 06:38:45
VA-VSC-03952,Phoenix (344),Combat Veteran Auto-Enroll,2026-03-04 13:00:00,2026-03-04 15:37:18,2026-03-07 00:14:08,2026-03-07 12:17:07
VA-VSC-03953,Muskogee (351),New Enrollment,2026-03-04 14:00:00,2026-03-05 10:08:27,2026-03-09 15:45:43,2026-03-11 08:25:18
VA-VSC-03954,Waco (349),Priority Group Upgrade,2026-03-04 14:00:00,2026-03-10 02:40:32,2026-03-21 09:33:42,2026-03-21 16:26:06
VA-VSC-03955,Waco (349),New Enrollment,2026-03-04 14:00:00,2026-03-12 20:42:33,2026-03-16 17:06:45,2026-03-17 12:30:49
VA-VSC-03956,Phoenix (344),New Enrollment,2026-03-04 14:00:00,2026-03-05 11:35:23,2026-03-06 10:57:52,2026-03-07 06:41:46
VA-VSC-03957,Muskogee (351),Priority Group Upgrade,2026-03-04 15:00:00,2026-03-07 11:57:21,2026-03-17 03:07:07,2026-03-18 15:12:06
VA-VSC-03958,Waco (349),Combat Veteran Auto-Enroll,2026-03-04 15:00:00,2026-03-13 08:42:58,2026-03-13 11:14:17,2026-03-16 12:11:53
VA-VSC-03959,Waco (349),Priority Group Upgrade,2026-03-04 15:00:00,2026-03-11 16:28:44,2026-03-20 02:50:39,2026-03-21 02:44:43
VA-VSC-03960,Waco (349),Combat Veteran Auto-Enroll,2026-03-04 15:00:00,2026-03-11 20:53:14,2026-03-12 00:47:19,2026-03-12 03:11:19
VA-VSC-03961,Houston (362),New Enrollment,2026-03-04 16:00:00,2026-03-04 18:53:56,2026-03-05 08:45:01,2026-03-05 11:09:01
VA-VSC-03962,Waco (349),Priority Group Upgrade,2026-03-04 16:00:00,2026-03-09 01:21:57,2026-03-13 14:01:57,2026-03-16 06:01:40
VA-VSC-03963,Waco (349),Priority Group Upgrade,2026-03-04 16:00:00,2026-03-08 22:21:41,2026-03-24 08:04:44,2026-03-25 00:08:38
VA-VSC-03964,Houston (362),New Enrollment,2026-03-05 07:00:00,2026-03-07 19:33:08,2026-03-08 13:12:54,2026-03-13 04:10:27
VA-VSC-03965,Waco (349),Priority Group Upgrade,2026-03-05 07:00:00,2026-03-09 17:58:27,2026-03-16 06:49:05,2026-03-17 17:45:05
VA-VSC-03966,St. Paul (335),Priority Group Upgrade,2026-03-05 08:00:00,2026-03-05 15:42:48,2026-03-19 23:42:54,2026-03-20 02:06:54
VA-VSC-03967,Waco (349),Priority Group Upgrade,2026-03-05 08:00:00,2026-03-10 15:31:44,2026-03-18 16:41:19,2026-03-20 10:58:42
VA-VSC-03968,Waco (349),Priority Group Upgrade,2026-03-05 11:00:00,2026-03-10 17:16:48,2026-03-19 23:35:30,2026-03-22 04:41:55
VA-VSC-03969,Houston (362),Priority Group Upgrade,2026-03-05 12:00:00,2026-03-12 16:01:51,2026-03-22 22:43:14,2026-03-23 19:40:23
VA-VSC-03970,Waco (349),New Enrollment,2026-03-05 13:00:00,2026-03-09 02:42:50,2026-03-12 15:20:10,2026-03-12 19:58:39
VA-VSC-03971,Muskogee (351),New Enrollment,2026-03-05 14:00:00,2026-03-06 00:03:44,2026-03-13 17:29:05,2026-03-16 08:58:05
VA-VSC-03972,Waco (349),Priority Group Upgrade,2026-03-05 15:00:00,2026-03-10 09:25:03,2026-03-18 18:11:41,2026-03-20 02:29:02
VA-VSC-03973,Waco (349),New Enrollment,2026-03-05 15:00:00,2026-03-11 16:41:22,2026-03-12 02:54:58,2026-03-13 16:01:52
VA-VSC-03974,St. Paul (335),New Enrollment,2026-03-06 08:00:00,2026-03-06 17:55:01,2026-03-06 23:38:45,2026-03-17 10:31:11
VA-VSC-03975,Waco (349),New Enrollment,2026-03-06 08:00:00,2026-03-14 09:47:12,2026-03-15 22:04:15,2026-03-20 08:41:53
VA-VSC-03976,Phoenix (344),Priority Group Upgrade,2026-03-06 10:00:00,2026-03-07 07:03:33,2026-03-17 17:36:44,2026-03-19 09:52:39
VA-VSC-03977,Waco (349),New Enrollment,2026-03-06 11:00:00,2026-03-11 22:17:34,2026-03-12 14:44:48,2026-03-13 19:05:18
VA-VSC-03978,Waco (349),Priority Group Upgrade,2026-03-06 12:00:00,2026-03-14 15:59:36,2026-03-21 14:58:29,2026-03-22 08:46:34
VA-VSC-03979,Waco (349),Priority Group Upgrade,2026-03-06 12:00:00,2026-03-12 22:00:50,2026-03-20 19:08:45,2026-03-22 16:34:52
VA-VSC-03980,Waco (349),New Enrollment,2026-03-06 13:00:00,2026-03-14 02:21:54,2026-03-14 10:30:11,2026-03-16 00:19:59
VA-VSC-03981,Phoenix (344),Combat Veteran Auto-Enroll,2026-03-06 14:00:00,2026-03-07 06:22:05,2026-03-08 11:38:10,2026-03-08 18:37:37
VA-VSC-03982,St. Paul (335),,2026-03-06 15:00:00,2026-03-07 03:54:30,2026-03-16 09:22:34,2026-03-18 00:37:24
VA-VSC-03983,Waco (349),Priority Group Upgrade,2026-03-07 10:00:00,2026-03-19 05:31:55,2026-03-31 01:31:52,2026-03-31 22:57:49
VA-VSC-03984,Waco (349),Priority Group Upgrade,2026-03-07 10:00:00,2026-03-10 10:08:56,2026-03-18 11:32:57,2026-03-19 00:08:55
VA-VSC-03985,St. Paul (335),New Enrollment,2026-03-07 11:00:00,2026-03-08 00:58:12,2026-03-08 07:43:43,2026-03-12 16:37:47
VA-VSC-03986,Muskogee (351),Priority Group Upgrade,2026-03-07 11:00:00,2026-03-09 22:41:32,2026-03-17 02:10:45,2026-03-18 01:57:50
VA-VSC-03987,Waco (349),New Enrollment,2026-03-07 13:00:00,2026-03-13 04:05:52,2026-03-13 08:09:41,2026-03-13 23:40:00
VA-VSC-03988,Waco (349),Inter-Facility Transfer,2026-03-07 15:00:00,2026-03-17 12:50:32,2026-03-20 01:54:57,2026-03-22 16:44:13
VA-VSC-03989,Waco (349),Combat Veteran Auto-Enroll,2026-03-08 08:00:00,2026-03-13 06:56:13,2026-03-15 11:49:51,2026-03-21 08:51:33
VA-VSC-03990,Phoenix (344),Priority Group Upgrade,2026-03-08 09:00:00,2026-03-08 14:09:14,2026-03-16 21:15:44,2026-03-17 16:44:03
VA-VSC-03991,Waco (349),New Enrollment,2026-03-08 09:00:00,2026-03-16 08:48:53,2026-03-17 18:51:52,2026-03-20 01:02:03
VA-VSC-03992,Waco (349),New Enrollment,2026-03-08 10:00:00,2026-03-13 22:56:06,2026-03-15 18:59:22,2026-03-16 18:08:24
VA-VSC-03993,St. Paul (335),New Enrollment,2026-03-08 10:00:00,2026-03-12 22:06:49,2026-03-14 14:02:52,2026-03-16 17:49:09
VA-VSC-03994,Waco (349),Priority Group Upgrade,2026-03-08 10:00:00,2026-03-16 01:30:06,2026-03-31 04:30:23,2026-03-31 15:05:12
VA-VSC-03995,Waco (349),New Enrollment,2026-03-08 10:00:00,2026-03-16 17:05:38,2026-03-16 20:53:40,2026-03-18 19:45:58
VA-VSC-03996,Waco (349),Priority Group Upgrade,2026-03-08 14:00:00,2026-03-14 10:34:28,2026-03-22 15:03:40,2026-03-23 07:46:25
VA-VSC-03997,Waco (349),New Enrollment,2026-03-08 14:00:00,2026-03-15 20:04:59,2026-03-22 08:36:05,2026-03-23 00:36:14
VA-VSC-03998,Waco (349),Inter-Facility Transfer,2026-03-08 16:00:00,2026-03-15 22:06:14,2026-03-17 15:23:10,2026-03-17 21:48:29
VA-VSC-03999,Waco (349),New Enrollment,2026-03-08 16:00:00,2026-03-13 11:38:53,2026-03-14 12:07:17,2026-03-16 11:55:39
VA-VSC-04000,Waco (349),Inter-Facility Transfer,2026-03-09 07:00:00,2026-03-17 10:25:06,2026-03-19 09:19:47,2026-03-23 09:47:51
VA-VSC-04001,Houston (362),Inter-Facility Transfer,2026-03-09 07:00:00,2026-03-10 20:56:30,2026-03-11 09:47:45,2026-03-18 07:15:01
VA-VSC-04002,St. Paul (335),Priority Group Upgrade,2026-03-09 07:00:00,2026-03-11 16:43:05,2026-03-17 03:51:51,2026-03-19 09:49:23
VA-VSC-04003,St. Paul (335),Priority Group Upgrade,2026-03-09 16:00:00,2026-03-11 04:26:09,2026-03-20 08:42:00,2026-03-24 08:22:28
VA-VSC-04004,Waco (349),New Enrollment,2026-03-10 12:00:00,2026-03-17 07:38:40,2026-03-18 02:30:28,2026-03-19 05:49:15
VA-VSC-04005,Waco (349),Priority Group Upgrade,2026-03-10 12:00:00,2026-03-16 21:22:28,2026-03-21 06:26:33,2026-03-21 10:45:06
VA-VSC-04006,Waco (349),New Enrollment,2026-03-10 15:00:00,2026-03-16 22:30:05,2026-03-18 23:29:37,2026-03-20 07:51:55
VA-VSC-04007,Waco (349),New Enrollment,2026-03-10 15:00:00,2026-03-15 08:35:58,2026-03-17 15:16:35,2026-03-18 00:48:05
VA-VSC-04008,Waco (349),Priority Group Upgrade,2026-03-10 15:00:00,2026-03-17 12:57:56,2026-03-27 03:35:21,2026-04-02 20:12:45
VA-VSC-04009,Houston (362),Priority Group Upgrade,2026-03-10 15:00:00,2026-03-12 08:00:22,2026-03-17 21:03:23,2026-03-23 22:35:49
VA-VSC-04010,Waco (349),Priority Group Upgrade,2026-03-11 07:00:00,2026-03-15 14:36:23,2026-03-23 09:32:19,2026-03-26 09:13:59
VA-VSC-04011,Waco (349),New Enrollment,2026-03-11 07:00:00,2026-03-18 02:46:24,2026-03-24 06:12:41,2026-03-24 18:52:29
VA-VSC-04012,Waco (349),New Enrollment,2026-03-11 07:00:00,2026-03-14 22:50:22,2026-03-16 20:04:50,2026-03-17 05:35:10
VA-VSC-04013,Houston (362),New Enrollment,2026-03-11 09:00:00,2026-03-11 14:19:17,2026-03-12 21:31:35,2026-03-13 19:58:21
VA-VSC-04014,Waco (349),New Enrollment,2026-03-11 09:00:00,2026-03-16 09:01:03,2026-03-16 16:51:54,2026-03-19 14:57:59
VA-VSC-04015,Houston (362),New Enrollment,2026-03-11 13:00:00,2026-03-11 23:53:02,2026-03-12 14:59:28,2026-03-13 04:56:16
VA-VSC-04016,Waco (349),,2026-03-11 15:00:00,2026-03-16 21:54:57,2026-03-17 20:20:16,2026-03-19 08:32:42
VA-VSC-04017,Phoenix (344),New Enrollment,2026-03-11 15:00:00,2026-03-12 18:17:08,2026-03-12 21:40:04,2026-03-15 09:08:34
VA-VSC-04018,Phoenix (344),Combat Veteran Auto-Enroll,2026-03-11 16:00:00,2026-03-12 06:14:21,2026-03-14 23:41:51,2026-03-20 16:48:31
VA-VSC-04019,Waco (349),New Enrollment,2026-03-11 16:00:00,2026-03-17 12:46:02,2026-03-18 10:59:13,2026-03-20 05:48:03
VA-VSC-04020,Waco (349),Priority Group Upgrade,2026-03-12 07:00:00,2026-03-18 04:58:10,2026-03-27 09:28:09,2026-03-28 12:42:15
VA-VSC-04021,Waco (349),New Enrollment,2026-03-12 08:00:00,2026-03-18 13:18:36,2026-03-18 18:53:16,2026-03-20 10:36:33
VA-VSC-04022,Waco (349),Combat Veteran Auto-Enroll,2026-03-12 09:00:00,2026-03-20 18:57:14,2026-03-20 23:22:24,2026-03-22 06:23:44
VA-VSC-04023,Houston (362),Priority Group Upgrade,2026-03-12 13:00:00,2026-03-13 01:43:09,2026-03-25 11:13:14,2026-03-25 13:39:49
VA-VSC-04024,Phoenix (344),New Enrollment,2026-03-12 14:00:00,2026-03-17 12:11:59,2026-03-20 02:55:35,2026-03-20 06:43:13
VA-VSC-04025,Houston (362),Priority Group Upgrade,2026-03-12 14:00:00,2026-03-13 13:43:59,2026-03-20 11:37:24,2026-03-23 18:27:02
VA-VSC-04026,Phoenix (344),New Enrollment,2026-03-12 14:00:00,2026-03-12 16:24:00,2026-03-13 00:18:15,2026-03-14 08:32:56
VA-VSC-04027,Waco (349),Priority Group Upgrade,2026-03-13 07:00:00,2026-03-18 00:40:21,2026-03-29 09:21:09,2026-04-01 19:52:04
VA-VSC-04028,Waco (349),New Enrollment,2026-03-13 08:00:00,2026-03-20 04:00:13,2026-03-20 09:20:11,2026-03-20 23:48:41
VA-VSC-04029,St. Paul (335),Inter-Facility Transfer,2026-03-13 09:00:00,2026-03-13 11:53:47,2026-03-14 06:07:59,2026-03-20 00:23:28
VA-VSC-04030,Waco (349),New Enrollment,2026-03-13 10:00:00,2026-03-21 08:47:26,2026-03-22 07:22:26,2026-03-22 14:44:02
VA-VSC-04031,Houston (362),New Enrollment,2026-03-13 13:00:00,2026-03-13 18:38:56,2026-03-14 11:42:57,2026-03-14 23:02:06
VA-VSC-04032,Waco (349),Priority Group Upgrade,2026-03-13 16:00:00,2026-03-19 22:18:25,2026-03-26 17:07:16,2026-03-28 10:55:37
VA-VSC-04033,Waco (349),New Enrollment,2026-03-14 09:00:00,2026-03-21 12:48:28,2026-03-22 13:07:09,2026-03-22 17:59:31
VA-VSC-04034,Muskogee (351),Combat Veteran Auto-Enroll,2026-03-14 10:00:00,2026-03-14 18:10:19,2026-03-16 04:06:43,2026-03-17 05:02:06
VA-VSC-04035,Waco (349),Priority Group Upgrade,2026-03-14 10:00:00,2026-03-21 09:09:04,2026-03-30 00:02:49,2026-03-31 07:56:36
VA-VSC-04036,Muskogee (351),Priority Group Upgrade,2026-03-14 11:00:00,2026-03-14 13:24:00,2026-03-23 16:01:26,2026-03-24 09:29:20
VA-VSC-04037,Muskogee (351),New Enrollment,2026-03-14 12:00:00,2026-03-15 04:12:05,2026-03-15 15:47:22,2026-03-17 18:22:53
VA-VSC-04038,St. Paul (335),Combat Veteran Auto-Enroll,2026-03-14 12:00:00,2026-03-14 18:15:03,2026-03-16 14:05:39,2026-03-19 13:18:03
VA-VSC-04039,Houston (362),Priority Group Upgrade,2026-03-14 13:00:00,2026-03-14 16:49:23,2026-03-25 07:48:41,2026-03-31 20:04:20
VA-VSC-04040,Houston (362),New Enrollment,2026-03-14 13:00:00,2026-03-14 15:24:00,2026-03-16 17:03:45,2026-03-18 00:17:31
VA-VSC-04041,Phoenix (344),New Enrollment,2026-03-14 13:00:00,2026-03-16 01:46:56,2026-03-18 13:24:50,2026-03-20 01:01:32
VA-VSC-04042,Waco (349),New Enrollment,2026-03-14 14:00:00,2026-03-21 22:28:20,2026-03-22 03:58:03,2026-03-22 12:21:55
VA-VSC-04043,Waco (349),Inter-Facility Transfer,2026-03-14 15:00:00,2026-03-23 02:02:22,2026-03-23 06:47:17,2026-03-24 06:05:55
VA-VSC-04044,Houston (362),New Enrollment,2026-03-14 15:00:00,2026-03-15 09:42:20,2026-03-23 20:44:18,2026-03-26 12:51:26
VA-VSC-04045,Waco (349),Priority Group Upgrade,2026-03-14 16:00:00,2026-03-21 14:59:16,2026-03-27 23:32:37,2026-03-28 13:33:04
VA-VSC-04046,Waco (349),New Enrollment,2026-03-15 09:00:00,2026-03-20 18:35:13,2026-03-21 01:15:15,2026-03-21 07:56:53
VA-VSC-04047,Waco (349),New Enrollment,2026-03-15 12:00:00,2026-03-21 21:25:52,2026-03-22 06:51:18,2026-03-23 14:10:52
VA-VSC-04048,Houston (362),Priority Group Upgrade,2026-03-15 13:00:00,2026-03-16 11:26:47,2026-03-23 20:03:16,2026-03-24 11:31:03
VA-VSC-04049,Phoenix (344),Inter-Facility Transfer,2026-03-15 14:00:00,2026-03-15 23:24:18,2026-03-18 09:35:26,2026-03-20 22:26:49
VA-VSC-04050,Waco (349),Priority Group Upgrade,2026-03-15 14:00:00,2026-03-22 04:03:07,2026-03-31 00:20:29,2026-03-31 05:04:56
VA-VSC-04051,Muskogee (351),Combat Veteran Auto-Enroll,2026-03-15 15:00:00,2026-03-16 16:42:45,2026-03-20 11:00:43,2026-03-20 19:52:37
VA-VSC-04052,Houston (362),Priority Group Upgrade,2026-03-16 07:00:00,2026-03-17 16:25:16,2026-03-29 07:46:28,2026-03-30 01:35:10
VA-VSC-04053,Phoenix (344),New Enrollment,2026-03-16 08:00:00,2026-03-16 21:38:12,2026-03-17 05:49:14,2026-03-21 19:30:57
VA-VSC-04054,Houston (362),New Enrollment,2026-03-16 10:00:00,2026-03-18 01:29:45,2026-03-18 16:28:42,2026-03-19 08:31:28
VA-VSC-04055,St. Paul (335),Priority Group Upgrade,2026-03-16 13:00:00,2026-03-18 03:21:26,2026-03-26 09:35:20,2026-03-28 21:59:06
VA-VSC-04056,Waco (349),Inter-Facility Transfer,2026-03-16 14:00:00,2026-03-23 00:51:16,2026-03-23 10:10:01,2026-03-27 06:08:04
VA-VSC-04057,St. Paul (335),Combat Veteran Auto-Enroll,2026-03-16 14:00:00,2026-03-17 10:38:16,2026-03-18 16:57:06,2026-03-22 05:31:17
VA-VSC-04058,Waco (349),New Enrollment,2026-03-16 15:00:00,2026-03-25 04:16:06,2026-03-28 02:05:44,2026-03-29 12:04:15
VA-VSC-04059,Phoenix (344),New Enrollment,2026-03-17 07:00:00,2026-03-18 11:13:15,2026-03-21 08:37:53,2026-03-21 21:19:18
VA-VSC-04060,Muskogee (351),New Enrollment,2026-03-17 08:00:00,2026-03-18 00:54:22,2026-03-19 11:48:04,2026-03-24 10:12:31
VA-VSC-04061,Waco (349),Inter-Facility Transfer,2026-03-17 08:00:00,2026-03-21 03:15:24,2026-03-21 11:51:37,2026-03-22 00:41:02
VA-VSC-04062,Waco (349),Combat Veteran Auto-Enroll,2026-03-17 09:00:00,2026-03-22 11:58:36,2026-03-25 18:01:59,2026-03-27 18:40:16
VA-VSC-04063,St. Paul (335),Combat Veteran Auto-Enroll,2026-03-17 09:00:00,2026-03-17 16:57:42,2026-03-20 16:43:11,2026-03-22 16:42:36
VA-VSC-04064,Waco (349),New Enrollment,2026-03-17 10:00:00,2026-03-23 08:53:59,2026-03-24 01:03:35,2026-03-27 03:57:46
VA-VSC-04065,Phoenix (344),Priority Group Upgrade,2026-03-17 11:00:00,2026-03-17 15:30:13,2026-03-29 07:57:43,2026-03-30 01:36:08
VA-VSC-04066,Waco (349),Priority Group Upgrade,2026-03-17 12:00:00,2026-03-23 22:12:17,2026-03-31 07:40:30,2026-03-31 22:23:58
VA-VSC-04067,Waco (349),New Enrollment,2026-03-17 12:00:00,2026-03-24 14:32:14,2026-03-24 20:43:16,2026-03-26 18:47:39
VA-VSC-04068,Muskogee (351),Priority Group Upgrade,2026-03-17 13:00:00,2026-03-18 18:34:30,2026-03-30 20:12:46,2026-04-04 17:43:39
VA-VSC-04069,Houston (362),New Enrollment,2026-03-17 15:00:00,2026-03-17 22:32:28,2026-03-19 06:26:38,2026-03-19 10:21:34
VA-VSC-04070,Phoenix (344),New Enrollment,2026-03-17 15:00:00,2026-03-17 18:41:10,2026-03-19 08:55:44,2026-03-20 16:55:43
VA-VSC-04071,Waco (349),Combat Veteran Auto-Enroll,2026-03-17 16:00:00,2026-03-23 19:23:42,2026-03-24 15:21:33,2026-03-24 21:54:41
VA-VSC-04072,Houston (362),Combat Veteran Auto-Enroll,2026-03-18 07:00:00,2026-03-24 17:15:17,2026-03-25 12:40:14,2026-03-26 22:06:22
VA-VSC-04073,Houston (362),New Enrollment,2026-03-18 10:00:00,2026-03-20 04:17:19,2026-03-21 16:42:41,2026-03-25 09:06:12
VA-VSC-04074,Houston (362),Priority Group Upgrade,2026-03-18 11:00:00,2026-03-19 06:11:29,2026-03-29 12:26:24,2026-04-01 16:56:02
VA-VSC-04075,Houston (362),New Enrollment,2026-03-18 12:00:00,2026-03-19 02:46:38,2026-03-19 20:03:38,2026-03-25 03:21:26
VA-VSC-04076,Houston (362),Priority Group Upgrade,2026-03-18 13:00:00,2026-03-19 22:12:57,2026-03-25 15:13:12,2026-03-28 11:17:23
VA-VSC-04077,Waco (349),Combat Veteran Auto-Enroll,2026-03-19 07:00:00,2026-03-25 02:05:53,2026-03-26 07:29:08,2026-03-26 09:53:08
VA-VSC-04078,Waco (349),,2026-03-19 08:00:00,2026-03-23 20:36:40,2026-03-25 23:21:47,2026-03-26 07:58:29
VA-VSC-04079,St. Paul (335),Priority Group Upgrade,2026-03-19 10:00:00,2026-03-21 09:16:27,2026-03-30 03:31:23,2026-03-30 23:02:31
VA-VSC-04080,Waco (349),New Enrollment,2026-03-19 11:00:00,2026-03-28 07:37:16,2026-03-28 13:43:19,2026-04-01 04:17:00
VA-VSC-04081,Houston (362),New Enrollment,2026-03-19 13:00:00,2026-03-22 02:54:50,2026-03-22 05:18:50,2026-03-22 08:38:20
VA-VSC-04082,Waco (349),Priority Group Upgrade,2026-03-19 13:00:00,2026-03-25 08:34:47,2026-03-29 14:39:27,2026-03-31 18:10:51
VA-VSC-04083,Houston (362),New Enrollment,2026-03-19 14:00:00,2026-03-19 18:39:37,2026-03-20 00:19:43,2026-03-26 03:20:28
VA-VSC-04084,St. Paul (335),Combat Veteran Auto-Enroll,2026-03-19 14:00:00,2026-03-21 00:03:27,2026-03-22 07:45:21,2026-03-23 02:26:36
VA-VSC-04085,Waco (349),New Enrollment,2026-03-20 07:00:00,2026-03-26 16:37:46,2026-03-26 20:00:04,2026-04-08 10:05:37
VA-VSC-04086,Waco (349),New Enrollment,2026-03-20 07:00:00,2026-03-25 05:01:26,2026-03-26 15:59:42,2026-03-28 10:31:51
VA-VSC-04087,Waco (349),New Enrollment,2026-03-20 07:00:00,2026-03-25 17:35:27,2026-03-26 22:17:59,2026-03-27 01:47:37
VA-VSC-04088,Houston (362),Inter-Facility Transfer,2026-03-20 07:00:00,2026-03-20 09:24:00,2026-03-21 15:01:18,2026-03-26 16:08:39
VA-VSC-04089,Phoenix (344),New Enrollment,2026-03-20 08:00:00,2026-03-23 06:44:57,2026-03-23 09:08:57,2026-03-23 14:36:09
VA-VSC-04090,Waco (349),Priority Group Upgrade,2026-03-20 08:00:00,2026-03-26 22:29:45,2026-04-06 16:14:22,2026-04-12 20:30:28
VA-VSC-04091,St. Paul (335),New Enrollment,2026-03-20 09:00:00,2026-03-20 15:26:43,2026-03-20 18:09:34,2026-03-20 20:33:34
VA-VSC-04092,Waco (349),New Enrollment,2026-03-20 11:00:00,2026-03-26 05:09:35,2026-03-26 07:33:35,2026-03-29 00:04:45
VA-VSC-04093,Waco (349),Priority Group Upgrade,2026-03-20 11:00:00,2026-03-28 15:30:22,2026-04-03 09:33:45,2026-04-08 02:15:57
VA-VSC-04094,Muskogee (351),Priority Group Upgrade,2026-03-20 12:00:00,2026-03-22 06:57:24,2026-03-29 04:02:39,2026-04-03 10:52:40
VA-VSC-04095,Waco (349),Priority Group Upgrade,2026-03-20 13:00:00,2026-03-25 08:14:07,2026-04-02 20:31:29,2026-04-11 22:02:34
VA-VSC-04096,Waco (349),Combat Veteran Auto-Enroll,2026-03-20 13:00:00,2026-03-25 08:44:58,2026-03-25 15:53:13,2026-03-25 18:17:13
VA-VSC-04097,Waco (349),New Enrollment,2026-03-20 15:00:00,2026-03-26 15:26:43,2026-03-27 08:17:22,2026-03-29 23:39:59
VA-VSC-04098,Waco (349),New Enrollment,2026-03-20 16:00:00,2026-03-25 03:47:55,2026-03-25 06:11:55,2026-03-25 08:35:55
VA-VSC-04099,Waco (349),Inter-Facility Transfer,2026-03-21 07:00:00,2026-03-26 02:47:27,2026-04-01 12:14:36,2026-04-02 09:14:51
VA-VSC-04100,Waco (349),New Enrollment,2026-03-21 09:00:00,2026-03-27 14:49:18,2026-03-27 22:37:34,2026-04-01 12:07:47
VA-VSC-04101,Houston (362),Priority Group Upgrade,2026-03-21 09:00:00,2026-03-21 12:49:06,2026-03-29 08:36:47,2026-03-29 14:19:41
VA-VSC-04102,Waco (349),Combat Veteran Auto-Enroll,2026-03-21 10:00:00,2026-04-01 00:39:08,2026-04-01 09:08:12,2026-04-03 10:35:53
VA-VSC-04103,Waco (349),New Enrollment,2026-03-21 11:00:00,2026-03-27 23:24:56,2026-03-29 11:43:22,2026-03-29 14:07:22
VA-VSC-04104,Waco (349),Priority Group Upgrade,2026-03-21 13:00:00,2026-04-02 17:19:58,2026-04-08 06:15:38,2026-04-08 08:43:50
VA-VSC-04105,Waco (349),New Enrollment,2026-03-21 14:00:00,2026-03-27 05:51:59,2026-03-28 04:51:13,2026-03-28 07:15:13
VA-VSC-04106,Houston (362),New Enrollment,2026-03-21 14:00:00,2026-03-21 20:13:26,2026-03-23 14:53:03,2026-03-26 16:45:11
VA-VSC-04107,Muskogee (351),New Enrollment,2026-03-21 16:00:00,2026-03-23 22:42:04,2026-03-24 03:52:20,2026-03-25 09:03:05
VA-VSC-04108,Waco (349),Combat Veteran Auto-Enroll,2026-03-21 16:00:00,2026-03-29 11:54:57,2026-03-31 17:09:06,2026-03-31 23:07:20
VA-VSC-04109,Phoenix (344),New Enrollment,2026-03-21 16:00:00,2026-03-22 12:06:25,2026-03-26 08:07:14,2026-03-27 11:57:19
VA-VSC-04110,Houston (362),Priority Group Upgrade,2026-03-22 07:00:00,2026-03-24 11:19:02,2026-04-01 02:09:01,2026-04-01 07:34:20
VA-VSC-04111,Houston (362),Inter-Facility Transfer,2026-03-22 08:00:00,2026-03-23 14:15:04,2026-03-25 14:35:16,2026-03-27 13:14:32
VA-VSC-04112,Waco (349),Priority Group Upgrade,2026-03-22 10:00:00,2026-03-28 00:18:25,2026-03-29 20:16:40,2026-04-04 01:00:20
VA-VSC-04113,Waco (349),Priority Group Upgrade,2026-03-22 10:00:00,2026-04-05 12:57:52,2026-04-11 23:24:11,2026-04-15 19:48:13
VA-VSC-04114,Waco (349),Priority Group Upgrade,2026-03-22 10:00:00,2026-03-28 05:01:09,2026-04-09 04:18:42,2026-04-10 06:56:56
VA-VSC-04115,Houston (362),New Enrollment,2026-03-22 14:00:00,2026-03-23 17:48:48,2026-03-25 23:41:15,2026-03-31 17:08:40
VA-VSC-04116,Waco (349),Priority Group Upgrade,2026-03-22 15:00:00,2026-03-30 12:55:52,2026-04-08 10:28:30,2026-04-08 12:52:30
VA-VSC-04117,Phoenix (344),Priority Group Upgrade,2026-03-23 07:00:00,2026-03-23 12:58:54,2026-04-02 16:34:34,2026-04-03 18:29:09
VA-VSC-04118,Waco (349),Inter-Facility Transfer,2026-03-23 07:00:00,2026-03-31 03:05:24,2026-03-31 05:29:24,2026-04-03 11:16:09
VA-VSC-04119,Waco (349),Inter-Facility Transfer,2026-03-23 07:00:00,2026-03-28 21:30:55,2026-03-29 15:38:29,2026-03-30 23:36:11
VA-VSC-04120,St. Paul (335),Combat Veteran Auto-Enroll,2026-03-23 08:00:00,2026-03-26 17:02:20,2026-03-28 07:36:02,2026-03-29 00:03:40
VA-VSC-04121,Waco (349),Combat Veteran Auto-Enroll,2026-03-23 08:00:00,2026-03-27 00:06:15,2026-03-27 19:43:02,2026-03-29 00:33:25
VA-VSC-04122,Waco (349),Priority Group Upgrade,2026-03-23 08:00:00,2026-03-30 21:37:45,2026-04-04 05:25:22,2026-04-05 20:52:45
VA-VSC-04123,Houston (362),Priority Group Upgrade,2026-03-23 10:00:00,2026-03-25 12:21:51,2026-04-03 06:55:35,2026-04-05 08:44:05
VA-VSC-04124,Phoenix (344),Combat Veteran Auto-Enroll,2026-03-23 15:00:00,2026-03-24 10:49:58,2026-03-28 01:21:25,2026-03-30 10:11:09
VA-VSC-04125,St. Paul (335),New Enrollment,2026-03-23 15:00:00,2026-03-24 04:51:10,2026-03-24 14:39:59,2026-03-24 18:12:17
VA-VSC-04126,Houston (362),Inter-Facility Transfer,2026-03-23 15:00:00,2026-03-23 20:12:20,2026-03-31 05:14:15,2026-04-01 06:18:05
VA-VSC-04127,Houston (362),New Enrollment,2026-03-23 16:00:00,2026-03-26 09:56:19,2026-03-26 16:40:17,2026-03-27 19:15:50
VA-VSC-04128,Muskogee (351),Priority Group Upgrade,2026-03-24 12:00:00,2026-03-28 09:04:45,2026-04-04 03:23:14,2026-04-05 22:39:10
VA-VSC-04129,Waco (349),Priority Group Upgrade,2026-03-24 13:00:00,2026-03-31 00:56:40,2026-04-06 20:28:31,2026-04-09 11:26:39
VA-VSC-04130,Waco (349),Inter-Facility Transfer,2026-03-24 15:00:00,2026-03-30 12:59:48,2026-03-31 19:40:17,2026-04-03 03:58:58
VA-VSC-04131,Waco (349),New Enrollment,2026-03-25 08:00:00,2026-03-29 00:12:17,2026-03-30 21:55:38,2026-04-01 16:25:28
VA-VSC-04132,Waco (349),Priority Group Upgrade,2026-03-25 10:00:00,2026-03-31 16:57:23,2026-04-06 07:05:00,2026-04-08 01:26:28
VA-VSC-04133,Houston (362),Priority Group Upgrade,2026-03-25 10:00:00,2026-03-25 22:17:04,2026-03-31 12:45:23,2026-04-07 21:28:40
VA-VSC-04134,Houston (362),New Enrollment,2026-03-25 11:00:00,2026-03-27 04:31:54,2026-03-30 01:14:53,2026-03-31 11:03:52
VA-VSC-04135,Houston (362),Combat Veteran Auto-Enroll,2026-03-25 12:00:00,2026-03-26 09:30:29,2026-03-26 17:44:11,2026-03-29 07:01:06
VA-VSC-04136,Waco (349),Priority Group Upgrade,2026-03-25 15:00:00,2026-03-30 17:23:38,2026-04-09 13:08:38,2026-04-10 14:23:36
VA-VSC-04137,St. Paul (335),Priority Group Upgrade,2026-03-25 16:00:00,2026-03-26 00:50:30,2026-04-06 13:36:06,2026-04-08 17:03:07
VA-VSC-04138,Waco (349),New Enrollment,2026-03-25 16:00:00,2026-03-30 17:35:02,2026-03-31 05:08:09,2026-04-04 07:18:15
VA-VSC-04139,Houston (362),Priority Group Upgrade,2026-03-26 07:00:00,2026-03-26 10:19:46,2026-04-01 09:58:49,2026-04-08 11:02:41
VA-VSC-04140,Houston (362),Priority Group Upgrade,2026-03-26 07:00:00,2026-03-27 02:02:20,2026-04-03 22:44:23,2026-04-09 07:52:27
VA-VSC-04141,Waco (349),New Enrollment,2026-03-26 08:00:00,2026-03-30 18:27:23,2026-03-31 15:46:02,2026-03-31 21:29:42
VA-VSC-04142,Waco (349),New Enrollment,2026-03-26 08:00:00,2026-04-01 03:58:40,2026-04-09 20:08:52,2026-04-10 11:13:47
VA-VSC-04143,Waco (349),Inter-Facility Transfer,2026-03-26 08:00:00,2026-04-01 16:28:33,2026-04-03 11:45:28,2026-04-06 22:31:08
VA-VSC-04144,Phoenix (344),Priority Group Upgrade,2026-03-26 09:00:00,2026-03-27 16:18:30,2026-04-07 07:11:46,2026-04-10 16:50:47
VA-VSC-04145,Phoenix (344),Priority Group Upgrade,2026-03-26 09:00:00,2026-03-27 07:47:04,2026-04-05 17:18:31,2026-04-07 01:13:17
VA-VSC-04146,Houston (362),New Enrollment,2026-03-26 11:00:00,2026-03-27 03:27:15,2026-03-29 23:30:33,2026-03-30 04:58:37
VA-VSC-04147,Waco (349),New Enrollment,2026-03-26 13:00:00,2026-04-03 02:43:44,2026-04-05 01:22:47,2026-04-07 20:00:09
VA-VSC-04148,Waco (349),New Enrollment,2026-03-26 15:00:00,2026-04-01 12:57:03,2026-04-02 10:20:47,2026-04-03 00:51:01
VA-VSC-04149,St. Paul (335),New Enrollment,2026-03-26 15:00:00,2026-03-28 13:12:25,2026-03-28 15:36:25,2026-03-29 04:17:16
VA-VSC-04150,St. Paul (335),Priority Group Upgrade,2026-03-26 16:00:00,2026-03-27 04:12:41,2026-04-05 13:57:42,2026-04-06 08:25:35
VA-VSC-04151,Waco (349),Priority Group Upgrade,2026-03-27 07:00:00,2026-03-31 21:45:49,2026-04-06 15:14:35,2026-04-07 05:38:31
VA-VSC-04152,Waco (349),Priority Group Upgrade,2026-03-27 07:00:00,2026-04-03 02:05:47,2026-04-11 04:18:01,2026-04-12 05:14:09
VA-VSC-04153,St. Paul (335),New Enrollment,2026-03-27 10:00:00,2026-03-30 13:38:20,2026-03-31 02:25:51,2026-04-01 03:00:03
VA-VSC-04154,Waco (349),Priority Group Upgrade,2026-03-27 13:00:00,2026-04-03 02:14:05,2026-04-09 11:46:07,2026-04-11 05:53:47
VA-VSC-04155,Waco (349),New Enrollment,2026-03-27 14:00:00,2026-04-01 19:09:26,2026-04-01 21:33:26,2026-04-03 16:30:40
VA-VSC-04156,Waco (349),New Enrollment,2026-03-28 09:00:00,2026-04-03 08:49:28,2026-04-05 20:04:49,2026-04-13 07:39:45
VA-VSC-04157,Waco (349),Inter-Facility Transfer,2026-03-28 10:00:00,2026-04-02 19:10:49,2026-04-06 23:18:15,2026-04-07 20:40:17
VA-VSC-04158,Phoenix (344),Priority Group Upgrade,2026-03-28 10:00:00,2026-03-31 01:38:00,2026-04-09 16:29:00,2026-04-09 18:53:00
VA-VSC-04159,Muskogee (351),Priority Group Upgrade,2026-03-28 10:00:00,2026-03-28 12:24:00,2026-04-06 02:53:27,2026-04-06 09:33:15
VA-VSC-04160,Houston (362),New Enrollment,2026-03-28 15:00:00,2026-03-29 01:03:26,2026-03-30 01:13:15,2026-03-31 00:29:51
VA-VSC-04161,Waco (349),Inter-Facility Transfer,2026-03-29 08:00:00,2026-04-04 13:39:26,2026-04-04 21:24:52,2026-04-05 11:51:49
VA-VSC-04162,Waco (349),Priority Group Upgrade,2026-03-29 08:00:00,2026-04-05 12:42:25,2026-04-17 04:37:43,2026-04-20 07:21:18
VA-VSC-04163,Waco (349),Combat Veteran Auto-Enroll,2026-03-29 09:00:00,2026-04-03 19:48:45,2026-04-04 13:26:33,2026-04-04 18:32:16
VA-VSC-04164,Waco (349),New Enrollment,2026-03-29 14:00:00,2026-04-03 21:33:41,2026-04-04 10:16:10,2026-04-06 06:09:03
VA-VSC-04165,Houston (362),Inter-Facility Transfer,2026-03-29 15:00:00,2026-03-30 03:55:20,2026-03-31 23:56:33,2026-04-02 10:23:38
VA-VSC-04166,Waco (349),Combat Veteran Auto-Enroll,2026-03-29 15:00:00,2026-04-07 03:16:22,2026-04-07 06:42:31,2026-04-09 14:34:19
VA-VSC-04167,Waco (349),Combat Veteran Auto-Enroll,2026-03-29 15:00:00,2026-04-04 10:20:27,2026-04-04 23:27:43,2026-04-05 08:32:40
VA-VSC-04168,Waco (349),New Enrollment,2026-03-30 07:00:00,2026-04-03 21:43:17,2026-04-04 22:48:40,2026-04-08 14:05:37
VA-VSC-04169,Waco (349),New Enrollment,2026-03-30 07:00:00,2026-04-04 05:35:29,2026-04-04 09:25:17,2026-04-09 14:51:06
VA-VSC-04170,Waco (349),New Enrollment,2026-03-30 10:00:00,2026-04-07 19:59:02,2026-04-08 09:15:49,2026-04-08 22:52:48
VA-VSC-04171,Waco (349),New Enrollment,2026-03-30 11:00:00,2026-04-05 14:45:10,2026-04-05 17:09:10,2026-04-06 05:00:34
VA-VSC-04172,Muskogee (351),Combat Veteran Auto-Enroll,2026-03-30 12:00:00,2026-04-02 13:38:01,2026-04-02 16:02:01,2026-04-03 16:08:14
VA-VSC-04173,Waco (349),New Enrollment,2026-03-30 12:00:00,2026-04-07 01:06:55,2026-04-09 18:39:41,2026-04-11 01:49:46
VA-VSC-04174,Waco (349),New Enrollment,2026-03-30 13:00:00,2026-04-03 11:10:56,2026-04-03 21:47:32,2026-04-07 04:54:17
VA-VSC-04175,Phoenix (344),New Enrollment,2026-03-30 13:00:00,2026-03-30 17:49:31,2026-03-30 20:13:31,2026-03-31 15:56:10
VA-VSC-04176,Muskogee (351),New Enrollment,2026-03-30 14:00:00,2026-03-31 09:26:50,2026-04-02 05:24:18,2026-04-05 06:19:38
VA-VSC-04177,Houston (362),New Enrollment,2026-03-30 14:00:00,2026-03-31 21:22:09,2026-04-02 08:49:27,2026-04-04 13:25:32
VA-VSC-04178,St. Paul (335),Combat Veteran Auto-Enroll,2026-03-30 15:00:00,2026-03-31 00:07:26,2026-03-31 17:28:14,2026-04-02 15:27:59
VA-VSC-04179,Waco (349),Priority Group Upgrade,2026-03-30 15:00:00,2026-04-03 11:16:03,2026-04-15 19:21:09,2026-04-16 20:23:18
VA-VSC-04180,Waco (349),New Enrollment,2026-03-30 16:00:00,2026-04-06 19:51:43,2026-04-07 18:57:04,2026-04-12 11:29:58
VA-VSC-04181,Waco (349),New Enrollment,2026-03-31 12:00:00,2026-04-03 01:12:25,2026-04-03 14:35:25,2026-04-07 15:16:19
VA-VSC-04182,Houston (362),New Enrollment,2026-03-31 12:00:00,2026-03-31 23:41:16,2026-04-01 10:11:51,2026-04-02 23:50:29
VA-VSC-04183,Houston (362),New Enrollment,2026-03-31 12:00:00,2026-03-31 14:24:00,2026-04-01 17:42:14,2026-04-02 11:04:35
VA-VSC-04184,Waco (349),Priority Group Upgrade,2026-03-31 13:00:00,2026-04-08 13:17:01,2026-04-14 15:37:22,2026-04-16 19:41:01
VA-VSC-04185,Waco (349),Priority Group Upgrade,2026-03-31 15:00:00,2026-04-06 08:42:40,2026-04-12 10:27:50,2026-04-12 20:18:08
VA-VSC-04186,Houston (362),Priority Group Upgrade,2026-03-31 15:00:00,2026-03-31 20:58:53,2026-04-07 15:46:30,2026-04-08 00:56:56
VA-VSC-04187,Waco (349),Priority Group Upgrade,2026-03-31 16:00:00,2026-04-07 18:20:46,2026-04-14 16:08:35,2026-04-17 08:46:19
VA-VSC-04188,Houston (362),New Enrollment,2026-04-01 07:00:00,2026-04-01 09:24:00,2026-04-02 18:07:32,2026-04-03 15:16:43
VA-VSC-04189,Houston (362),Inter-Facility Transfer,2026-04-01 08:00:00,2026-04-02 00:22:03,2026-04-02 20:08:22,2026-04-04 20:10:38
VA-VSC-04190,St. Paul (335),Combat Veteran Auto-Enroll,2026-04-01 09:00:00,2026-04-02 09:28:18,2026-04-03 05:12:47,2026-04-03 07:36:47
VA-VSC-04191,St. Paul (335),Inter-Facility Transfer,2026-04-01 09:00:00,2026-04-02 12:56:22,2026-04-05 17:08:32,2026-04-08 15:35:36
VA-VSC-04192,Phoenix (344),,2026-04-01 09:00:00,2026-04-06 04:05:31,2026-04-06 09:28:59,2026-04-06 21:33:52
VA-VSC-04193,Waco (349),Inter-Facility Transfer,2026-04-01 09:00:00,2026-04-05 01:12:45,2026-04-05 10:53:51,2026-04-05 13:17:51
VA-VSC-04194,St. Paul (335),Combat Veteran Auto-Enroll,2026-04-01 12:00:00,2026-04-02 02:49:18,2026-04-02 15:01:56,2026-04-03 05:43:47
VA-VSC-04195,Houston (362),Combat Veteran Auto-Enroll,2026-04-01 12:00:00,2026-04-05 04:09:54,2026-04-05 13:58:18,2026-04-05 20:37:30
VA-VSC-04196,Waco (349),New Enrollment,2026-04-01 13:00:00,2026-04-06 10:37:13,2026-04-08 21:43:00,2026-04-11 09:56:38
VA-VSC-04197,Waco (349),Priority Group Upgrade,2026-04-01 14:00:00,2026-04-07 20:36:12,2026-04-12 06:39:58,2026-04-20 06:17:41
VA-VSC-04198,Waco (349),Inter-Facility Transfer,2026-04-01 14:00:00,2026-04-09 05:32:13,2026-04-09 19:23:35,2026-04-10 11:45:07
VA-VSC-04199,Waco (349),Priority Group Upgrade,2026-04-01 16:00:00,2026-04-06 20:32:27,2026-04-15 06:56:27,2026-04-15 16:04:15
VA-VSC-04200,Houston (362),Priority Group Upgrade,2026-04-02 08:00:00,2026-04-04 10:27:59,2026-04-14 12:00:12,2026-04-15 01:41:43
VA-VSC-04201,Phoenix (344),Inter-Facility Transfer,2026-04-02 09:00:00,2026-04-04 09:16:17,2026-04-05 00:39:25,2026-04-08 08:57:25
VA-VSC-04202,Waco (349),New Enrollment,2026-04-02 12:00:00,2026-04-09 01:46:47,2026-04-09 05:37:06,2026-04-12 23:30:46
VA-VSC-04203,Waco (349),Priority Group Upgrade,2026-04-02 13:00:00,2026-04-08 10:52:45,2026-04-16 06:20:52,2026-04-21 19:25:31
VA-VSC-04204,Muskogee (351),Priority Group Upgrade,2026-04-02 13:00:00,2026-04-04 23:53:42,2026-04-10 17:16:47,2026-04-12 02:43:14
VA-VSC-04205,Waco (349),Inter-Facility Transfer,2026-04-02 13:00:00,2026-04-07 23:41:54,2026-04-08 19:54:27,2026-04-10 19:15:39
VA-VSC-04206,Waco (349),New Enrollment,2026-04-02 14:00:00,2026-04-10 13:35:17,2026-04-11 04:35:29,2026-04-12 20:55:01
VA-VSC-04207,Houston (362),,2026-04-02 15:00:00,2026-04-03 13:21:15,2026-04-12 08:57:08,2026-04-13 10:04:33
VA-VSC-04208,Waco (349),Priority Group Upgrade,2026-04-02 16:00:00,2026-04-07 15:50:48,2026-04-16 11:38:31,2026-04-18 21:17:06
VA-VSC-04209,Waco (349),Combat Veteran Auto-Enroll,2026-04-03 07:00:00,2026-04-09 09:52:04,2026-04-11 06:35:36,2026-04-13 22:13:21
VA-VSC-04210,Waco (349),Priority Group Upgrade,2026-04-03 07:00:00,2026-04-07 09:54:34,2026-04-16 12:31:54,2026-04-16 19:03:08
VA-VSC-04211,Waco (349),Inter-Facility Transfer,2026-04-03 08:00:00,2026-04-14 06:07:47,2026-04-14 08:31:47,2026-04-15 01:06:28
VA-VSC-04212,Houston (362),Inter-Facility Transfer,2026-04-03 08:00:00,2026-04-03 10:24:00,2026-04-06 14:29:22,2026-04-08 09:44:42
VA-VSC-04213,Waco (349),New Enrollment,2026-04-03 09:00:00,2026-04-07 14:23:13,2026-04-07 19:27:38,2026-04-09 03:41:25
VA-VSC-04214,Waco (349),New Enrollment,2026-04-03 10:00:00,2026-04-09 07:19:34,2026-04-09 09:43:34,2026-04-11 11:39:55
VA-VSC-04215,Houston (362),New Enrollment,2026-04-03 10:00:00,2026-04-05 11:52:08,2026-04-09 01:29:37,2026-04-11 19:15:29
VA-VSC-04216,Phoenix (344),New Enrollment,2026-04-03 11:00:00,2026-04-03 20:33:33,2026-04-05 05:35:29,2026-04-05 12:54:33
VA-VSC-04217,Waco (349),Priority Group Upgrade,2026-04-03 11:00:00,2026-04-07 02:57:00,2026-04-15 15:40:59,2026-04-19 11:06:02
VA-VSC-04218,Waco (349),Inter-Facility Transfer,2026-04-03 12:00:00,2026-04-10 23:02:05,2026-04-11 07:43:42,2026-04-11 13:40:23
VA-VSC-04219,Houston (362),Combat Veteran Auto-Enroll,2026-04-03 12:00:00,2026-04-04 21:16:49,2026-04-07 10:45:32,2026-04-08 01:37:29
VA-VSC-04220,Waco (349),New Enrollment,2026-04-03 12:00:00,2026-04-11 08:37:57,2026-04-12 01:40:13,2026-04-15 21:31:18
VA-VSC-04221,Waco (349),New Enrollment,2026-04-03 13:00:00,2026-04-08 12:56:43,2026-04-09 00:10:09,2026-04-09 14:38:21
VA-VSC-04222,Houston (362),Priority Group Upgrade,2026-04-03 13:00:00,2026-04-06 17:36:35,2026-04-13 20:04:59,2026-04-14 15:42:39
VA-VSC-04223,Phoenix (344),Priority Group Upgrade,2026-04-03 15:00:00,2026-04-03 22:39:03,2026-04-12 15:15:04,2026-04-14 23:51:52
VA-VSC-04224,St. Paul (335),New Enrollment,2026-04-04 08:00:00,2026-04-04 10:24:00,2026-04-08 09:26:54,2026-04-09 04:44:06
VA-VSC-04225,Houston (362),Combat Veteran Auto-Enroll,2026-04-04 12:00:00,2026-04-07 10:20:54,2026-04-07 14:25:39,2026-04-10 07:48:59
VA-VSC-04226,St. Paul (335),Inter-Facility Transfer,2026-04-04 13:00:00,2026-04-05 13:56:24,2026-04-06 05:54:17,2026-04-06 09:51:44
VA-VSC-04227,Waco (349),,2026-04-04 14:00:00,2026-04-11 04:56:31,2026-04-11 07:20:31,2026-04-12 16:44:11
VA-VSC-04228,Houston (362),Combat Veteran Auto-Enroll,2026-04-04 16:00:00,2026-04-05 18:41:37,2026-04-07 18:10:04,2026-04-17 06:05:31
VA-VSC-04229,Waco (349),New Enrollment,2026-04-05 08:00:00,2026-04-11 01:41:23,2026-04-11 15:42:01,2026-04-12 11:43:42
VA-VSC-04230,Waco (349),Priority Group Upgrade,2026-04-05 11:00:00,2026-04-15 02:25:05,2026-04-27 01:38:07,2026-05-01 07:09:42
VA-VSC-04231,St. Paul (335),Priority Group Upgrade,2026-04-05 12:00:00,2026-04-06 16:46:00,2026-04-12 06:09:01,2026-04-14 23:09:57
VA-VSC-04232,Houston (362),New Enrollment,2026-04-05 13:00:00,2026-04-05 17:23:16,2026-04-08 07:29:27,2026-04-11 11:21:45
VA-VSC-04233,Waco (349),Inter-Facility Transfer,2026-04-05 15:00:00,2026-04-14 00:01:34,2026-04-14 05:53:19,2026-04-18 23:41:49
VA-VSC-04234,Phoenix (344),Priority Group Upgrade,2026-04-05 15:00:00,2026-04-06 09:12:00,2026-04-11 01:00:48,2026-04-21 13:06:47
VA-VSC-04235,Waco (349),Priority Group Upgrade,2026-04-05 16:00:00,2026-04-11 23:44:04,2026-04-17 18:29:08,2026-04-18 08:37:01
VA-VSC-04236,Waco (349),New Enrollment,2026-04-05 16:00:00,2026-04-13 01:09:29,2026-04-18 16:45:07,2026-04-21 06:50:19
VA-VSC-04237,Waco (349),New Enrollment,2026-04-06 09:00:00,2026-04-12 01:53:16,2026-04-12 04:17:16,2026-04-13 17:53:44
VA-VSC-04238,St. Paul (335),New Enrollment,2026-04-06 09:00:00,2026-04-07 13:15:43,2026-04-13 12:20:11,2026-04-13 14:44:11
VA-VSC-04239,St. Paul (335),Priority Group Upgrade,2026-04-06 09:00:00,2026-04-07 05:40:04,2026-04-11 08:04:04,2026-04-11 15:48:43
VA-VSC-04240,Waco (349),Priority Group Upgrade,2026-04-06 16:00:00,2026-04-14 01:02:50,2026-04-21 09:05:18,2026-04-21 20:54:17
VA-VSC-04241,Houston (362),New Enrollment,2026-04-07 07:00:00,2026-04-09 16:11:35,2026-04-09 18:35:35,2026-04-09 20:59:35
VA-VSC-04242,Waco (349),Priority Group Upgrade,2026-04-07 07:00:00,2026-04-13 12:36:09,2026-04-23 23:54:01,2026-04-27 20:53:57
VA-VSC-04243,St. Paul (335),Priority Group Upgrade,2026-04-07 10:00:00,2026-04-08 14:20:00,2026-04-16 11:11:33,2026-04-17 08:46:14
VA-VSC-04244,Waco (349),Priority Group Upgrade,2026-04-07 12:00:00,2026-04-12 06:34:03,2026-04-19 03:22:51,2026-04-19 11:20:30
VA-VSC-04245,Waco (349),Priority Group Upgrade,2026-04-07 12:00:00,2026-04-12 20:53:31,2026-04-18 13:23:54,2026-04-19 17:34:02
VA-VSC-04246,Muskogee (351),Inter-Facility Transfer,2026-04-07 14:00:00,2026-04-10 18:02:47,2026-04-10 20:26:47,2026-04-12 20:17:54
VA-VSC-04247,Waco (349),Priority Group Upgrade,2026-04-07 16:00:00,2026-04-15 01:44:34,2026-04-21 07:40:34,2026-04-21 14:26:40
VA-VSC-04248,Waco (349),Priority Group Upgrade,2026-04-08 07:00:00,2026-04-13 08:39:27,2026-04-21 20:48:03,2026-04-25 10:18:49
VA-VSC-04249,Houston (362),New Enrollment,2026-04-08 07:00:00,2026-04-09 23:18:55,2026-04-10 09:25:56,2026-04-12 15:25:14
VA-VSC-04250,Muskogee (351),New Enrollment,2026-04-08 07:00:00,2026-04-08 10:38:02,2026-04-10 05:03:27,2026-04-10 18:09:11
VA-VSC-04251,Waco (349),New Enrollment,2026-04-08 08:00:00,2026-04-14 23:37:09,2026-04-15 06:26:02,2026-04-17 20:34:13
VA-VSC-04252,Waco (349),Priority Group Upgrade,2026-04-08 08:00:00,2026-04-13 20:24:50,2026-04-18 14:58:56,2026-04-20 06:16:57
VA-VSC-04253,Waco (349),New Enrollment,2026-04-08 08:00:00,2026-04-13 05:42:39,2026-04-13 21:55:57,2026-04-16 09:59:07
VA-VSC-04254,Waco (349),New Enrollment,2026-04-08 09:00:00,2026-04-14 12:43:50,2026-04-17 09:33:11,2026-04-23 01:51:16
VA-VSC-04255,Waco (349),Combat Veteran Auto-Enroll,2026-04-08 09:00:00,2026-04-13 08:31:31,2026-04-14 05:49:15,2026-04-14 08:13:15
VA-VSC-04256,Houston (362),New Enrollment,2026-04-08 10:00:00,2026-04-08 12:24:00,2026-04-12 19:42:14,2026-04-16 03:34:21
VA-VSC-04257,Muskogee (351),New Enrollment,2026-04-08 13:00:00,2026-04-09 10:44:02,2026-04-10 13:34:06,2026-04-13 07:52:19
VA-VSC-04258,Waco (349),New Enrollment,2026-04-08 13:00:00,2026-04-14 12:18:58,2026-04-16 15:58:26,2026-04-17 23:49:37
VA-VSC-04259,Waco (349),Combat Veteran Auto-Enroll,2026-04-08 15:00:00,2026-04-14 14:23:23,2026-04-15 09:54:03,2026-04-20 03:16:02
VA-VSC-04260,Waco (349),New Enrollment,2026-04-09 08:00:00,2026-04-15 21:23:44,2026-04-23 05:09:01,2026-04-24 19:34:15
VA-VSC-04261,Waco (349),Priority Group Upgrade,2026-04-09 08:00:00,2026-04-13 16:09:34,2026-04-23 08:57:42,2026-04-23 21:43:28
VA-VSC-04262,Phoenix (344),Priority Group Upgrade,2026-04-09 08:00:00,2026-04-12 22:24:01,2026-04-19 16:28:44,2026-04-20 10:47:04
VA-VSC-04263,Waco (349),Priority Group Upgrade,2026-04-09 09:00:00,2026-04-16 10:49:03,2026-04-26 01:23:54,2026-04-29 08:29:17
VA-VSC-04264,Waco (349),Priority Group Upgrade,2026-04-09 10:00:00,2026-04-16 10:35:22,2026-04-22 15:40:50,2026-04-24 18:27:25
VA-VSC-04265,Houston (362),Combat Veteran Auto-Enroll,2026-04-09 10:00:00,2026-04-12 05:29:16,2026-04-12 17:25:47,2026-04-19 10:19:52
VA-VSC-04266,Waco (349),New Enrollment,2026-04-09 12:00:00,2026-04-14 20:52:05,2026-04-18 00:39:08,2026-04-18 05:55:08
VA-VSC-04267,Houston (362),New Enrollment,2026-04-09 13:00:00,2026-04-09 23:23:18,2026-04-10 06:10:38,2026-04-14 07:26:53
VA-VSC-04268,Waco (349),New Enrollment,2026-04-09 13:00:00,2026-04-14 01:01:18,2026-04-18 23:50:05,2026-04-20 17:52:24
VA-VSC-04269,St. Paul (335),New Enrollment,2026-04-09 14:00:00,2026-04-09 18:17:23,2026-04-10 22:42:36,2026-04-21 00:46:13
VA-VSC-04270,Muskogee (351),New Enrollment,2026-04-09 16:00:00,2026-04-10 15:59:05,2026-04-10 18:23:05,2026-04-16 04:11:20
VA-VSC-04271,Houston (362),New Enrollment,2026-04-10 07:00:00,2026-04-10 14:42:39,2026-04-12 08:42:11,2026-04-13 19:26:38
VA-VSC-04272,Muskogee (351),Priority Group Upgrade,2026-04-10 08:00:00,2026-04-10 19:20:17,2026-04-17 18:06:25,2026-04-23 00:54:30
VA-VSC-04273,Waco (349),Priority Group Upgrade,2026-04-10 08:00:00,2026-04-16 18:12:46,2026-04-19 20:03:55,2026-04-20 04:14:20
VA-VSC-04274,Waco (349),New Enrollment,2026-04-10 09:00:00,2026-04-15 18:33:21,2026-04-16 16:25:04,2026-04-19 10:14:01
VA-VSC-04275,Houston (362),Priority Group Upgrade,2026-04-10 09:00:00,2026-04-13 01:01:00,2026-04-20 15:34:30,2026-04-23 05:14:42
VA-VSC-04276,Houston (362),New Enrollment,2026-04-10 10:00:00,2026-04-11 23:40:08,2026-04-13 22:29:38,2026-04-15 01:01:01
VA-VSC-04277,Waco (349),New Enrollment,2026-04-10 11:00:00,2026-04-13 23:46:04,2026-04-17 20:28:20,2026-04-19 20:27:22
VA-VSC-04278,Waco (349),Priority Group Upgrade,2026-04-10 12:00:00,2026-04-17 11:15:27,2026-04-26 05:22:17,2026-04-26 11:14:51
VA-VSC-04279,Waco (349),New Enrollment,2026-04-10 12:00:00,2026-04-16 11:07:39,2026-04-16 23:42:29,2026-04-18 19:50:06
VA-VSC-04280,Waco (349),New Enrollment,2026-04-10 13:00:00,2026-04-14 05:23:28,2026-04-15 12:36:12,2026-04-17 08:52:18
VA-VSC-04281,Waco (349),New Enrollment,2026-04-10 14:00:00,2026-04-16 07:28:15,2026-04-17 00:50:24,2026-04-17 14:21:32
VA-VSC-04282,St. Paul (335),Inter-Facility Transfer,2026-04-10 14:00:00,2026-04-10 22:11:43,2026-04-13 05:10:15,2026-04-15 16:25:46
VA-VSC-04283,Waco (349),Priority Group Upgrade,2026-04-10 14:00:00,2026-04-13 18:27:39,2026-04-17 22:02:30,2026-04-18 00:26:30
VA-VSC-04284,Waco (349),New Enrollment,2026-04-10 15:00:00,2026-04-16 05:34:56,2026-04-16 21:35:49,2026-04-23 10:33:48
VA-VSC-04285,Houston (362),Combat Veteran Auto-Enroll,2026-04-10 15:00:00,2026-04-12 00:43:29,2026-04-14 22:56:03,2026-04-15 06:26:20
VA-VSC-04286,Houston (362),Priority Group Upgrade,2026-04-11 07:00:00,2026-04-11 09:24:00,2026-04-17 03:09:40,2026-04-23 08:43:31
VA-VSC-04287,Phoenix (344),Priority Group Upgrade,2026-04-11 08:00:00,2026-04-11 22:27:00,2026-04-16 23:02:25,2026-04-17 16:50:56
VA-VSC-04288,Houston (362),Combat Veteran Auto-Enroll,2026-04-11 09:00:00,2026-04-12 07:04:50,2026-04-20 10:16:38,2026-04-21 14:27:29
VA-VSC-04289,Waco (349),New Enrollment,2026-04-11 09:00:00,2026-04-16 14:32:31,2026-04-17 15:40:40,2026-04-20 21:42:05
VA-VSC-04290,St. Paul (335),New Enrollment,2026-04-11 09:00:00,2026-04-13 01:24:02,2026-04-13 20:44:23,2026-04-18 18:21:03
VA-VSC-04291,Waco (349),Priority Group Upgrade,2026-04-11 12:00:00,2026-04-17 06:03:12,2026-04-26 12:50:50,2026-04-26 16:21:15
VA-VSC-04292,Waco (349),Priority Group Upgrade,2026-04-11 13:00:00,2026-04-19 02:33:36,2026-04-24 09:13:47,2026-04-30 05:59:33
VA-VSC-04293,Houston (362),Priority Group Upgrade,2026-04-11 14:00:00,2026-04-16 19:31:18,2026-04-24 10:55:27,2026-04-25 12:38:29
VA-VSC-04294,Phoenix (344),Priority Group Upgrade,2026-04-11 14:00:00,2026-04-14 21:07:47,2026-04-19 16:56:31,2026-04-19 21:20:45
VA-VSC-04295,Waco (349),Inter-Facility Transfer,2026-04-11 14:00:00,2026-04-20 06:24:12,2026-04-23 00:27:26,2026-04-23 18:00:58
VA-VSC-04296,Waco (349),Inter-Facility Transfer,2026-04-12 07:00:00,2026-04-18 19:45:10,2026-04-18 22:09:10,2026-04-20 12:20:10
VA-VSC-04297,Waco (349),Combat Veteran Auto-Enroll,2026-04-13 08:00:00,2026-04-18 04:05:09,2026-04-19 06:05:57,2026-04-21 01:41:44
VA-VSC-04298,Waco (349),Combat Veteran Auto-Enroll,2026-04-13 10:00:00,2026-04-17 04:28:08,2026-04-17 23:40:52,2026-04-21 12:50:40
VA-VSC-04299,Waco (349),Inter-Facility Transfer,2026-04-13 11:00:00,2026-04-22 01:05:13,2026-04-22 12:14:00,2026-04-25 17:06:39
VA-VSC-04300,Houston (362),New Enrollment,2026-04-13 12:00:00,2026-04-13 18:12:14,2026-04-14 14:00:41,2026-04-15 22:22:19
VA-VSC-04301,Waco (349),New Enrollment,2026-04-13 12:00:00,2026-04-16 13:06:37,2026-04-17 15:16:11,2026-04-18 03:30:05
VA-VSC-04302,Muskogee (351),Priority Group Upgrade,2026-04-13 15:00:00,2026-04-13 21:44:31,2026-05-01 01:49:15,2026-05-05 02:08:26
VA-VSC-04303,St. Paul (335),Combat Veteran Auto-Enroll,2026-04-13 15:00:00,2026-04-16 05:56:30,2026-04-17 23:35:37,2026-04-18 07:57:24
VA-VSC-04304,Houston (362),Priority Group Upgrade,2026-04-13 15:00:00,2026-04-14 15:10:43,2026-04-19 02:36:27,2026-04-19 05:00:27
VA-VSC-04305,Phoenix (344),Priority Group Upgrade,2026-04-13 16:00:00,2026-04-13 22:51:58,2026-04-20 21:14:40,2026-04-29 02:14:53
VA-VSC-04306,Waco (349),New Enrollment,2026-04-13 16:00:00,2026-04-20 23:41:05,2026-04-21 12:30:05,2026-04-23 09:07:49
VA-VSC-04307,Waco (349),New Enrollment,2026-04-13 16:00:00,2026-04-19 22:24:12,2026-04-21 03:42:14,2026-04-23 19:08:58
VA-VSC-04308,Houston (362),Priority Group Upgrade,2026-04-13 16:00:00,2026-04-14 09:23:35,2026-04-22 21:06:52,2026-04-25 06:07:24
VA-VSC-04309,Phoenix (344),New Enrollment,2026-04-14 08:00:00,2026-04-18 21:15:49,2026-04-21 10:57:40,2026-04-24 11:01:25
VA-VSC-04310,St. Paul (335),New Enrollment,2026-04-14 08:00:00,2026-04-16 13:42:41,2026-04-17 01:35:53,2026-04-18 04:45:09
VA-VSC-04311,Waco (349),New Enrollment,2026-04-14 09:00:00,2026-04-21 15:20:26,2026-04-22 13:40:57,2026-04-26 07:56:16
VA-VSC-04312,Muskogee (351),New Enrollment,2026-04-14 11:00:00,2026-04-14 13:24:00,2026-04-14 21:50:54,2026-04-19 04:18:31
VA-VSC-04313,Waco (349),Priority Group Upgrade,2026-04-14 12:00:00,2026-04-20 02:10:55,2026-04-29 17:25:00,2026-04-30 14:11:12
VA-VSC-04314,Phoenix (344),New Enrollment,2026-04-14 12:00:00,2026-04-18 05:03:34,2026-04-18 14:22:10,2026-04-22 17:05:22
VA-VSC-04315,Muskogee (351),Priority Group Upgrade,2026-04-14 13:00:00,2026-04-14 22:34:39,2026-04-21 10:34:16,2026-04-22 19:41:12
VA-VSC-04316,Waco (349),New Enrollment,2026-04-14 14:00:00,2026-04-19 11:30:40,2026-04-19 17:47:32,2026-04-23 16:26:20
VA-VSC-04317,St. Paul (335),Combat Veteran Auto-Enroll,2026-04-14 15:00:00,2026-04-15 05:02:32,2026-04-21 05:30:31,2026-04-25 19:53:34
VA-VSC-04318,Waco (349),New Enrollment,2026-04-14 15:00:00,2026-04-19 13:37:57,2026-04-20 14:57:23,2026-04-22 11:09:20
VA-VSC-04319,Waco (349),Priority Group Upgrade,2026-04-14 15:00:00,2026-04-20 14:58:25,2026-04-30 22:51:05,2026-05-03 10:57:04
VA-VSC-04320,Waco (349),Priority Group Upgrade,2026-04-14 15:00:00,2026-04-20 16:06:28,2026-05-05 02:42:05,2026-05-10 02:45:43
VA-VSC-04321,Houston (362),New Enrollment,2026-04-14 16:00:00,2026-04-15 05:52:06,2026-04-15 11:08:49,2026-04-16 21:26:32
VA-VSC-04322,Muskogee (351),Combat Veteran Auto-Enroll,2026-04-14 16:00:00,2026-04-15 03:51:39,2026-04-15 19:28:02,2026-04-17 21:10:33
VA-VSC-04323,Houston (362),Priority Group Upgrade,2026-04-15 07:00:00,2026-04-17 21:26:31,2026-04-25 22:58:59,2026-04-28 06:49:48
VA-VSC-04324,Waco (349),New Enrollment,2026-04-15 08:00:00,2026-04-20 01:43:05,2026-04-21 06:33:23,2026-04-22 00:25:12
VA-VSC-04325,St. Paul (335),New Enrollment,2026-04-15 12:00:00,2026-04-18 11:51:14,2026-04-21 02:56:07,2026-04-22 20:30:03
VA-VSC-04326,Muskogee (351),Inter-Facility Transfer,2026-04-15 13:00:00,2026-04-18 11:04:33,2026-04-21 17:22:52,2026-04-26 23:28:12
VA-VSC-04327,Waco (349),Combat Veteran Auto-Enroll,2026-04-15 13:00:00,2026-04-19 20:15:55,2026-04-21 17:46:20,2026-04-23 14:52:27
VA-VSC-04328,Muskogee (351),New Enrollment,2026-04-15 16:00:00,2026-04-17 06:07:13,2026-04-17 17:07:29,2026-04-20 02:05:31
VA-VSC-04329,Waco (349),New Enrollment,2026-04-16 07:00:00,2026-04-21 09:13:21,2026-04-24 01:53:24,2026-04-27 06:02:36
VA-VSC-04330,St. Paul (335),Combat Veteran Auto-Enroll,2026-04-16 07:00:00,2026-04-17 19:25:44,2026-04-19 00:12:47,2026-04-20 15:18:59
VA-VSC-04331,Waco (349),Priority Group Upgrade,2026-04-16 08:00:00,2026-04-22 12:35:17,2026-05-04 01:53:26,2026-05-04 14:59:53
VA-VSC-04332,Waco (349),Combat Veteran Auto-Enroll,2026-04-16 10:00:00,2026-04-24 05:22:32,2026-04-24 17:34:26,2026-04-24 22:51:12
VA-VSC-04333,Waco (349),New Enrollment,2026-04-16 12:00:00,2026-04-21 16:09:29,2026-04-26 00:54:06,2026-04-27 06:41:59
VA-VSC-04334,Houston (362),Priority Group Upgrade,2026-04-16 12:00:00,2026-04-16 14:24:00,2026-04-24 14:09:44,2026-04-26 08:56:19
VA-VSC-04335,Waco (349),New Enrollment,2026-04-16 13:00:00,2026-04-22 03:49:46,2026-04-22 08:02:16,2026-04-23 04:52:04
VA-VSC-04336,Waco (349),New Enrollment,2026-04-16 13:00:00,2026-04-24 16:53:07,2026-04-24 21:32:53,2026-04-25 06:26:33
VA-VSC-04337,Houston (362),Priority Group Upgrade,2026-04-16 14:00:00,2026-04-17 08:42:31,2026-04-29 21:27:25,2026-04-30 16:38:51
VA-VSC-04338,Phoenix (344),Inter-Facility Transfer,2026-04-16 15:00:00,2026-04-16 19:40:03,2026-04-17 05:56:11,2026-04-22 13:41:08
VA-VSC-04339,Waco (349),New Enrollment,2026-04-17 07:00:00,2026-04-24 13:40:04,2026-04-26 08:25:01,2026-05-03 00:54:55
VA-VSC-04340,Waco (349),Priority Group Upgrade,2026-04-17 09:00:00,2026-04-22 04:48:53,2026-04-28 20:29:51,2026-04-29 08:39:59
VA-VSC-04341,Waco (349),Priority Group Upgrade,2026-04-17 09:00:00,2026-04-22 11:52:32,2026-04-28 14:29:07,2026-04-30 20:41:59
VA-VSC-04342,Waco (349),Priority Group Upgrade,2026-04-17 09:00:00,2026-04-22 23:28:50,2026-04-29 06:12:10,2026-04-30 14:12:51
VA-VSC-04343,Phoenix (344),,2026-04-17 10:00:00,2026-04-19 12:07:43,2026-04-20 05:51:47,2026-04-20 11:27:29
VA-VSC-04344,Phoenix (344),Combat Veteran Auto-Enroll,2026-04-17 10:00:00,2026-04-22 22:39:07,2026-04-24 13:01:31,2026-05-02 14:23:04
VA-VSC-04345,Houston (362),New Enrollment,2026-04-17 11:00:00,2026-04-18 06:02:10,2026-04-19 00:08:19,2026-04-19 13:46:03
VA-VSC-04346,Waco (349),Inter-Facility Transfer,2026-04-17 11:00:00,2026-04-24 21:37:41,2026-04-25 08:08:29,2026-04-25 10:32:29
VA-VSC-04347,St. Paul (335),Combat Veteran Auto-Enroll,2026-04-17 12:00:00,2026-04-17 20:43:32,2026-04-19 08:58:11,2026-04-20 06:42:46
VA-VSC-04348,Houston (362),Combat Veteran Auto-Enroll,2026-04-17 16:00:00,2026-04-18 06:49:12,2026-04-18 09:13:12,2026-04-20 03:54:29
VA-VSC-04349,Phoenix (344),Priority Group Upgrade,2026-04-18 07:00:00,2026-04-18 10:44:58,2026-04-25 15:18:54,2026-04-28 03:55:33
VA-VSC-04350,Houston (362),Combat Veteran Auto-Enroll,2026-04-18 09:00:00,2026-04-18 19:49:20,2026-04-19 02:14:12,2026-04-20 19:35:00
VA-VSC-04351,St. Paul (335),New Enrollment,2026-04-18 10:00:00,2026-04-18 16:58:05,2026-04-19 04:20:45,2026-04-21 02:57:34
VA-VSC-04352,Houston (362),New Enrollment,2026-04-18 14:00:00,2026-04-20 04:46:49,2026-04-22 05:13:40,2026-04-23 12:49:26
VA-VSC-04353,Waco (349),Combat Veteran Auto-Enroll,2026-04-18 14:00:00,2026-04-24 21:24:23,2026-04-27 05:11:17,2026-04-27 15:28:59
VA-VSC-04354,Muskogee (351),New Enrollment,2026-04-18 14:00:00,2026-04-19 05:10:18,2026-04-21 01:44:06,2026-04-21 15:58:05
VA-VSC-04355,Waco (349),New Enrollment,2026-04-18 16:00:00,2026-04-23 05:17:46,2026-04-26 15:00:45,2026-04-27 17:17:48
VA-VSC-04356,Houston (362),Combat Veteran Auto-Enroll,2026-04-18 16:00:00,2026-04-19 17:44:42,2026-04-19 21:48:22,2026-04-20 07:15:48
VA-VSC-04357,Waco (349),Combat Veteran Auto-Enroll,2026-04-19 08:00:00,2026-04-24 19:57:22,2026-04-25 15:50:19,2026-05-04 15:57:51
VA-VSC-04358,Houston (362),New Enrollment,2026-04-19 08:00:00,2026-04-21 16:51:01,2026-04-23 01:18:57,2026-04-23 23:23:59
VA-VSC-04359,Houston (362),Combat Veteran Auto-Enroll,2026-04-19 09:00:00,2026-04-19 14:29:22,2026-04-21 04:35:53,2026-04-21 14:53:38
VA-VSC-04360,Waco (349),Priority Group Upgrade,2026-04-19 09:00:00,2026-04-26 02:52:53,2026-05-04 12:56:13,2026-05-04 19:34:44
VA-VSC-04361,Waco (349),Priority Group Upgrade,2026-04-19 10:00:00,2026-04-24 23:37:39,2026-05-01 22:17:10,2026-05-03 07:51:55
VA-VSC-04362,Houston (362),Combat Veteran Auto-Enroll,2026-04-19 12:00:00,2026-04-19 21:21:58,2026-04-25 18:13:17,2026-04-27 02:47:54
VA-VSC-04363,St. Paul (335),New Enrollment,2026-04-19 14:00:00,2026-04-21 05:12:07,2026-04-23 00:36:38,2026-04-24 08:59:02
VA-VSC-04364,Waco (349),New Enrollment,2026-04-19 15:00:00,2026-04-22 22:29:01,2026-04-24 00:13:01,2026-04-26 07:03:21
VA-VSC-04365,Waco (349),New Enrollment,2026-04-19 15:00:00,2026-04-24 11:30:25,2026-04-24 14:35:03,2026-04-24 16:59:03
VA-VSC-04366,Houston (362),Priority Group Upgrade,2026-04-19 15:00:00,2026-04-22 11:09:17,2026-04-28 08:41:05,2026-04-29 08:44:57
VA-VSC-04367,Waco (349),Priority Group Upgrade,2026-04-19 16:00:00,2026-04-25 15:06:37,2026-05-03 03:02:29,2026-05-04 10:13:09
VA-VSC-04368,Waco (349),Combat Veteran Auto-Enroll,2026-04-20 09:00:00,2026-04-26 01:29:39,2026-04-26 17:49:12,2026-04-27 14:23:59
VA-VSC-04369,Waco (349),Combat Veteran Auto-Enroll,2026-04-20 10:00:00,2026-04-29 17:26:34,2026-05-01 08:15:03,2026-05-02 05:19:47
VA-VSC-04370,Waco (349),Priority Group Upgrade,2026-04-20 10:00:00,2026-04-26 12:41:00,2026-05-08 13:14:17,2026-05-08 15:38:17
VA-VSC-04371,Waco (349),Combat Veteran Auto-Enroll,2026-04-20 11:00:00,2026-04-24 09:02:25,2026-04-26 07:32:19,2026-05-09 19:53:39
VA-VSC-04372,Waco (349),New Enrollment,2026-04-20 11:00:00,2026-04-30 00:45:59,2026-05-01 05:50:55,2026-05-04 00:17:01
VA-VSC-04373,Waco (349),New Enrollment,2026-04-20 12:00:00,2026-04-26 14:46:39,2026-04-26 17:10:39,2026-04-27 04:41:01
VA-VSC-04374,Waco (349),Combat Veteran Auto-Enroll,2026-04-20 13:00:00,2026-04-25 14:01:50,2026-04-28 11:43:14,2026-05-01 06:16:12
VA-VSC-04375,Waco (349),New Enrollment,2026-04-20 14:00:00,2026-04-29 03:00:56,2026-04-30 03:11:13,2026-04-30 17:22:22
VA-VSC-04376,Waco (349),New Enrollment,2026-04-20 15:00:00,2026-04-27 02:59:46,2026-04-27 06:03:49,2026-04-29 17:13:42
VA-VSC-04377,Waco (349),Priority Group Upgrade,2026-04-20 16:00:00,2026-04-27 15:17:57,2026-05-10 23:50:57,2026-05-11 11:25:37
VA-VSC-04378,Phoenix (344),New Enrollment,2026-04-21 07:00:00,2026-04-22 01:35:47,2026-04-22 23:49:18,2026-04-23 05:27:36
VA-VSC-04379,Waco (349),Combat Veteran Auto-Enroll,2026-04-21 07:00:00,2026-04-25 15:53:34,2026-04-25 19:34:45,2026-04-26 08:54:32
VA-VSC-04380,Waco (349),New Enrollment,2026-04-21 08:00:00,2026-04-25 19:34:55,2026-04-27 19:26:54,2026-05-01 05:22:39
VA-VSC-04381,Waco (349),New Enrollment,2026-04-21 12:00:00,2026-04-25 11:07:02,2026-04-26 00:13:20,2026-04-29 17:24:41
VA-VSC-04382,Waco (349),New Enrollment,2026-04-21 12:00:00,2026-04-29 01:37:29,2026-04-29 16:50:04,2026-05-01 11:13:47
VA-VSC-04383,Houston (362),Priority Group Upgrade,2026-04-21 15:00:00,2026-04-27 12:26:00,2026-05-05 05:53:53,2026-05-10 13:54:17
VA-VSC-04384,Houston (362),New Enrollment,2026-04-21 16:00:00,2026-04-22 09:44:43,2026-04-24 16:46:28,2026-04-24 19:48:01
VA-VSC-04385,Phoenix (344),Priority Group Upgrade,2026-04-21 16:00:00,2026-04-22 20:24:40,2026-04-27 21:09:36,2026-04-29 03:49:44
VA-VSC-04386,Houston (362),Combat Veteran Auto-Enroll,2026-04-22 07:00:00,2026-04-22 10:12:15,2026-04-22 20:18:44,2026-04-25 02:57:21
VA-VSC-04387,Muskogee (351),Inter-Facility Transfer,2026-04-22 08:00:00,2026-04-25 01:01:46,2026-04-25 20:44:22,2026-04-27 12:11:30
VA-VSC-04388,Waco (349),New Enrollment,2026-04-22 14:00:00,2026-04-27 10:32:44,2026-04-28 05:40:32,2026-04-29 01:23:15
VA-VSC-04389,Waco (349),Priority Group Upgrade,2026-04-22 16:00:00,2026-04-29 08:46:59,2026-05-04 23:17:04,2026-05-05 12:53:46
VA-VSC-04390,Waco (349),Priority Group Upgrade,2026-04-23 09:00:00,2026-04-28 17:49:59,2026-05-05 03:28:43,2026-05-10 13:09:39
VA-VSC-04391,Waco (349),Inter-Facility Transfer,2026-04-23 11:00:00,2026-04-27 16:47:05,2026-04-28 02:28:25,2026-05-08 01:49:40
VA-VSC-04392,Waco (349),Inter-Facility Transfer,2026-04-23 12:00:00,2026-04-28 20:34:43,2026-05-03 02:10:05,2026-05-04 01:55:54
VA-VSC-04393,Houston (362),New Enrollment,2026-04-23 12:00:00,2026-04-25 19:43:31,2026-04-25 22:07:31,2026-05-02 14:13:04
VA-VSC-04394,Waco (349),Priority Group Upgrade,2026-04-23 13:00:00,2026-04-29 00:50:20,2026-05-05 08:29:03,2026-05-07 06:36:24
VA-VSC-04395,Muskogee (351),New Enrollment,2026-04-23 13:00:00,2026-04-24 10:02:01,2026-04-24 17:01:59,2026-04-24 20:04:33
VA-VSC-04396,Phoenix (344),New Enrollment,2026-04-23 14:00:00,2026-04-24 03:12:18,2026-04-25 04:36:13,2026-04-28 02:12:14
VA-VSC-04397,Waco (349),New Enrollment,2026-04-23 15:00:00,2026-04-30 21:49:36,2026-05-03 04:44:52,2026-05-03 10:38:07
VA-VSC-04398,Waco (349),Priority Group Upgrade,2026-04-23 16:00:00,2026-04-28 05:21:31,2026-05-05 14:52:14,2026-05-08 13:50:12
VA-VSC-04399,Waco (349),Priority Group Upgrade,2026-04-24 07:00:00,2026-04-28 14:24:31,2026-05-07 21:27:59,2026-05-11 18:14:56
VA-VSC-04400,Waco (349),New Enrollment,2026-04-24 08:00:00,2026-04-28 07:56:24,2026-04-30 10:55:23,2026-05-01 01:06:23
VA-VSC-04401,Waco (349),Priority Group Upgrade,2026-04-24 10:00:00,2026-04-30 03:29:13,2026-05-09 19:22:13,2026-05-14 16:20:56
VA-VSC-04402,Waco (349),New Enrollment,2026-04-24 10:00:00,2026-04-30 21:32:51,2026-05-01 08:10:44,2026-05-01 17:02:13
VA-VSC-04403,Waco (349),Priority Group Upgrade,2026-04-24 10:00:00,2026-04-29 18:47:23,2026-05-07 09:21:48,2026-05-07 14:17:04
VA-VSC-04404,Waco (349),New Enrollment,2026-04-24 10:00:00,2026-04-30 08:34:39,2026-05-04 03:50:21,2026-05-06 19:14:10
VA-VSC-04405,Muskogee (351),New Enrollment,2026-04-24 11:00:00,2026-04-26 02:15:17,2026-04-30 02:55:28,2026-04-30 11:12:35
VA-VSC-04406,Houston (362),New Enrollment,2026-04-24 15:00:00,2026-04-25 09:03:30,2026-04-25 22:41:31,2026-04-26 19:52:12
VA-VSC-04407,Muskogee (351),New Enrollment,2026-04-24 15:00:00,2026-04-25 05:59:22,2026-04-29 19:09:10,2026-04-30 09:31:03
VA-VSC-04408,Waco (349),Priority Group Upgrade,2026-04-24 16:00:00,2026-04-30 07:57:16,2026-05-07 22:55:14,2026-05-09 05:56:47
VA-VSC-04409,Waco (349),New Enrollment,2026-04-24 16:00:00,2026-04-29 20:37:04,2026-04-30 06:59:59,2026-05-07 00:21:09
VA-VSC-04410,Houston (362),Priority Group Upgrade,2026-04-24 16:00:00,2026-04-25 02:30:31,2026-05-03 09:33:06,2026-05-03 16:38:57
VA-VSC-04411,Waco (349),New Enrollment,2026-04-25 07:00:00,2026-05-06 11:22:30,2026-05-07 07:11:49,2026-05-07 17:38:08
VA-VSC-04412,Waco (349),Priority Group Upgrade,2026-04-25 07:00:00,2026-05-01 16:15:36,2026-05-10 07:36:21,2026-05-12 11:15:46
VA-VSC-04413,Houston (362),Combat Veteran Auto-Enroll,2026-04-25 09:00:00,2026-04-25 12:17:18,2026-04-25 15:51:19,2026-04-28 04:22:45
VA-VSC-04414,Houston (362),New Enrollment,2026-04-25 10:00:00,2026-04-25 20:54:13,2026-04-27 11:35:26,2026-04-29 01:25:45
VA-VSC-04415,Waco (349),Priority Group Upgrade,2026-04-25 11:00:00,2026-05-04 17:01:33,2026-05-12 19:22:12,2026-05-15 01:46:28
VA-VSC-04416,Waco (349),New Enrollment,2026-04-25 11:00:00,2026-05-02 02:16:23,2026-05-03 09:57:50,2026-05-06 12:42:40
VA-VSC-04417,Waco (349),Priority Group Upgrade,2026-04-25 12:00:00,2026-04-30 22:55:31,2026-05-06 15:47:43,2026-05-09 16:52:30
VA-VSC-04418,Waco (349),New Enrollment,2026-04-25 12:00:00,2026-05-02 01:14:08,2026-05-05 03:50:50,2026-05-07 13:13:05
VA-VSC-04419,Waco (349),Priority Group Upgrade,2026-04-25 16:00:00,2026-05-02 20:07:16,2026-05-09 08:49:47,2026-05-13 17:31:42
VA-VSC-04420,Waco (349),Priority Group Upgrade,2026-04-26 08:00:00,2026-05-02 17:40:47,2026-05-11 16:20:13,2026-05-20 20:25:23
VA-VSC-04421,Waco (349),Inter-Facility Transfer,2026-04-26 11:00:00,2026-04-30 03:48:03,2026-05-03 14:16:45,2026-05-06 08:32:55
VA-VSC-04422,Muskogee (351),Priority Group Upgrade,2026-04-26 11:00:00,2026-04-27 06:36:31,2026-05-05 12:06:44,2026-05-05 14:30:44
VA-VSC-04423,Houston (362),Priority Group Upgrade,2026-04-26 13:00:00,2026-04-26 20:38:57,2026-05-02 03:13:21,2026-05-05 02:22:55
VA-VSC-04424,St. Paul (335),New Enrollment,2026-04-26 13:00:00,2026-04-27 03:57:24,2026-04-27 07:35:29,2026-05-03 10:32:26
VA-VSC-04425,Waco (349),Inter-Facility Transfer,2026-04-26 13:00:00,2026-05-04 15:00:22,2026-05-04 17:26:56,2026-05-05 02:11:24
VA-VSC-04426,Waco (349),Combat Veteran Auto-Enroll,2026-04-26 15:00:00,2026-05-01 20:50:15,2026-05-02 06:21:37,2026-05-07 17:07:17
VA-VSC-04427,Waco (349),New Enrollment,2026-04-26 15:00:00,2026-05-02 17:57:08,2026-05-05 03:47:34,2026-05-06 06:16:45
VA-VSC-04428,Waco (349),Combat Veteran Auto-Enroll,2026-04-26 16:00:00,2026-05-02 09:33:08,2026-05-02 21:43:43,2026-05-03 05:07:44
VA-VSC-04429,Waco (349),New Enrollment,2026-04-27 07:00:00,2026-05-04 20:09:36,2026-05-05 01:29:26,2026-05-06 19:11:08
VA-VSC-04430,St. Paul (335),Combat Veteran Auto-Enroll,2026-04-27 07:00:00,2026-04-28 20:14:16,2026-04-29 08:15:32,2026-05-02 00:01:48
VA-VSC-04431,Houston (362),Combat Veteran Auto-Enroll,2026-04-27 07:00:00,2026-04-27 12:49:30,2026-04-28 03:41:50,2026-04-30 21:16:01
VA-VSC-04432,Waco (349),New Enrollment,2026-04-27 08:00:00,2026-05-03 09:01:15,2026-05-03 20:22:34,2026-05-04 02:37:44
VA-VSC-04433,Waco (349),Priority Group Upgrade,2026-04-27 09:00:00,2026-05-02 15:28:14,2026-05-09 08:00:29,2026-05-10 21:38:56
VA-VSC-04434,Muskogee (351),New Enrollment,2026-04-27 11:00:00,2026-04-27 16:37:57,2026-04-28 01:10:22,2026-04-28 23:06:34
VA-VSC-04435,Waco (349),New Enrollment,2026-04-27 12:00:00,2026-05-03 08:23:50,2026-05-05 09:26:53,2026-05-06 11:10:51
VA-VSC-04436,Waco (349),New Enrollment,2026-04-27 12:00:00,2026-05-01 05:09:17,2026-05-01 17:00:56,2026-05-03 02:48:13
VA-VSC-04437,Waco (349),Priority Group Upgrade,2026-04-27 14:00:00,2026-05-05 12:24:38,2026-05-11 01:32:24,2026-05-13 00:40:50
VA-VSC-04438,St. Paul (335),New Enrollment,2026-04-27 16:00:00,2026-04-27 18:24:00,2026-04-28 14:01:08,2026-04-30 12:13:58
VA-VSC-04439,Muskogee (351),New Enrollment,2026-04-28 07:00:00,2026-04-30 03:46:54,2026-05-02 15:38:03,2026-05-12 10:08:13
VA-VSC-04440,Waco (349),Priority Group Upgrade,2026-04-28 08:00:00,2026-05-02 13:22:26,2026-05-08 20:23:38,2026-05-10 07:45:44
VA-VSC-04441,Phoenix (344),New Enrollment,2026-04-28 09:00:00,2026-04-28 11:24:00,2026-04-29 00:57:17,2026-05-07 07:13:36
VA-VSC-04442,Phoenix (344),New Enrollment,2026-04-28 09:00:00,2026-05-01 03:09:14,2026-05-01 21:15:34,2026-05-06 01:33:49
VA-VSC-04443,Waco (349),New Enrollment,2026-04-28 09:00:00,2026-05-04 09:53:58,2026-05-04 23:28:40,2026-05-07 13:45:44
VA-VSC-04444,Waco (349),New Enrollment,2026-04-28 09:00:00,2026-05-03 09:05:50,2026-05-03 17:03:29,2026-05-07 16:03:19
VA-VSC-04445,Waco (349),Priority Group Upgrade,2026-04-28 10:00:00,2026-05-02 22:59:01,2026-05-10 20:18:10,2026-05-11 10:27:06
VA-VSC-04446,Muskogee (351),New Enrollment,2026-04-28 10:00:00,2026-04-30 05:00:39,2026-04-30 14:46:55,2026-04-30 18:10:44
VA-VSC-04447,Waco (349),Inter-Facility Transfer,2026-04-28 11:00:00,2026-05-03 19:39:22,2026-05-04 13:32:13,2026-05-04 22:55:22
VA-VSC-04448,St. Paul (335),Priority Group Upgrade,2026-04-28 11:00:00,2026-04-28 15:07:48,2026-05-07 23:53:00,2026-05-08 03:15:21
VA-VSC-04449,Waco (349),New Enrollment,2026-04-28 12:00:00,2026-05-06 20:15:21,2026-05-06 23:28:08,2026-05-10 08:43:41
VA-VSC-04450,St. Paul (335),New Enrollment,2026-04-28 12:00:00,2026-05-01 04:06:42,2026-05-01 21:11:51,2026-05-02 13:54:04
VA-VSC-04451,Waco (349),New Enrollment,2026-04-28 13:00:00,2026-05-04 09:57:41,2026-05-06 05:37:19,2026-05-09 06:17:42
VA-VSC-04452,Houston (362),Priority Group Upgrade,2026-04-28 16:00:00,2026-04-30 01:26:57,2026-05-08 01:00:32,2026-05-09 11:19:17
VA-VSC-04453,Phoenix (344),New Enrollment,2026-04-28 16:00:00,2026-04-29 19:19:56,2026-04-30 01:40:59,2026-04-30 05:30:13
VA-VSC-04454,St. Paul (335),New Enrollment,2026-04-29 07:00:00,2026-04-29 13:14:16,2026-04-30 08:53:05,2026-05-04 17:54:03
VA-VSC-04455,Phoenix (344),Combat Veteran Auto-Enroll,2026-04-29 07:00:00,2026-04-30 04:51:43,2026-05-02 06:33:08,2026-05-02 15:44:11
VA-VSC-04456,Waco (349),New Enrollment,2026-04-29 07:00:00,2026-05-05 15:30:17,2026-05-06 01:21:59,2026-05-06 19:26:54
VA-VSC-04457,Houston (362),New Enrollment,2026-04-29 08:00:00,2026-04-29 23:59:32,2026-05-01 02:19:30,2026-05-01 04:43:30
VA-VSC-04458,Waco (349),Combat Veteran Auto-Enroll,2026-04-29 09:00:00,2026-05-04 15:46:01,2026-05-04 18:54:59,2026-05-07 04:32:47
VA-VSC-04459,Waco (349),,2026-04-29 11:00:00,2026-05-04 09:43:00,2026-05-11 07:05:35,2026-05-13 02:11:43
VA-VSC-04460,Waco (349),New Enrollment,2026-04-29 11:00:00,2026-05-04 16:32:20,2026-05-06 21:00:17,2026-05-07 13:12:43
VA-VSC-04461,Waco (349),Priority Group Upgrade,2026-04-29 12:00:00,2026-05-06 23:32:35,2026-05-15 23:58:52,2026-05-17 03:58:22
VA-VSC-04462,Waco (349),New Enrollment,2026-04-29 13:00:00,2026-05-03 09:39:52,2026-05-03 12:03:52,2026-05-05 14:31:07
VA-VSC-04463,Muskogee (351),Priority Group Upgrade,2026-04-29 13:00:00,2026-04-29 15:24:00,2026-05-05 09:33:59,2026-05-07 23:05:26
VA-VSC-04464,Waco (349),Priority Group Upgrade,2026-04-29 15:00:00,2026-05-06 06:09:22,2026-05-19 12:23:32,2026-05-19 16:06:31
VA-VSC-04465,Houston (362),Combat Veteran Auto-Enroll,2026-04-29 15:00:00,2026-04-30 22:43:53,2026-05-01 07:58:40,2026-05-01 16:31:20
VA-VSC-04466,Waco (349),Inter-Facility Transfer,2026-04-29 16:00:00,2026-05-05 23:09:41,2026-05-10 15:48:38,2026-05-13 13:51:12
VA-VSC-04467,Waco (349),Inter-Facility Transfer,2026-04-30 08:00:00,2026-05-10 00:52:14,2026-05-11 10:18:34,2026-05-16 17:20:24
VA-VSC-04468,Waco (349),Inter-Facility Transfer,2026-04-30 12:00:00,2026-05-06 02:37:50,2026-05-08 15:29:14,2026-05-09 02:00:11
VA-VSC-04469,Muskogee (351),Priority Group Upgrade,2026-04-30 12:00:00,2026-04-30 14:24:00,2026-05-09 08:02:49,2026-05-10 02:26:08
VA-VSC-04470,Phoenix (344),New Enrollment,2026-04-30 14:00:00,2026-05-08 23:25:32,2026-05-09 17:20:12,2026-05-10 07:26:58
VA-VSC-04471,Phoenix (344),Priority Group Upgrade,2026-04-30 15:00:00,2026-04-30 20:51:07,2026-05-08 20:51:49,2026-05-10 17:34:51
VA-VSC-04472,Muskogee (351),Priority Group Upgrade,2026-04-30 15:00:00,2026-05-01 09:24:59,2026-05-07 00:37:57,2026-05-07 09:28:36
VA-VSC-04473,Waco (349),Combat Veteran Auto-Enroll,2026-04-30 16:00:00,2026-05-08 00:59:46,2026-05-08 03:23:46,2026-05-09 02:23:31
VA-VSC-04474,Waco (349),New Enrollment,2026-05-01 11:00:00,2026-05-06 18:35:38,2026-05-09 00:17:25,2026-05-09 18:17:32
VA-VSC-04475,Houston (362),Inter-Facility Transfer,2026-05-01 11:00:00,2026-05-04 10:25:51,2026-05-08 00:34:44,2026-05-08 14:21:55
VA-VSC-04476,Waco (349),Combat Veteran Auto-Enroll,2026-05-01 12:00:00,2026-05-07 00:32:52,2026-05-07 02:56:52,2026-05-07 09:44:05
VA-VSC-04477,Waco (349),,2026-05-02 07:00:00,2026-05-07 20:17:19,2026-05-08 05:38:23,2026-05-11 10:28:39
VA-VSC-04478,Waco (349),Combat Veteran Auto-Enroll,2026-05-02 10:00:00,2026-05-06 20:17:16,2026-05-10 13:24:57,2026-05-15 00:11:39
VA-VSC-04479,Houston (362),New Enrollment,2026-05-02 11:00:00,2026-05-03 16:11:52,2026-05-04 02:54:39,2026-05-07 04:18:42
VA-VSC-04480,Houston (362),New Enrollment,2026-05-02 11:00:00,2026-05-02 17:31:19,2026-05-07 18:23:11,2026-05-07 20:47:11
VA-VSC-04481,Waco (349),New Enrollment,2026-05-02 13:00:00,2026-05-10 05:18:42,2026-05-10 08:38:36,2026-05-11 09:46:30
VA-VSC-04482,Waco (349),New Enrollment,2026-05-02 16:00:00,2026-05-10 17:31:09,2026-05-12 01:54:36,2026-05-12 15:48:12
VA-VSC-04483,Houston (362),Priority Group Upgrade,2026-05-03 08:00:00,2026-05-05 23:22:28,2026-05-12 09:26:10,2026-05-12 17:48:29
VA-VSC-04484,Houston (362),Combat Veteran Auto-Enroll,2026-05-03 08:00:00,2026-05-04 10:52:04,2026-05-05 01:57:53,2026-05-07 08:03:13
VA-VSC-04485,Waco (349),Combat Veteran Auto-Enroll,2026-05-03 09:00:00,2026-05-10 08:56:47,2026-05-14 08:25:08,2026-05-16 06:35:58
VA-VSC-04486,St. Paul (335),Priority Group Upgrade,2026-05-03 09:00:00,2026-05-03 15:56:03,2026-05-10 17:18:57,2026-05-11 10:29:48
VA-VSC-04487,Waco (349),New Enrollment,2026-05-03 11:00:00,2026-05-06 22:16:47,2026-05-12 03:29:57,2026-05-13 15:58:44
VA-VSC-04488,Waco (349),New Enrollment,2026-05-03 11:00:00,2026-05-08 06:13:25,2026-05-08 16:57:33,2026-05-11 10:51:22
VA-VSC-04489,St. Paul (335),New Enrollment,2026-05-03 12:00:00,2026-05-07 17:38:18,2026-05-08 18:09:04,2026-05-10 21:34:36
VA-VSC-04490,Houston (362),New Enrollment,2026-05-03 13:00:00,2026-05-03 15:24:00,2026-05-04 04:18:54,2026-05-08 13:41:48
VA-VSC-04491,Waco (349),Priority Group Upgrade,2026-05-03 16:00:00,2026-05-12 07:36:05,2026-05-24 20:26:21,2026-05-29 11:02:24
VA-VSC-04492,Houston (362),New Enrollment,2026-05-04 07:00:00,2026-05-04 20:52:03,2026-05-06 07:42:15,2026-05-07 02:08:44
VA-VSC-04493,Houston (362),New Enrollment,2026-05-04 08:00:00,2026-05-04 22:01:25,2026-05-10 00:06:03,2026-05-10 05:45:55
VA-VSC-04494,St. Paul (335),New Enrollment,2026-05-04 10:00:00,2026-05-04 13:12:10,2026-05-04 15:36:10,2026-05-05 10:07:04
VA-VSC-04495,St. Paul (335),Priority Group Upgrade,2026-05-04 11:00:00,2026-05-05 01:37:36,2026-05-10 14:02:05,2026-05-12 04:16:13
VA-VSC-04496,Houston (362),Priority Group Upgrade,2026-05-04 12:00:00,2026-05-05 13:12:40,2026-05-12 11:14:19,2026-05-19 22:12:02
VA-VSC-04497,Waco (349),Priority Group Upgrade,2026-05-04 13:00:00,2026-05-10 01:08:11,2026-05-17 19:21:54,2026-05-19 21:48:08
VA-VSC-04498,Waco (349),New Enrollment,2026-05-04 14:00:00,2026-05-10 14:21:31,2026-05-11 20:25:16,2026-05-13 14:38:10
VA-VSC-04499,Waco (349),Inter-Facility Transfer,2026-05-04 14:00:00,2026-05-10 07:57:16,2026-05-11 19:39:22,2026-05-14 18:19:54
VA-VSC-04500,Waco (349),New Enrollment,2026-05-05 07:00:00,2026-05-12 00:24:07,2026-05-13 16:40:16,2026-05-15 00:32:02
VA-VSC-04501,Houston (362),Priority Group Upgrade,2026-05-05 07:00:00,2026-05-05 14:24:41,2026-05-15 08:36:24,2026-05-16 21:06:58
VA-VSC-04502,Waco (349),Priority Group Upgrade,2026-05-05 08:00:00,2026-05-15 11:48:16,2026-05-24 08:37:18,2026-05-24 11:01:18
VA-VSC-04503,Waco (349),Priority Group Upgrade,2026-05-05 09:00:00,2026-05-10 17:12:44,2026-05-29 01:34:09,2026-05-29 05:47:50
VA-VSC-04504,Waco (349),Inter-Facility Transfer,2026-05-05 10:00:00,2026-05-13 21:08:01,2026-05-18 07:59:27,2026-05-20 06:19:49
VA-VSC-04505,Waco (349),New Enrollment,2026-05-05 10:00:00,2026-05-11 14:00:40,2026-05-12 07:27:22,2026-05-14 20:46:11
VA-VSC-04506,Waco (349),Priority Group Upgrade,2026-05-05 11:00:00,2026-05-10 08:59:01,2026-05-16 16:08:49,2026-05-16 23:39:38
VA-VSC-04507,St. Paul (335),New Enrollment,2026-05-05 11:00:00,2026-05-13 23:36:53,2026-05-14 03:10:53,2026-05-14 14:40:44
VA-VSC-04508,Waco (349),Priority Group Upgrade,2026-05-05 15:00:00,2026-05-10 10:10:43,2026-05-20 12:26:06,2026-05-23 06:05:30
VA-VSC-04509,Houston (362),New Enrollment,2026-05-06 07:00:00,2026-05-07 03:59:52,2026-05-07 21:09:40,2026-05-11 01:48:17
VA-VSC-04510,Muskogee (351),New Enrollment,2026-05-06 07:00:00,2026-05-06 19:08:12,2026-05-07 04:32:47,2026-05-07 22:21:50
VA-VSC-04511,Waco (349),Priority Group Upgrade,2026-05-06 07:00:00,2026-05-13 16:20:35,2026-05-20 20:40:51,2026-05-22 17:34:49
VA-VSC-04512,Waco (349),Priority Group Upgrade,2026-05-06 08:00:00,2026-05-13 04:12:11,2026-05-24 06:41:49,2026-05-27 00:51:50
VA-VSC-04513,Waco (349),New Enrollment,2026-05-06 09:00:00,2026-05-11 05:47:25,2026-05-11 15:55:47,2026-05-12 13:49:27
VA-VSC-04514,Houston (362),Priority Group Upgrade,2026-05-06 10:00:00,2026-05-06 13:13:11,2026-05-19 09:44:14,2026-05-19 14:02:50
VA-VSC-04515,Houston (362),Priority Group Upgrade,2026-05-06 11:00:00,2026-05-08 20:43:46,2026-05-13 14:58:51,2026-05-16 13:14:00
VA-VSC-04516,Waco (349),New Enrollment,2026-05-06 12:00:00,2026-05-13 07:29:07,2026-05-14 20:07:52,2026-05-18 13:37:28
VA-VSC-04517,Waco (349),Priority Group Upgrade,2026-05-06 13:00:00,2026-05-12 04:37:31,2026-05-19 17:46:32,2026-05-20 11:57:04
VA-VSC-04518,Phoenix (344),Priority Group Upgrade,2026-05-06 15:00:00,2026-05-06 19:12:56,2026-05-12 07:25:21,2026-05-15 07:07:03
VA-VSC-04519,Waco (349),Priority Group Upgrade,2026-05-06 16:00:00,2026-05-15 14:23:32,2026-05-24 13:47:58,2026-05-28 01:33:31
VA-VSC-04520,Waco (349),New Enrollment,2026-05-07 08:00:00,2026-05-13 19:48:40,2026-05-20 12:00:53,2026-05-20 17:15:16
VA-VSC-04521,Phoenix (344),New Enrollment,2026-05-07 09:00:00,2026-05-08 10:01:42,2026-05-10 08:36:36,2026-05-14 00:39:41
VA-VSC-04522,Houston (362),Priority Group Upgrade,2026-05-07 10:00:00,2026-05-09 19:13:24,2026-05-18 12:33:56,2026-05-18 23:05:56
VA-VSC-04523,Phoenix (344),Inter-Facility Transfer,2026-05-07 10:00:00,2026-05-07 12:24:00,2026-05-07 17:29:23,2026-05-08 08:11:43
VA-VSC-04524,Houston (362),Priority Group Upgrade,2026-05-07 11:00:00,2026-05-08 23:46:05,2026-05-21 12:15:33,2026-05-24 08:20:36
VA-VSC-04525,St. Paul (335),New Enrollment,2026-05-07 13:00:00,2026-05-07 16:23:26,2026-05-09 22:20:25,2026-05-12 18:28:07
VA-VSC-04526,Waco (349),Priority Group Upgrade,2026-05-07 15:00:00,2026-05-12 09:41:12,2026-05-20 10:57:24,2026-05-20 22:51:47
VA-VSC-04527,St. Paul (335),Combat Veteran Auto-Enroll,2026-05-07 16:00:00,2026-05-08 19:03:19,2026-05-09 04:52:45,2026-05-09 13:55:49
VA-VSC-04528,Phoenix (344),New Enrollment,2026-05-07 16:00:00,2026-05-07 18:24:00,2026-05-07 20:48:00,2026-05-08 06:44:42
VA-VSC-04529,Houston (362),Inter-Facility Transfer,2026-05-08 07:00:00,2026-05-08 10:03:05,2026-05-09 15:17:22,2026-05-10 12:34:06
VA-VSC-04530,Waco (349),,2026-05-08 08:00:00,2026-05-14 23:01:16,2026-05-16 07:28:39,2026-05-18 11:08:01
VA-VSC-04531,Waco (349),New Enrollment,2026-05-08 09:00:00,2026-05-14 11:03:40,2026-05-14 21:56:33,2026-05-18 05:33:49
VA-VSC-04532,Waco (349),Inter-Facility Transfer,2026-05-08 13:00:00,2026-05-14 06:28:44,2026-05-17 17:04:07,2026-05-22 20:28:53
VA-VSC-04533,Waco (349),New Enrollment,2026-05-08 14:00:00,2026-05-14 07:42:58,2026-05-14 10:06:58,2026-05-17 19:28:38
VA-VSC-04534,Waco (349),Combat Veteran Auto-Enroll,2026-05-08 15:00:00,2026-05-13 17:49:19,2026-05-16 16:54:01,2026-05-16 20:18:49
VA-VSC-04535,Houston (362),New Enrollment,2026-05-08 15:00:00,2026-05-08 23:41:47,2026-05-14 09:53:52,2026-05-14 22:31:05
VA-VSC-04536,Houston (362),New Enrollment,2026-05-08 16:00:00,2026-05-08 20:06:38,2026-05-11 18:08:28,2026-05-12 00:09:26
VA-VSC-04537,Waco (349),Priority Group Upgrade,2026-05-08 16:00:00,2026-05-14 14:30:37,2026-05-22 05:41:45,2026-05-24 06:06:58
VA-VSC-04538,Houston (362),Combat Veteran Auto-Enroll,2026-05-09 07:00:00,2026-05-10 05:25:16,2026-05-10 23:25:05,2026-05-11 20:45:08
VA-VSC-04539,Waco (349),New Enrollment,2026-05-09 12:00:00,2026-05-19 07:22:13,2026-05-21 05:41:28,2026-05-25 22:53:40
VA-VSC-04540,Waco (349),Priority Group Upgrade,2026-05-09 12:00:00,2026-05-15 08:49:03,2026-05-26 05:12:53,2026-05-30 06:19:36
VA-VSC-04541,Waco (349),New Enrollment,2026-05-09 15:00:00,2026-05-17 00:51:58,2026-05-19 03:29:39,2026-05-19 11:02:30
VA-VSC-04542,Waco (349),New Enrollment,2026-05-09 16:00:00,2026-05-16 16:06:25,2026-05-17 14:55:38,2026-05-22 04:00:46
VA-VSC-04543,Waco (349),New Enrollment,2026-05-09 16:00:00,2026-05-15 07:45:40,2026-05-20 10:27:05,2026-05-24 14:19:31
VA-VSC-04544,Waco (349),Priority Group Upgrade,2026-05-10 07:00:00,2026-05-16 21:55:14,2026-05-26 13:28:03,2026-05-27 12:05:55
VA-VSC-04545,Waco (349),New Enrollment,2026-05-10 09:00:00,2026-05-15 21:18:02,2026-05-17 09:41:15,2026-05-20 01:06:50
VA-VSC-04546,St. Paul (335),New Enrollment,2026-05-10 10:00:00,2026-05-11 02:02:14,2026-05-13 12:38:24,2026-05-14 09:23:56
VA-VSC-04547,Waco (349),New Enrollment,2026-05-10 10:00:00,2026-05-15 05:30:51,2026-05-16 05:17:21,2026-05-27 14:31:32
VA-VSC-04548,Houston (362),New Enrollment,2026-05-10 12:00:00,2026-05-11 00:21:47,2026-05-15 21:23:23,2026-05-16 02:31:08
VA-VSC-04549,Houston (362),Priority Group Upgrade,2026-05-10 13:00:00,2026-05-10 18:28:26,2026-05-20 01:06:13,2026-05-21 10:29:29
VA-VSC-04550,St. Paul (335),,2026-05-10 13:00:00,2026-05-10 21:19:36,2026-05-12 14:39:58,2026-05-14 11:34:08
VA-VSC-04551,Muskogee (351),New Enrollment,2026-05-10 14:00:00,2026-05-12 22:56:29,2026-05-13 19:11:03,2026-05-13 21:44:27
VA-VSC-04552,Waco (349),Inter-Facility Transfer,2026-05-10 15:00:00,2026-05-17 04:05:25,2026-05-21 22:58:27,2026-05-22 01:22:27
VA-VSC-04553,Waco (349),,2026-05-10 15:00:00,2026-05-14 19:36:42,2026-05-20 09:58:06,2026-05-23 07:39:08
VA-VSC-04554,Phoenix (344),Priority Group Upgrade,2026-05-11 08:00:00,2026-05-12 14:06:59,2026-05-15 21:58:58,2026-05-16 06:57:40
VA-VSC-04555,Waco (349),Priority Group Upgrade,2026-05-11 09:00:00,2026-05-15 18:19:00,2026-05-21 15:28:22,2026-05-22 12:57:27
VA-VSC-04556,Houston (362),Combat Veteran Auto-Enroll,2026-05-11 09:00:00,2026-05-12 10:24:37,2026-05-12 16:50:26,2026-05-12 20:18:33
VA-VSC-04557,Houston (362),New Enrollment,2026-05-11 10:00:00,2026-05-13 23:03:10,2026-05-14 13:32:38,2026-05-15 10:14:47
VA-VSC-04558,Houston (362),Priority Group Upgrade,2026-05-11 11:00:00,2026-05-13 23:30:50,2026-05-24 14:45:01,2026-05-27 10:30:36
VA-VSC-04559,Muskogee (351),Priority Group Upgrade,2026-05-11 11:00:00,2026-05-12 19:59:47,2026-05-19 01:57:48,2026-05-25 10:07:22
VA-VSC-04560,Muskogee (351),Priority Group Upgrade,2026-05-11 16:00:00,2026-05-13 14:55:58,2026-05-21 07:22:09,2026-05-23 14:37:50
VA-VSC-04561,St. Paul (335),Combat Veteran Auto-Enroll,2026-05-11 16:00:00,2026-05-11 21:12:50,2026-05-13 01:03:22,2026-05-13 07:33:16
VA-VSC-04562,Waco (349),New Enrollment,2026-05-12 07:00:00,2026-05-19 04:38:24,2026-05-19 14:41:25,2026-05-20 19:36:08
VA-VSC-04563,Phoenix (344),Priority Group Upgrade,2026-05-12 07:00:00,2026-05-12 12:12:11,2026-05-22 21:44:33,2026-05-23 21:28:18
VA-VSC-04564,Waco (349),Priority Group Upgrade,2026-05-12 08:00:00,2026-05-19 18:51:27,2026-05-31 01:39:10,2026-06-04 00:47:22
VA-VSC-04565,Waco (349),New Enrollment,2026-05-12 10:00:00,2026-05-16 17:56:45,2026-05-21 22:53:46,2026-05-25 04:21:55
VA-VSC-04566,Phoenix (344),New Enrollment,2026-05-13 07:00:00,2026-05-15 02:32:46,2026-05-22 00:07:56,2026-05-22 15:49:55
VA-VSC-04567,Waco (349),Priority Group Upgrade,2026-05-13 08:00:00,2026-05-20 23:15:44,2026-05-26 03:48:28,2026-06-01 05:46:08
VA-VSC-04568,Waco (349),Combat Veteran Auto-Enroll,2026-05-13 08:00:00,2026-05-20 05:58:23,2026-05-21 19:05:52,2026-05-23 14:18:25
VA-VSC-04569,Waco (349),Priority Group Upgrade,2026-05-13 08:00:00,2026-05-21 14:50:59,2026-05-31 11:37:42,2026-06-02 00:56:23
VA-VSC-04570,Phoenix (344),Combat Veteran Auto-Enroll,2026-05-13 09:00:00,2026-05-15 15:34:35,2026-05-18 09:45:44,2026-05-23 10:30:59
VA-VSC-04571,Waco (349),New Enrollment,2026-05-13 09:00:00,2026-05-15 04:13:13,2026-05-16 11:46:45,2026-05-17 18:06:29
VA-VSC-04572,Houston (362),New Enrollment,2026-05-13 10:00:00,2026-05-15 14:19:33,2026-05-16 04:07:36,2026-05-17 09:56:56
VA-VSC-04573,Waco (349),New Enrollment,2026-05-13 11:00:00,2026-05-18 00:41:45,2026-05-18 11:08:06,2026-05-20 14:58:38
VA-VSC-04574,St. Paul (335),New Enrollment,2026-05-13 11:00:00,2026-05-13 14:34:53,2026-05-13 22:04:14,2026-05-15 10:06:41
VA-VSC-04575,St. Paul (335),New Enrollment,2026-05-13 12:00:00,2026-05-13 14:24:00,2026-05-13 19:17:11,2026-05-17 18:49:24
VA-VSC-04576,Waco (349),,2026-05-13 15:00:00,2026-05-22 23:06:16,2026-05-23 14:29:22,2026-05-24 11:01:09
VA-VSC-04577,Waco (349),Priority Group Upgrade,2026-05-13 15:00:00,2026-05-22 05:27:58,2026-06-05 13:47:26,2026-06-06 10:54:02
VA-VSC-04578,Waco (349),Priority Group Upgrade,2026-05-13 16:00:00,2026-05-22 02:47:08,2026-06-01 15:37:17,2026-06-03 20:24:37
VA-VSC-04579,Muskogee (351),New Enrollment,2026-05-13 16:00:00,2026-05-16 06:25:49,2026-05-17 18:29:41,2026-05-19 22:51:56
VA-VSC-04580,Houston (362),New Enrollment,2026-05-14 08:00:00,2026-05-14 11:09:24,2026-05-16 02:30:44,2026-05-17 07:35:22
VA-VSC-04581,Muskogee (351),New Enrollment,2026-05-14 08:00:00,2026-05-15 14:21:13,2026-05-16 04:33:56,2026-05-17 22:22:33
VA-VSC-04582,Waco (349),Priority Group Upgrade,2026-05-14 09:00:00,2026-05-18 21:49:00,2026-05-23 14:28:47,2026-05-23 22:06:59
VA-VSC-04583,St. Paul (335),New Enrollment,2026-05-14 10:00:00,2026-05-16 00:23:56,2026-05-17 20:31:10,2026-05-22 15:29:45
VA-VSC-04584,St. Paul (335),New Enrollment,2026-05-14 10:00:00,2026-05-15 14:47:41,2026-05-16 04:23:28,2026-05-19 05:46:41
VA-VSC-04585,Houston (362),Inter-Facility Transfer,2026-05-14 11:00:00,2026-05-15 06:47:24,2026-05-15 14:31:54,2026-05-18 08:34:46
VA-VSC-04586,Muskogee (351),Combat Veteran Auto-Enroll,2026-05-14 12:00:00,2026-05-14 16:05:40,2026-05-14 23:09:28,2026-05-17 19:24:40
VA-VSC-04587,Waco (349),New Enrollment,2026-05-14 13:00:00,2026-05-19 22:06:19,2026-05-22 06:25:22,2026-05-22 23:05:15
VA-VSC-04588,Waco (349),New Enrollment,2026-05-14 13:00:00,2026-05-22 18:18:46,2026-05-24 16:29:03,2026-05-28 06:40:18
VA-VSC-04589,Houston (362),New Enrollment,2026-05-15 07:00:00,2026-05-15 10:20:11,2026-05-17 07:00:59,2026-05-19 15:18:16
VA-VSC-04590,St. Paul (335),Combat Veteran Auto-Enroll,2026-05-15 07:00:00,2026-05-15 17:47:26,2026-05-17 17:42:40,2026-05-19 08:05:17
VA-VSC-04591,Houston (362),Priority Group Upgrade,2026-05-15 09:00:00,2026-05-16 08:36:19,2026-05-26 11:10:57,2026-05-26 17:08:36
VA-VSC-04592,Waco (349),New Enrollment,2026-05-15 10:00:00,2026-05-21 11:38:23,2026-05-23 16:21:56,2026-05-24 07:34:00
VA-VSC-04593,Waco (349),Priority Group Upgrade,2026-05-15 10:00:00,2026-05-22 09:35:18,2026-05-26 12:25:48,2026-05-29 17:27:03
VA-VSC-04594,Waco (349),New Enrollment,2026-05-15 10:00:00,2026-05-22 06:08:37,2026-05-25 00:31:47,2026-05-28 20:40:38
VA-VSC-04595,Waco (349),New Enrollment,2026-05-15 12:00:00,2026-05-21 23:35:47,2026-05-23 08:20:02,2026-05-24 15:26:32
VA-VSC-04596,Houston (362),New Enrollment,2026-05-15 12:00:00,2026-05-15 23:31:11,2026-05-18 18:17:05,2026-05-18 20:51:38
VA-VSC-04597,St. Paul (335),Priority Group Upgrade,2026-05-15 12:00:00,2026-05-18 15:37:26,2026-05-26 17:21:37,2026-06-01 07:44:37
VA-VSC-04598,Waco (349),New Enrollment,2026-05-15 13:00:00,2026-05-21 05:01:39,2026-05-21 08:54:19,2026-05-23 14:43:49
VA-VSC-04599,Waco (349),New Enrollment,2026-05-15 14:00:00,2026-05-23 02:48:20,2026-05-28 22:30:33,2026-05-29 11:43:35
VA-VSC-04600,Waco (349),New Enrollment,2026-05-15 15:00:00,2026-05-22 07:31:18,2026-05-22 20:07:04,2026-05-23 22:47:31
VA-VSC-04601,Waco (349),New Enrollment,2026-05-15 15:00:00,2026-05-18 19:43:19,2026-05-19 08:44:22,2026-05-20 13:01:36
VA-VSC-04602,St. Paul (335),Combat Veteran Auto-Enroll,2026-05-16 07:00:00,2026-05-17 11:48:33,2026-05-19 00:19:33,2026-05-20 18:24:01
VA-VSC-04603,Phoenix (344),New Enrollment,2026-05-16 08:00:00,2026-05-16 17:59:13,2026-05-21 04:00:40,2026-05-22 03:53:34
VA-VSC-04604,Waco (349),New Enrollment,2026-05-16 08:00:00,2026-05-21 18:11:22,2026-05-22 23:17:55,2026-05-25 17:38:08
VA-VSC-04605,St. Paul (335),Priority Group Upgrade,2026-05-16 09:00:00,2026-05-17 00:07:19,2026-05-29 18:36:20,2026-05-29 23:06:29
VA-VSC-04606,Phoenix (344),Combat Veteran Auto-Enroll,2026-05-16 09:00:00,2026-05-17 12:31:57,2026-05-18 03:36:38,2026-05-18 07:08:12
VA-VSC-04607,Phoenix (344),Combat Veteran Auto-Enroll,2026-05-16 10:00:00,2026-05-16 16:55:32,2026-05-18 04:31:05,2026-05-18 06:55:05
VA-VSC-04608,Waco (349),Priority Group Upgrade,2026-05-16 11:00:00,2026-05-21 15:27:06,2026-06-01 01:35:34,2026-06-04 05:40:59
VA-VSC-04609,Muskogee (351),New Enrollment,2026-05-16 12:00:00,2026-05-17 06:01:03,2026-05-17 23:59:12,2026-05-25 03:09:27
VA-VSC-04610,Waco (349),Priority Group Upgrade,2026-05-16 16:00:00,2026-05-24 18:27:53,2026-06-01 07:20:31,2026-06-01 15:04:27
VA-VSC-04611,Waco (349),Priority Group Upgrade,2026-05-17 07:00:00,2026-05-23 02:32:14,2026-06-03 11:38:59,2026-06-03 21:26:53
VA-VSC-04612,Waco (349),New Enrollment,2026-05-17 08:00:00,2026-05-23 11:46:04,2026-05-23 14:10:04,2026-05-25 05:31:31
VA-VSC-04613,Waco (349),Inter-Facility Transfer,2026-05-17 12:00:00,2026-05-21 12:56:37,2026-05-21 16:15:39,2026-05-23 02:01:10
VA-VSC-04614,Waco (349),New Enrollment,2026-05-17 12:00:00,2026-05-24 09:37:28,2026-05-25 07:18:59,2026-05-26 12:43:09
VA-VSC-04615,Waco (349),Inter-Facility Transfer,2026-05-17 12:00:00,2026-05-25 12:06:02,2026-05-25 20:00:10,2026-05-26 03:20:33
VA-VSC-04616,Waco (349),Combat Veteran Auto-Enroll,2026-05-17 16:00:00,2026-05-23 12:14:59,2026-05-24 15:19:24,2026-05-25 18:17:34
VA-VSC-04617,St. Paul (335),Priority Group Upgrade,2026-05-17 16:00:00,2026-05-18 16:10:47,2026-05-27 01:55:42,2026-05-29 19:24:28
VA-VSC-04618,Phoenix (344),Inter-Facility Transfer,2026-05-17 16:00:00,2026-05-19 02:12:59,2026-05-21 12:35:13,2026-05-25 20:11:04
VA-VSC-04619,Waco (349),Priority Group Upgrade,2026-05-18 08:00:00,2026-05-25 15:24:46,2026-06-03 13:00:05,2026-06-04 09:21:33
VA-VSC-04620,Phoenix (344),,2026-05-18 08:00:00,2026-05-21 06:51:04,2026-05-22 11:28:38,2026-05-23 09:23:37
VA-VSC-04621,Phoenix (344),New Enrollment,2026-05-18 09:00:00,2026-05-20 18:53:09,2026-05-21 08:57:02,2026-05-21 16:57:26
VA-VSC-04622,St. Paul (335),New Enrollment,2026-05-18 09:00:00,2026-05-19 14:22:58,2026-05-19 16:46:58,2026-05-20 15:39:33
VA-VSC-04623,Waco (349),New Enrollment,2026-05-18 09:00:00,2026-05-25 11:22:54,2026-05-25 23:58:36,2026-05-31 08:31:54
VA-VSC-04624,Houston (362),Priority Group Upgrade,2026-05-18 10:00:00,2026-05-19 10:15:09,2026-05-29 02:03:40,2026-05-30 10:38:47
VA-VSC-04625,Muskogee (351),New Enrollment,2026-05-18 11:00:00,2026-05-19 02:02:10,2026-05-20 12:22:31,2026-05-22 15:49:44
VA-VSC-04626,Houston (362),New Enrollment,2026-05-18 12:00:00,2026-05-20 04:01:43,2026-05-21 19:44:41,2026-05-24 13:28:20
VA-VSC-04627,Waco (349),Priority Group Upgrade,2026-05-18 16:00:00,2026-05-25 06:37:32,2026-06-01 18:07:57,2026-06-02 01:05:24
VA-VSC-04628,Waco (349),Combat Veteran Auto-Enroll,2026-05-18 16:00:00,2026-05-24 00:00:18,2026-05-24 02:24:18,2026-05-25 17:44:41
VA-VSC-04629,Houston (362),New Enrollment,2026-05-19 07:00:00,2026-05-20 00:43:26,2026-05-22 06:21:35,2026-05-23 15:54:46
VA-VSC-04630,Waco (349),,2026-05-19 07:00:00,2026-05-23 14:54:20,2026-05-24 03:50:50,2026-05-25 17:06:27
VA-VSC-04631,Waco (349),New Enrollment,2026-05-19 08:00:00,2026-05-24 07:26:24,2026-05-24 18:19:41,2026-05-27 14:17:05
VA-VSC-04632,Waco (349),Priority Group Upgrade,2026-05-19 09:00:00,2026-05-24 19:36:09,2026-05-29 14:37:45,2026-06-01 23:21:42
VA-VSC-04633,St. Paul (335),New Enrollment,2026-05-19 09:00:00,2026-05-19 12:59:54,2026-05-21 00:34:01,2026-05-22 10:47:47
VA-VSC-04634,Phoenix (344),Priority Group Upgrade,2026-05-19 14:00:00,2026-05-20 22:36:34,2026-05-26 15:18:56,2026-05-27 10:05:07
VA-VSC-04635,Waco (349),New Enrollment,2026-05-19 15:00:00,2026-05-24 12:50:08,2026-05-26 22:21:18,2026-05-27 07:22:12
VA-VSC-04636,Muskogee (351),New Enrollment,2026-05-20 07:00:00,2026-05-21 05:58:00,2026-05-21 08:22:00,2026-05-21 17:39:06
VA-VSC-04637,Waco (349),Inter-Facility Transfer,2026-05-20 07:00:00,2026-05-25 16:21:47,2026-05-26 07:41:25,2026-05-27 03:54:26
VA-VSC-04638,Houston (362),New Enrollment,2026-05-20 11:00:00,2026-05-22 13:25:55,2026-05-22 22:38:24,2026-05-23 02:58:36
VA-VSC-04639,St. Paul (335),New Enrollment,2026-05-20 12:00:00,2026-05-21 14:38:35,2026-05-23 08:30:39,2026-05-24 01:16:39
VA-VSC-04640,St. Paul (335),New Enrollment,2026-05-21 07:00:00,2026-05-22 09:35:33,2026-05-24 15:27:41,2026-05-25 11:57:31
VA-VSC-04641,Muskogee (351),Priority Group Upgrade,2026-05-21 09:00:00,2026-05-22 06:27:40,2026-05-29 23:24:53,2026-05-30 01:48:53
VA-VSC-04642,Waco (349),Priority Group Upgrade,2026-05-21 11:00:00,2026-05-29 17:56:37,2026-06-06 18:04:50,2026-06-09 15:15:15
VA-VSC-04643,Phoenix (344),New Enrollment,2026-05-21 12:00:00,2026-05-21 22:04:21,2026-05-22 00:42:25,2026-05-23 02:14:43
VA-VSC-04644,Waco (349),New Enrollment,2026-05-21 12:00:00,2026-05-26 23:43:10,2026-05-27 06:47:52,2026-05-28 00:15:51
VA-VSC-04645,St. Paul (335),New Enrollment,2026-05-21 14:00:00,2026-05-22 19:21:26,2026-05-24 02:31:46,2026-05-28 04:00:49
VA-VSC-04646,St. Paul (335),Priority Group Upgrade,2026-05-21 15:00:00,2026-05-23 12:06:57,2026-06-05 08:26:13,2026-06-07 04:04:59
VA-VSC-04647,Houston (362),Combat Veteran Auto-Enroll,2026-05-21 15:00:00,2026-05-23 19:46:37,2026-05-25 17:26:23,2026-05-27 02:44:07
VA-VSC-04648,Waco (349),Priority Group Upgrade,2026-05-21 15:00:00,2026-05-27 13:49:38,2026-06-05 19:32:55,2026-06-08 19:30:09
VA-VSC-04649,Phoenix (344),Priority Group Upgrade,2026-05-21 16:00:00,2026-05-22 02:53:17,2026-05-29 15:20:50,2026-06-02 06:49:09
VA-VSC-04650,Waco (349),New Enrollment,2026-05-22 07:00:00,2026-05-29 21:29:57,2026-05-30 09:34:15,2026-06-01 17:14:17
VA-VSC-04651,Waco (349),New Enrollment,2026-05-22 08:00:00,2026-05-27 09:49:40,2026-05-29 14:03:32,2026-06-03 00:52:35
VA-VSC-04652,St. Paul (335),New Enrollment,2026-05-22 09:00:00,2026-05-22 20:50:54,2026-05-23 23:51:23,2026-05-26 01:53:57
VA-VSC-04653,Waco (349),New Enrollment,2026-05-22 09:00:00,2026-05-28 00:49:42,2026-06-03 09:19:59,2026-06-07 13:26:40
VA-VSC-04654,Phoenix (344),New Enrollment,2026-05-22 15:00:00,2026-05-22 22:33:31,2026-05-24 00:34:18,2026-05-26 07:46:01
VA-VSC-04655,Waco (349),Priority Group Upgrade,2026-05-22 15:00:00,2026-05-25 17:59:10,2026-06-05 01:09:59,2026-06-06 20:24:13
VA-VSC-04656,Waco (349),Priority Group Upgrade,2026-05-22 15:00:00,2026-05-28 11:27:06,2026-05-31 00:09:17,2026-06-04 07:53:06
VA-VSC-04657,Phoenix (344),Inter-Facility Transfer,2026-05-22 16:00:00,2026-05-25 11:56:33,2026-05-25 15:28:13,2026-05-26 22:13:41
VA-VSC-04658,Waco (349),New Enrollment,2026-05-23 08:00:00,2026-05-30 05:07:23,2026-05-31 14:53:12,2026-06-01 05:37:04
VA-VSC-04659,Waco (349),Priority Group Upgrade,2026-05-23 10:00:00,2026-05-28 06:44:01,2026-06-07 01:15:34,2026-06-08 19:27:40
VA-VSC-04660,St. Paul (335),Combat Veteran Auto-Enroll,2026-05-24 07:00:00,2026-05-26 10:31:08,2026-05-27 08:01:15,2026-06-05 01:18:33
VA-VSC-04661,Waco (349),Priority Group Upgrade,2026-05-24 07:00:00,2026-05-27 16:41:07,2026-06-04 10:10:51,2026-06-04 19:44:04
VA-VSC-04662,Houston (362),New Enrollment,2026-05-24 11:00:00,2026-05-26 01:31:03,2026-05-29 06:24:40,2026-05-29 17:46:47
VA-VSC-04663,Waco (349),New Enrollment,2026-05-24 11:00:00,2026-05-28 04:05:41,2026-05-31 07:03:28,2026-06-01 04:34:30
VA-VSC-04664,Phoenix (344),New Enrollment,2026-05-24 11:00:00,2026-05-25 02:57:11,2026-05-25 12:25:23,2026-05-27 17:03:01
VA-VSC-04665,Phoenix (344),New Enrollment,2026-05-24 12:00:00,2026-05-25 07:53:52,2026-05-27 15:45:01,2026-05-28 09:45:05
VA-VSC-04666,St. Paul (335),Priority Group Upgrade,2026-05-24 14:00:00,2026-05-25 10:17:12,2026-05-31 15:59:28,2026-06-06 02:48:21
VA-VSC-04667,Waco (349),New Enrollment,2026-05-24 15:00:00,2026-05-28 07:44:23,2026-05-28 14:35:53,2026-05-29 05:53:11
VA-VSC-04668,Phoenix (344),New Enrollment,2026-05-24 16:00:00,2026-05-28 15:33:26,2026-05-28 22:19:22,2026-06-01 02:08:12
VA-VSC-04669,Houston (362),,2026-05-24 16:00:00,2026-05-25 02:56:13,2026-06-01 11:56:47,2026-06-08 11:41:01
VA-VSC-04670,Houston (362),Combat Veteran Auto-Enroll,2026-05-24 16:00:00,2026-05-26 14:43:30,2026-05-28 02:34:43,2026-05-30 11:54:39
VA-VSC-04671,Waco (349),Priority Group Upgrade,2026-05-25 07:00:00,2026-06-05 07:19:31,2026-06-12 03:52:24,2026-06-12 09:01:56
VA-VSC-04672,Phoenix (344),Priority Group Upgrade,2026-05-25 08:00:00,2026-05-26 14:52:02,2026-06-04 05:23:17,2026-06-04 10:54:57
VA-VSC-04673,St. Paul (335),New Enrollment,2026-05-25 09:00:00,2026-05-26 15:11:53,2026-05-26 17:35:53,2026-06-02 05:17:16
VA-VSC-04674,Waco (349),New Enrollment,2026-05-25 09:00:00,2026-06-01 04:37:34,2026-06-02 10:27:27,2026-06-08 04:26:00
VA-VSC-04675,Waco (349),New Enrollment,2026-05-25 10:00:00,2026-06-02 03:44:37,2026-06-02 12:42:07,2026-06-07 21:06:21
VA-VSC-04676,Phoenix (344),Priority Group Upgrade,2026-05-25 13:00:00,2026-05-26 14:10:41,2026-06-01 03:47:48,2026-06-01 15:07:27
VA-VSC-04677,Waco (349),Inter-Facility Transfer,2026-05-25 14:00:00,2026-06-02 13:58:37,2026-06-05 09:15:34,2026-06-07 09:38:11
VA-VSC-04678,Muskogee (351),New Enrollment,2026-05-25 15:00:00,2026-05-29 07:10:59,2026-05-29 12:30:45,2026-06-06 05:15:44
VA-VSC-04679,Houston (362),Priority Group Upgrade,2026-05-26 07:00:00,2026-05-26 09:24:00,2026-06-01 19:04:07,2026-06-04 18:25:57
VA-VSC-04680,Houston (362),New Enrollment,2026-05-26 09:00:00,2026-05-28 06:00:24,2026-05-30 05:46:16,2026-05-31 17:56:46
VA-VSC-04681,Waco (349),Priority Group Upgrade,2026-05-26 10:00:00,2026-06-02 23:57:55,2026-06-11 18:07:23,2026-06-13 02:52:22
VA-VSC-04682,Waco (349),New Enrollment,2026-05-26 10:00:00,2026-05-30 21:10:43,2026-05-31 23:50:34,2026-06-01 02:14:34
VA-VSC-04683,Muskogee (351),New Enrollment,2026-05-26 12:00:00,2026-05-27 06:53:18,2026-05-27 15:23:02,2026-05-27 17:47:02
VA-VSC-04684,Waco (349),Combat Veteran Auto-Enroll,2026-05-26 12:00:00,2026-06-02 01:25:40,2026-06-02 21:20:21,2026-06-03 23:54:51
VA-VSC-04685,St. Paul (335),Priority Group Upgrade,2026-05-26 12:00:00,2026-05-26 18:44:43,2026-06-07 03:32:29,2026-06-07 05:56:29
VA-VSC-04686,Waco (349),Priority Group Upgrade,2026-05-26 13:00:00,2026-06-01 10:16:47,2026-06-07 04:40:13,2026-06-16 04:29:38
VA-VSC-04687,Waco (349),New Enrollment,2026-05-26 14:00:00,2026-06-01 19:01:35,2026-06-02 17:45:37,2026-06-05 23:33:34
VA-VSC-04688,Waco (349),New Enrollment,2026-05-26 16:00:00,2026-06-04 20:32:22,2026-06-04 23:37:44,2026-06-05 17:43:18
VA-VSC-04689,Waco (349),New Enrollment,2026-05-27 10:00:00,2026-06-02 08:33:36,2026-06-04 06:44:19,2026-06-04 22:56:52
VA-VSC-04690,Muskogee (351),Combat Veteran Auto-Enroll,2026-05-27 10:00:00,2026-05-30 07:55:33,2026-05-31 05:47:12,2026-06-03 11:56:32
VA-VSC-04691,Waco (349),Inter-Facility Transfer,2026-05-27 10:00:00,2026-06-01 18:47:52,2026-06-03 13:22:53,2026-06-04 14:18:56
VA-VSC-04692,Waco (349),New Enrollment,2026-05-27 12:00:00,2026-06-02 02:01:30,2026-06-02 07:57:01,2026-06-02 17:42:20
VA-VSC-04693,Waco (349),New Enrollment,2026-05-27 12:00:00,2026-06-01 02:34:58,2026-06-01 17:41:26,2026-06-02 21:35:07
VA-VSC-04694,Waco (349),Combat Veteran Auto-Enroll,2026-05-27 14:00:00,2026-06-01 18:54:41,2026-06-04 14:46:12,2026-06-04 23:17:40
VA-VSC-04695,Waco (349),New Enrollment,2026-05-27 14:00:00,2026-06-02 18:32:11,2026-06-03 14:03:19,2026-06-10 11:37:43
VA-VSC-04696,Phoenix (344),Priority Group Upgrade,2026-05-27 14:00:00,2026-05-27 22:48:52,2026-06-04 03:06:55,2026-06-04 21:13:08
VA-VSC-04697,Waco (349),New Enrollment,2026-05-28 08:00:00,2026-06-04 14:31:53,2026-06-08 07:59:25,2026-06-09 05:28:56
VA-VSC-04698,Waco (349),Priority Group Upgrade,2026-05-28 08:00:00,2026-06-03 19:42:07,2026-06-08 08:22:43,2026-06-10 18:49:30
VA-VSC-04699,Waco (349),Priority Group Upgrade,2026-05-28 10:00:00,2026-06-02 19:51:25,2026-06-08 01:48:08,2026-06-08 23:14:31
VA-VSC-04700,Muskogee (351),Combat Veteran Auto-Enroll,2026-05-28 12:00:00,2026-05-29 13:00:26,2026-05-31 12:27:24,2026-06-02 09:05:06
VA-VSC-04701,Waco (349),Combat Veteran Auto-Enroll,2026-05-28 12:00:00,2026-06-02 09:54:18,2026-06-05 10:09:55,2026-06-09 13:31:45
VA-VSC-04702,Waco (349),,2026-05-28 14:00:00,2026-06-02 13:49:18,2026-06-02 19:48:24,2026-06-03 09:41:02
VA-VSC-04703,Houston (362),Priority Group Upgrade,2026-05-28 15:00:00,2026-05-28 19:03:57,2026-06-04 18:28:49,2026-06-12 04:22:37
VA-VSC-04704,Houston (362),Combat Veteran Auto-Enroll,2026-05-29 07:00:00,2026-05-29 19:16:14,2026-05-30 14:48:48,2026-05-30 17:12:48
VA-VSC-04705,Waco (349),New Enrollment,2026-05-29 08:00:00,2026-06-06 16:58:30,2026-06-07 12:11:13,2026-06-07 17:24:44
VA-VSC-04706,Waco (349),New Enrollment,2026-05-29 11:00:00,2026-06-03 02:16:49,2026-06-04 21:16:46,2026-06-04 23:40:46
VA-VSC-04707,St. Paul (335),New Enrollment,2026-05-29 15:00:00,2026-05-29 18:53:19,2026-05-30 14:49:36,2026-05-30 17:13:36
VA-VSC-04708,Waco (349),Priority Group Upgrade,2026-05-30 07:00:00,2026-06-06 20:57:20,2026-06-16 10:03:36,2026-06-18 08:42:27
VA-VSC-04709,Phoenix (344),New Enrollment,2026-05-30 07:00:00,2026-05-30 09:24:00,2026-05-31 13:23:01,2026-06-03 15:09:40
VA-VSC-04710,Houston (362),Priority Group Upgrade,2026-05-30 07:00:00,2026-05-30 09:24:00,2026-06-07 18:49:11,2026-06-08 13:47:36
VA-VSC-04711,Waco (349),New Enrollment,2026-05-30 08:00:00,2026-06-04 13:59:08,2026-06-05 17:16:11,2026-06-05 19:40:11
VA-VSC-04712,Waco (349),Combat Veteran Auto-Enroll,2026-05-30 08:00:00,2026-06-07 12:17:05,2026-06-10 03:01:14,2026-06-12 03:19:09
VA-VSC-04713,Waco (349),New Enrollment,2026-05-30 09:00:00,2026-06-06 01:17:16,2026-06-07 10:06:43,2026-06-11 01:40:23
VA-VSC-04714,St. Paul (335),New Enrollment,2026-05-30 10:00:00,2026-05-30 19:30:57,2026-06-01 02:33:48,2026-06-04 02:40:10
VA-VSC-04715,Waco (349),Priority Group Upgrade,2026-05-30 11:00:00,2026-06-04 02:37:48,2026-06-10 13:59:21,2026-06-10 20:44:39
VA-VSC-04716,Waco (349),Priority Group Upgrade,2026-05-30 12:00:00,2026-06-02 10:48:27,2026-06-13 22:43:28,2026-06-15 13:18:54
VA-VSC-04717,Houston (362),New Enrollment,2026-05-30 12:00:00,2026-06-02 00:09:04,2026-06-02 18:27:45,2026-06-04 21:36:23
VA-VSC-04718,Muskogee (351),New Enrollment,2026-05-30 12:00:00,2026-05-31 15:31:01,2026-06-01 08:16:26,2026-06-01 12:38:13
VA-VSC-04719,Waco (349),New Enrollment,2026-05-30 13:00:00,2026-06-04 07:25:11,2026-06-05 03:32:41,2026-06-06 11:02:40
VA-VSC-04720,Muskogee (351),Priority Group Upgrade,2026-05-30 14:00:00,2026-05-30 23:30:26,2026-06-09 12:30:30,2026-06-10 01:33:16
VA-VSC-04721,Waco (349),Combat Veteran Auto-Enroll,2026-05-31 07:00:00,2026-06-04 18:25:35,2026-06-04 22:44:42,2026-06-05 17:11:49
VA-VSC-04722,Waco (349),Priority Group Upgrade,2026-05-31 07:00:00,2026-06-06 07:59:31,2026-06-18 15:39:20,2026-06-20 14:24:46
VA-VSC-04723,Waco (349),Priority Group Upgrade,2026-05-31 08:00:00,2026-06-07 23:59:07,2026-06-11 19:21:01,2026-06-17 02:20:35
VA-VSC-04724,Waco (349),Priority Group Upgrade,2026-05-31 08:00:00,2026-06-07 23:19:45,2026-06-13 14:56:28,2026-06-14 15:40:18
VA-VSC-04725,Waco (349),New Enrollment,2026-05-31 10:00:00,2026-06-06 10:52:34,2026-06-07 10:39:52,2026-06-09 15:24:13
VA-VSC-04726,Waco (349),Inter-Facility Transfer,2026-05-31 10:00:00,2026-06-06 11:55:25,2026-06-07 06:12:15,2026-06-09 22:27:05
VA-VSC-04727,Phoenix (344),Combat Veteran Auto-Enroll,2026-05-31 11:00:00,2026-05-31 14:28:54,2026-06-01 11:05:58,2026-06-04 14:16:07
VA-VSC-04728,Phoenix (344),New Enrollment,2026-05-31 12:00:00,2026-05-31 16:25:34,2026-06-04 19:16:44,2026-06-09 04:34:48
VA-VSC-04729,St. Paul (335),New Enrollment,2026-05-31 14:00:00,2026-06-01 05:26:10,2026-06-01 07:50:10,2026-06-04 10:41:20
VA-VSC-04730,Waco (349),New Enrollment,2026-05-31 14:00:00,2026-06-07 18:12:00,2026-06-08 01:06:50,2026-06-13 00:07:01
VA-VSC-04731,Waco (349),New Enrollment,2026-05-31 14:00:00,2026-06-10 20:29:15,2026-06-11 19:25:51,2026-06-15 00:12:52
VA-VSC-04732,Waco (349),Priority Group Upgrade,2026-05-31 15:00:00,2026-06-04 06:36:07,2026-06-10 07:06:36,2026-06-13 00:59:30
VA-VSC-04733,St. Paul (335),Priority Group Upgrade,2026-05-31 16:00:00,2026-06-01 03:39:31,2026-06-09 17:12:54,2026-06-10 06:49:26
VA-VSC-04734,Muskogee (351),Combat Veteran Auto-Enroll,2026-06-01 07:00:00,2026-06-03 13:09:30,2026-06-04 05:35:53,2026-06-05 23:25:22
VA-VSC-04735,Waco (349),Priority Group Upgrade,2026-06-01 10:00:00,2026-06-06 18:39:43,2026-06-12 03:16:41,2026-06-12 12:26:11
VA-VSC-04736,Waco (349),Priority Group Upgrade,2026-06-01 10:00:00,2026-06-09 03:35:37,2026-06-15 11:51:01,2026-06-15 16:24:09
VA-VSC-04737,Waco (349),Priority Group Upgrade,2026-06-02 07:00:00,2026-06-08 07:26:27,2026-06-15 22:09:03,2026-06-20 07:02:22
VA-VSC-04738,Waco (349),New Enrollment,2026-06-02 08:00:00,2026-06-09 05:12:00,2026-06-10 05:36:18,2026-06-15 22:17:45
VA-VSC-04739,Waco (349),New Enrollment,2026-06-02 11:00:00,2026-06-07 20:05:33,2026-06-08 11:21:16,2026-06-11 12:19:37
VA-VSC-04740,Houston (362),Priority Group Upgrade,2026-06-02 11:00:00,2026-06-04 07:05:00,2026-06-14 08:55:21,2026-06-18 07:09:47
VA-VSC-04741,St. Paul (335),New Enrollment,2026-06-02 11:00:00,2026-06-03 04:41:19,2026-06-04 03:20:50,2026-06-05 04:21:44
VA-VSC-04742,Waco (349),New Enrollment,2026-06-02 11:00:00,2026-06-10 06:24:09,2026-06-11 01:11:40,2026-06-11 08:51:14
VA-VSC-04743,Waco (349),Combat Veteran Auto-Enroll,2026-06-02 13:00:00,2026-06-07 15:11:12,2026-06-11 12:11:02,2026-06-11 14:35:02
VA-VSC-04744,Muskogee (351),Priority Group Upgrade,2026-06-02 13:00:00,2026-06-02 21:47:09,2026-06-08 09:19:07,2026-06-08 15:18:56
VA-VSC-04745,Waco (349),New Enrollment,2026-06-03 08:00:00,2026-06-08 22:27:15,2026-06-11 08:30:45,2026-06-14 04:50:11
VA-VSC-04746,Waco (349),Priority Group Upgrade,2026-06-03 11:00:00,2026-06-08 21:34:00,2026-06-18 18:01:26,2026-06-20 00:54:09
VA-VSC-04747,Waco (349),Combat Veteran Auto-Enroll,2026-06-03 11:00:00,2026-06-07 18:14:37,2026-06-08 03:08:24,2026-06-09 04:21:17
VA-VSC-04748,Waco (349),New Enrollment,2026-06-03 12:00:00,2026-06-08 03:36:32,2026-06-09 02:51:36,2026-06-09 19:58:16
VA-VSC-04749,Waco (349),New Enrollment,2026-06-03 13:00:00,2026-06-08 14:52:00,2026-06-08 17:16:00,2026-06-11 01:41:19
VA-VSC-04750,St. Paul (335),Inter-Facility Transfer,2026-06-03 14:00:00,2026-06-05 09:54:28,2026-06-06 04:08:40,2026-06-06 13:21:21
VA-VSC-04751,Waco (349),New Enrollment,2026-06-03 14:00:00,2026-06-06 04:59:41,2026-06-07 17:29:59,2026-06-08 08:32:23
VA-VSC-04752,Waco (349),New Enrollment,2026-06-03 16:00:00,2026-06-08 04:47:34,2026-06-09 06:21:13,2026-06-10 11:53:40
VA-VSC-04753,Houston (362),Priority Group Upgrade,2026-06-03 16:00:00,2026-06-04 20:10:56,2026-06-12 17:26:35,2026-06-13 05:02:26
VA-VSC-04754,Waco (349),Combat Veteran Auto-Enroll,2026-06-04 07:00:00,2026-06-12 03:57:33,2026-06-12 08:41:46,2026-06-12 20:52:17
VA-VSC-04755,Phoenix (344),New Enrollment,2026-06-04 08:00:00,2026-06-05 08:40:45,2026-06-08 06:44:48,2026-06-12 17:37:39
VA-VSC-04756,Phoenix (344),New Enrollment,2026-06-04 10:00:00,2026-06-06 13:21:27,2026-06-06 15:45:27,2026-06-10 02:18:11
VA-VSC-04757,Waco (349),New Enrollment,2026-06-04 11:00:00,2026-06-10 14:21:33,2026-06-10 16:45:33,2026-06-11 18:35:57
VA-VSC-04758,St. Paul (335),Inter-Facility Transfer,2026-06-04 12:00:00,2026-06-05 08:56:24,2026-06-08 15:06:07,2026-06-12 15:55:01
VA-VSC-04759,Waco (349),New Enrollment,2026-06-04 14:00:00,2026-06-13 06:58:39,2026-06-14 06:48:17,2026-06-15 08:10:38
VA-VSC-04760,Muskogee (351),Priority Group Upgrade,2026-06-04 14:00:00,2026-06-05 21:33:51,2026-06-11 08:28:26,2026-06-11 10:52:26
VA-VSC-04761,Waco (349),Inter-Facility Transfer,2026-06-04 15:00:00,2026-06-10 20:41:00,2026-06-10 23:05:00,2026-06-16 07:40:14
VA-VSC-04762,Muskogee (351),New Enrollment,2026-06-05 07:00:00,2026-06-05 15:21:54,2026-06-06 12:44:59,2026-06-12 13:06:06
VA-VSC-04763,St. Paul (335),Inter-Facility Transfer,2026-06-05 08:00:00,2026-06-06 02:08:59,2026-06-06 05:05:50,2026-06-07 19:37:57
VA-VSC-04764,Waco (349),,2026-06-05 13:00:00,2026-06-11 20:22:42,2026-06-11 23:58:31,2026-06-15 19:30:43
VA-VSC-04765,Waco (349),Combat Veteran Auto-Enroll,2026-06-06 07:00:00,2026-06-10 22:51:42,2026-06-11 07:54:50,2026-06-12 18:55:37
VA-VSC-04766,Muskogee (351),New Enrollment,2026-06-06 07:00:00,2026-06-06 09:24:00,2026-06-07 00:45:14,2026-06-08 12:16:08
VA-VSC-04767,Phoenix (344),Priority Group Upgrade,2026-06-06 11:00:00,2026-06-06 18:28:02,2026-06-18 01:59:05,2026-06-18 04:32:18
VA-VSC-04768,Waco (349),Combat Veteran Auto-Enroll,2026-06-06 12:00:00,2026-06-12 03:10:21,2026-06-15 05:54:49,2026-06-17 05:55:23
VA-VSC-04769,St. Paul (335),Inter-Facility Transfer,2026-06-06 12:00:00,2026-06-10 07:38:18,2026-06-10 19:40:16,2026-06-16 09:45:22
VA-VSC-04770,Waco (349),New Enrollment,2026-06-06 12:00:00,2026-06-13 22:30:48,2026-06-15 23:43:57,2026-06-20 15:18:19
VA-VSC-04771,Waco (349),Combat Veteran Auto-Enroll,2026-06-06 13:00:00,2026-06-12 18:00:07,2026-06-14 02:54:59,2026-06-15 07:11:13
VA-VSC-04772,Waco (349),New Enrollment,2026-06-06 15:00:00,2026-06-12 16:03:59,2026-06-13 21:05:39,2026-06-21 11:06:26
VA-VSC-04773,Waco (349),New Enrollment,2026-06-06 16:00:00,2026-06-13 21:07:50,2026-06-14 12:31:23,2026-06-14 21:26:41
VA-VSC-04774,St. Paul (335),New Enrollment,2026-06-07 10:00:00,2026-06-07 17:19:27,2026-06-07 19:43:27,2026-06-10 01:26:56
VA-VSC-04775,Waco (349),Combat Veteran Auto-Enroll,2026-06-07 10:00:00,2026-06-13 03:30:11,2026-06-13 14:46:44,2026-06-13 19:24:13
VA-VSC-04776,Phoenix (344),Priority Group Upgrade,2026-06-07 12:00:00,2026-06-08 05:15:49,2026-06-13 07:13:47,2026-06-14 03:09:18
VA-VSC-04777,Waco (349),Priority Group Upgrade,2026-06-07 14:00:00,2026-06-13 21:36:51,2026-06-22 23:46:53,2026-06-26 01:40:44
VA-VSC-04778,Waco (349),Inter-Facility Transfer,2026-06-07 16:00:00,2026-06-14 19:56:16,2026-06-16 04:29:02,2026-06-16 06:53:02
VA-VSC-04779,Waco (349),New Enrollment,2026-06-07 16:00:00,2026-06-13 10:34:37,2026-06-14 05:17:55,2026-06-14 12:51:52
VA-VSC-04780,Waco (349),Priority Group Upgrade,2026-06-07 16:00:00,2026-06-11 00:34:59,2026-06-20 18:07:26,2026-06-24 06:54:04
VA-VSC-04781,Waco (349),New Enrollment,2026-06-08 07:00:00,2026-06-16 14:54:32,2026-06-18 02:07:09,2026-06-21 06:34:23
VA-VSC-04782,Waco (349),New Enrollment,2026-06-08 08:00:00,2026-06-15 19:15:39,2026-06-16 10:07:23,2026-06-19 00:21:43
VA-VSC-04783,Houston (362),Priority Group Upgrade,2026-06-08 08:00:00,2026-06-09 14:52:24,2026-06-16 20:42:24,2026-06-19 20:17:08
VA-VSC-04784,Waco (349),Inter-Facility Transfer,2026-06-08 09:00:00,2026-06-18 12:07:01,2026-06-23 06:13:27,2026-06-26 11:32:07
VA-VSC-04785,Waco (349),Priority Group Upgrade,2026-06-08 10:00:00,2026-06-14 09:49:29,2026-06-24 02:34:17,2026-06-26 17:05:03
VA-VSC-04786,Waco (349),Combat Veteran Auto-Enroll,2026-06-08 10:00:00,2026-06-14 07:35:01,2026-06-15 01:36:16,2026-06-18 20:54:55
VA-VSC-04787,Phoenix (344),New Enrollment,2026-06-08 10:00:00,2026-06-09 11:21:49,2026-06-11 17:46:58,2026-06-12 05:53:03
VA-VSC-04788,Phoenix (344),New Enrollment,2026-06-08 14:00:00,2026-06-09 11:48:31,2026-06-10 01:39:30,2026-06-10 06:25:25
VA-VSC-04789,Waco (349),Priority Group Upgrade,2026-06-09 10:00:00,2026-06-16 05:15:24,2026-06-23 03:16:17,2026-06-25 01:04:32
VA-VSC-04790,Waco (349),New Enrollment,2026-06-09 11:00:00,2026-06-14 14:27:04,2026-06-18 02:46:30,2026-06-20 02:01:53
VA-VSC-04791,Waco (349),New Enrollment,2026-06-09 12:00:00,2026-06-21 07:54:41,2026-06-21 10:18:41,2026-06-23 20:46:13
VA-VSC-04792,Muskogee (351),Priority Group Upgrade,2026-06-09 12:00:00,2026-06-09 22:40:02,2026-06-13 20:22:19,2026-06-16 10:04:49
VA-VSC-04793,Waco (349),New Enrollment,2026-06-09 14:00:00,2026-06-17 23:18:03,2026-06-18 06:36:10,2026-06-23 08:15:41
VA-VSC-04794,Waco (349),New Enrollment,2026-06-09 15:00:00,2026-06-17 20:34:09,2026-06-18 02:18:32,2026-06-19 05:43:16
VA-VSC-04795,Waco (349),Priority Group Upgrade,2026-06-09 15:00:00,2026-06-15 09:56:02,2026-06-22 15:52:17,2026-06-25 11:01:13
VA-VSC-04796,Waco (349),,2026-06-09 16:00:00,2026-06-14 23:59:29,2026-06-23 02:19:27,2026-06-24 06:56:39
VA-VSC-04797,Waco (349),Inter-Facility Transfer,2026-06-10 07:00:00,2026-06-18 16:21:24,2026-06-19 08:25:33,2026-06-23 04:18:11
VA-VSC-04798,St. Paul (335),Priority Group Upgrade,2026-06-10 07:00:00,2026-06-11 13:08:41,2026-06-19 22:36:10,2026-06-20 02:23:46
VA-VSC-04799,Waco (349),New Enrollment,2026-06-10 08:00:00,2026-06-15 15:17:44,2026-06-16 03:36:39,2026-06-19 22:19:54
VA-VSC-04800,Houston (362),Inter-Facility Transfer,2026-06-10 09:00:00,2026-06-11 10:58:40,2026-06-13 00:18:39,2026-06-15 11:10:58
VA-VSC-04801,Waco (349),Combat Veteran Auto-Enroll,2026-06-10 11:00:00,2026-06-18 22:47:21,2026-06-19 05:03:20,2026-06-24 23:32:05
VA-VSC-04802,Waco (349),New Enrollment,2026-06-10 12:00:00,2026-06-16 07:24:49,2026-06-19 06:18:35,2026-06-19 18:15:55
VA-VSC-04803,Phoenix (344),New Enrollment,2026-06-10 13:00:00,2026-06-11 00:18:19,2026-06-17 06:13:34,2026-06-17 11:31:17
VA-VSC-04804,Waco (349),Priority Group Upgrade,2026-06-10 14:00:00,2026-06-15 06:23:08,2026-06-22 01:51:28,2026-06-22 13:35:31
VA-VSC-04805,Phoenix (344),Priority Group Upgrade,2026-06-10 16:00:00,2026-06-11 04:24:35,2026-06-22 14:16:36,2026-06-23 03:03:21
VA-VSC-04806,Waco (349),Combat Veteran Auto-Enroll,2026-06-10 16:00:00,2026-06-16 00:06:23,2026-06-18 01:23:40,2026-06-21 02:03:39
VA-VSC-04807,Waco (349),Priority Group Upgrade,2026-06-11 07:00:00,2026-06-18 03:55:55,2026-06-29 06:19:07,2026-07-01 03:40:01
VA-VSC-04808,Muskogee (351),Priority Group Upgrade,2026-06-11 08:00:00,2026-06-17 03:35:54,2026-06-23 05:43:39,2026-06-23 21:34:52
VA-VSC-04809,Waco (349),Inter-Facility Transfer,2026-06-11 10:00:00,2026-06-20 06:57:24,2026-06-26 06:31:20,2026-06-26 19:08:26
VA-VSC-04810,Phoenix (344),Priority Group Upgrade,2026-06-11 10:00:00,2026-06-11 20:29:25,2026-06-19 11:17:59,2026-06-24 08:49:04
VA-VSC-04811,Waco (349),New Enrollment,2026-06-11 11:00:00,2026-06-18 16:26:17,2026-06-19 11:42:11,2026-06-24 13:51:57
VA-VSC-04812,Phoenix (344),Combat Veteran Auto-Enroll,2026-06-11 11:00:00,2026-06-13 06:13:17,2026-06-15 04:48:17,2026-06-15 07:12:17
VA-VSC-04813,Waco (349),New Enrollment,2026-06-11 11:00:00,2026-06-15 22:12:30,2026-06-20 01:17:23,2026-06-20 05:22:06
VA-VSC-04814,Waco (349),,2026-06-11 13:00:00,2026-06-15 14:46:02,2026-06-18 07:46:24,2026-06-20 08:58:54
VA-VSC-04815,St. Paul (335),Inter-Facility Transfer,2026-06-11 14:00:00,2026-06-14 04:04:56,2026-06-20 20:57:19,2026-06-20 23:24:57
VA-VSC-04816,Muskogee (351),Priority Group Upgrade,2026-06-11 15:00:00,2026-06-12 14:15:41,2026-06-18 15:10:00,2026-06-22 04:53:58
VA-VSC-04817,Phoenix (344),Priority Group Upgrade,2026-06-12 08:00:00,2026-06-12 20:13:59,2026-06-23 04:05:00,2026-06-24 17:18:25
VA-VSC-04818,St. Paul (335),Priority Group Upgrade,2026-06-12 09:00:00,2026-06-13 03:18:23,2026-06-22 13:51:27,2026-06-23 11:32:13
VA-VSC-04819,Phoenix (344),New Enrollment,2026-06-12 10:00:00,2026-06-12 15:31:57,2026-06-13 13:24:54,2026-06-14 22:31:43
VA-VSC-04820,Waco (349),New Enrollment,2026-06-12 10:00:00,2026-06-18 08:06:38,2026-06-20 19:34:54,2026-06-22 11:30:07
VA-VSC-04821,Waco (349),Priority Group Upgrade,2026-06-12 11:00:00,2026-06-18 23:12:25,2026-06-25 08:37:19,2026-06-29 09:57:07
VA-VSC-04822,Waco (349),Combat Veteran Auto-Enroll,2026-06-12 11:00:00,2026-06-17 17:12:10,2026-06-17 19:36:10,2026-06-19 06:23:38
VA-VSC-04823,Waco (349),Priority Group Upgrade,2026-06-12 12:00:00,2026-06-17 21:23:00,2026-06-30 01:19:04,2026-07-03 14:21:34
VA-VSC-04824,Waco (349),New Enrollment,2026-06-12 13:00:00,2026-06-18 16:14:09,2026-06-21 11:50:47,2026-06-22 07:54:45
VA-VSC-04825,Waco (349),Priority Group Upgrade,2026-06-12 16:00:00,2026-06-21 23:10:46,2026-07-02 12:16:49,2026-07-15 04:34:26
VA-VSC-04826,Waco (349),Combat Veteran Auto-Enroll,2026-06-13 07:00:00,2026-06-19 14:28:33,2026-06-24 04:31:01,2026-06-28 08:57:32
VA-VSC-04827,Houston (362),Priority Group Upgrade,2026-06-13 08:00:00,2026-06-13 15:55:55,2026-06-21 05:42:47,2026-06-21 09:11:58
VA-VSC-04828,Waco (349),Priority Group Upgrade,2026-06-13 08:00:00,2026-06-19 09:43:43,2026-06-24 00:39:55,2026-07-01 22:02:38
VA-VSC-04829,Waco (349),Combat Veteran Auto-Enroll,2026-06-13 08:00:00,2026-06-21 07:26:54,2026-06-21 11:11:00,2026-06-21 14:55:36
VA-VSC-04830,Waco (349),Priority Group Upgrade,2026-06-13 09:00:00,2026-06-18 17:22:59,2026-06-26 09:50:45,2026-06-27 07:12:15
VA-VSC-04831,St. Paul (335),New Enrollment,2026-06-13 11:00:00,2026-06-16 22:00:31,2026-06-17 10:31:37,2026-06-17 14:06:08
VA-VSC-04832,St. Paul (335),Combat Veteran Auto-Enroll,2026-06-13 11:00:00,2026-06-13 16:20:56,2026-06-13 19:57:41,2026-06-14 05:24:19
VA-VSC-04833,Houston (362),New Enrollment,2026-06-13 12:00:00,2026-06-14 03:31:38,2026-06-16 03:45:11,2026-06-16 19:00:50
VA-VSC-04834,Waco (349),Inter-Facility Transfer,2026-06-13 12:00:00,2026-06-18 18:07:32,2026-06-22 17:13:32,2026-06-23 10:03:37
VA-VSC-04835,Waco (349),New Enrollment,2026-06-13 12:00:00,2026-06-19 07:03:00,2026-06-20 04:58:38,2026-06-20 17:46:45
VA-VSC-04836,Waco (349),New Enrollment,2026-06-13 15:00:00,2026-06-20 19:17:50,2026-06-20 21:41:50,2026-06-22 17:21:11
VA-VSC-04837,Waco (349),Combat Veteran Auto-Enroll,2026-06-13 15:00:00,2026-06-20 11:32:21,2026-06-21 10:19:12,2026-06-23 23:57:07
VA-VSC-04838,Waco (349),New Enrollment,2026-06-14 07:00:00,2026-06-20 14:35:44,2026-06-21 04:37:59,2026-06-22 12:26:15
VA-VSC-04839,Waco (349),Priority Group Upgrade,2026-06-14 07:00:00,2026-06-18 16:19:42,2026-06-28 23:38:52,2026-06-30 03:33:31
VA-VSC-04840,Waco (349),Combat Veteran Auto-Enroll,2026-06-14 08:00:00,2026-06-19 07:03:50,2026-06-20 22:54:29,2026-06-25 16:50:02
VA-VSC-04841,Muskogee (351),Combat Veteran Auto-Enroll,2026-06-14 09:00:00,2026-06-15 00:09:57,2026-06-17 17:25:09,2026-06-17 19:49:09
VA-VSC-04842,Muskogee (351),Inter-Facility Transfer,2026-06-14 10:00:00,2026-06-16 05:18:21,2026-06-16 07:42:21,2026-06-19 23:12:14
VA-VSC-04843,Waco (349),New Enrollment,2026-06-14 10:00:00,2026-06-20 06:38:55,2026-06-22 14:08:53,2026-06-26 00:39:31
VA-VSC-04844,Waco (349),Priority Group Upgrade,2026-06-14 11:00:00,2026-06-21 06:25:46,2026-07-02 09:49:12,2026-07-02 12:13:12
VA-VSC-04845,Waco (349),New Enrollment,2026-06-14 14:00:00,2026-06-19 08:05:46,2026-06-20 19:03:29,2026-06-22 21:47:53
VA-VSC-04846,Waco (349),New Enrollment,2026-06-14 15:00:00,2026-06-19 16:32:30,2026-06-20 12:50:45,2026-06-27 04:51:17
VA-VSC-04847,Muskogee (351),Combat Veteran Auto-Enroll,2026-06-15 07:00:00,2026-06-15 19:23:59,2026-06-16 00:10:08,2026-06-16 02:34:08
VA-VSC-04848,Waco (349),New Enrollment,2026-06-15 08:00:00,2026-06-21 21:37:08,2026-06-26 03:04:20,2026-07-02 11:56:33
VA-VSC-04849,St. Paul (335),Priority Group Upgrade,2026-06-15 10:00:00,2026-06-17 10:12:48,2026-06-27 13:32:27,2026-06-27 20:58:59
VA-VSC-04850,Waco (349),Priority Group Upgrade,2026-06-15 10:00:00,2026-06-22 09:52:26,2026-06-30 14:21:26,2026-07-03 08:15:59
VA-VSC-04851,Muskogee (351),Priority Group Upgrade,2026-06-15 11:00:00,2026-06-17 08:10:21,2026-06-26 11:52:03,2026-06-28 18:37:16
VA-VSC-04852,Waco (349),Inter-Facility Transfer,2026-06-15 12:00:00,2026-06-21 17:17:58,2026-06-22 04:39:17,2026-06-22 09:15:01
VA-VSC-04853,St. Paul (335),New Enrollment,2026-06-15 12:00:00,2026-06-15 17:07:15,2026-06-16 01:20:14,2026-06-17 16:30:22
VA-VSC-04854,Waco (349),Priority Group Upgrade,2026-06-15 13:00:00,2026-06-20 23:59:45,2026-06-28 10:20:39,2026-06-29 12:39:38
VA-VSC-04855,Houston (362),,2026-06-15 13:00:00,2026-06-16 13:27:50,2026-06-17 03:24:17,2026-06-19 13:50:47
VA-VSC-04856,Waco (349),Priority Group Upgrade,2026-06-15 13:00:00,2026-06-23 08:35:46,2026-07-01 13:18:42,2026-07-02 04:48:58
VA-VSC-04857,Waco (349),New Enrollment,2026-06-15 13:00:00,2026-06-20 23:25:02,2026-06-23 09:11:54,2026-06-24 22:47:05
VA-VSC-04858,Muskogee (351),Priority Group Upgrade,2026-06-15 13:00:00,2026-06-16 10:28:25,2026-06-27 19:55:54,2026-06-29 16:37:25
VA-VSC-04859,Phoenix (344),New Enrollment,2026-06-15 14:00:00,2026-06-15 22:16:46,2026-06-17 16:58:02,2026-06-22 20:08:50
VA-VSC-04860,Phoenix (344),New Enrollment,2026-06-15 15:00:00,2026-06-17 20:00:02,2026-06-18 03:57:36,2026-06-18 22:15:10
VA-VSC-04861,Houston (362),Combat Veteran Auto-Enroll,2026-06-16 07:00:00,2026-06-17 03:57:06,2026-06-18 10:28:08,2026-06-18 20:48:37
VA-VSC-04862,St. Paul (335),Priority Group Upgrade,2026-06-16 08:00:00,2026-06-16 15:31:39,2026-06-27 11:48:00,2026-06-30 02:42:16
VA-VSC-04863,Waco (349),Inter-Facility Transfer,2026-06-16 09:00:00,2026-06-24 02:43:10,2026-06-28 03:59:31,2026-06-28 21:40:56
VA-VSC-04864,Waco (349),Combat Veteran Auto-Enroll,2026-06-16 10:00:00,2026-06-26 06:40:56,2026-06-26 18:06:52,2026-06-27 09:11:56
VA-VSC-04865,Waco (349),Priority Group Upgrade,2026-06-16 11:00:00,2026-06-22 05:08:27,2026-07-05 05:27:17,2026-07-08 16:59:44
VA-VSC-04866,Houston (362),New Enrollment,2026-06-16 11:00:00,2026-06-17 23:25:57,2026-06-20 09:34:12,2026-06-23 04:44:50
VA-VSC-04867,Waco (349),New Enrollment,2026-06-16 12:00:00,2026-06-23 13:44:31,2026-06-23 16:08:31,2026-06-25 19:53:05
VA-VSC-04868,Waco (349),New Enrollment,2026-06-16 15:00:00,2026-06-22 19:36:54,2026-06-24 05:20:58,2026-07-04 11:21:39
VA-VSC-04869,Houston (362),Inter-Facility Transfer,2026-06-16 16:00:00,2026-06-16 18:49:47,2026-06-17 06:28:20,2026-06-19 09:42:17
VA-VSC-04870,St. Paul (335),New Enrollment,2026-06-16 16:00:00,2026-06-17 02:54:21,2026-06-17 18:12:05,2026-06-22 05:19:08
VA-VSC-04871,Waco (349),New Enrollment,2026-06-16 16:00:00,2026-06-22 22:04:47,2026-06-23 01:59:15,2026-06-23 19:51:31
VA-VSC-04872,Waco (349),Priority Group Upgrade,2026-06-17 09:00:00,2026-06-21 20:11:04,2026-06-30 21:19:06,2026-07-02 14:39:08
VA-VSC-04873,Waco (349),New Enrollment,2026-06-17 09:00:00,2026-06-23 06:11:02,2026-06-23 20:53:52,2026-06-25 07:27:03
VA-VSC-04874,Waco (349),New Enrollment,2026-06-17 09:00:00,2026-06-24 18:06:06,2026-06-25 09:36:43,2026-06-26 05:15:27
VA-VSC-04875,Waco (349),Priority Group Upgrade,2026-06-17 09:00:00,2026-06-23 15:13:10,2026-06-28 08:22:48,2026-07-04 07:02:13
VA-VSC-04876,Houston (362),New Enrollment,2026-06-17 10:00:00,2026-06-18 18:20:26,2026-06-19 01:43:06,2026-06-19 04:10:12
VA-VSC-04877,Houston (362),New Enrollment,2026-06-17 12:00:00,2026-06-19 14:10:49,2026-06-20 04:21:05,2026-06-20 09:51:55
VA-VSC-04878,Houston (362),New Enrollment,2026-06-17 12:00:00,2026-06-19 15:42:05,2026-06-21 19:26:20,2026-06-24 02:41:56
VA-VSC-04879,Waco (349),Priority Group Upgrade,2026-06-17 13:00:00,2026-06-25 17:26:42,2026-07-02 19:42:29,2026-07-03 02:17:08
VA-VSC-04880,Phoenix (344),Priority Group Upgrade,2026-06-17 14:00:00,2026-06-17 16:36:57,2026-06-24 11:38:44,2026-06-24 14:02:44
VA-VSC-04881,Waco (349),New Enrollment,2026-06-17 14:00:00,2026-06-22 03:07:10,2026-06-22 10:11:46,2026-06-23 08:14:32
VA-VSC-04882,Waco (349),Priority Group Upgrade,2026-06-17 15:00:00,2026-06-24 16:51:43,2026-07-12 22:03:00,2026-07-15 10:56:58
VA-VSC-04883,St. Paul (335),New Enrollment,2026-06-17 15:00:00,2026-06-18 18:52:48,2026-06-18 21:16:48,2026-06-19 01:17:46
VA-VSC-04884,Waco (349),Inter-Facility Transfer,2026-06-17 16:00:00,2026-06-24 12:50:25,2026-06-25 05:09:32,2026-06-25 07:53:48
VA-VSC-04885,Waco (349),New Enrollment,2026-06-18 07:00:00,2026-06-23 08:28:10,2026-06-23 13:29:41,2026-06-28 12:34:02
VA-VSC-04886,Phoenix (344),Priority Group Upgrade,2026-06-18 09:00:00,2026-06-19 13:20:16,2026-06-26 10:21:34,2026-06-28 03:32:13
VA-VSC-04887,Waco (349),Combat Veteran Auto-Enroll,2026-06-18 10:00:00,2026-06-23 15:45:10,2026-06-24 14:25:00,2026-06-27 14:49:59
VA-VSC-04888,Houston (362),Combat Veteran Auto-Enroll,2026-06-18 10:00:00,2026-06-22 05:10:44,2026-06-22 12:45:51,2026-06-23 05:27:34
VA-VSC-04889,Waco (349),New Enrollment,2026-06-18 11:00:00,2026-06-22 07:57:41,2026-06-22 10:21:41,2026-06-23 01:27:23
VA-VSC-04890,Houston (362),New Enrollment,2026-06-18 13:00:00,2026-06-18 15:24:00,2026-06-18 21:26:58,2026-06-19 19:04:22
VA-VSC-04891,Waco (349),Priority Group Upgrade,2026-06-18 14:00:00,2026-06-23 23:18:14,2026-07-02 09:21:15,2026-07-05 13:33:36
VA-VSC-04892,Waco (349),New Enrollment,2026-06-19 07:00:00,2026-06-26 14:16:46,2026-06-28 15:17:36,2026-06-29 01:32:40
VA-VSC-04893,Houston (362),Combat Veteran Auto-Enroll,2026-06-19 08:00:00,2026-06-20 23:34:30,2026-06-21 12:40:55,2026-06-22 19:36:43
VA-VSC-04894,Waco (349),Priority Group Upgrade,2026-06-19 09:00:00,2026-06-23 09:51:15,2026-07-03 18:25:26,2026-07-03 21:28:27
VA-VSC-04895,Waco (349),Priority Group Upgrade,2026-06-19 09:00:00,2026-06-28 12:38:39,2026-07-09 04:27:49,2026-07-09 18:57:22
VA-VSC-04896,Waco (349),New Enrollment,2026-06-19 09:00:00,2026-06-24 07:47:28,2026-06-25 07:54:02,2026-06-26 02:49:05
VA-VSC-04897,Waco (349),Priority Group Upgrade,2026-06-19 10:00:00,2026-06-25 17:09:10,2026-07-03 07:41:06,2026-07-04 18:12:40
VA-VSC-04898,Waco (349),Priority Group Upgrade,2026-06-19 11:00:00,2026-06-26 01:14:57,2026-07-01 12:14:54,2026-07-07 06:59:20
VA-VSC-04899,Waco (349),Combat Veteran Auto-Enroll,2026-06-19 11:00:00,2026-06-26 11:11:29,2026-06-26 17:34:11,2026-06-28 00:24:28
VA-VSC-04900,Phoenix (344),New Enrollment,2026-06-19 13:00:00,2026-06-21 02:48:48,2026-06-21 12:33:16,2026-06-21 18:32:03
VA-VSC-04901,Waco (349),New Enrollment,2026-06-19 14:00:00,2026-06-25 03:12:25,2026-06-26 06:55:37,2026-06-28 12:59:53
VA-VSC-04902,Waco (349),New Enrollment,2026-06-19 16:00:00,2026-06-26 21:02:26,2026-06-28 15:53:03,2026-07-02 09:30:00
VA-VSC-04903,Waco (349),New Enrollment,2026-06-19 16:00:00,2026-06-23 16:57:27,2026-06-28 14:47:25,2026-06-29 18:38:44
VA-VSC-04904,Waco (349),Priority Group Upgrade,2026-06-19 16:00:00,2026-06-25 10:01:02,2026-07-03 05:38:08,2026-07-05 18:28:31
VA-VSC-04905,Muskogee (351),Inter-Facility Transfer,2026-06-19 16:00:00,2026-06-20 13:32:02,2026-06-21 02:02:53,2026-06-25 18:47:14
VA-VSC-04906,Waco (349),New Enrollment,2026-06-19 16:00:00,2026-06-26 21:25:04,2026-06-29 07:36:35,2026-06-30 10:51:28
VA-VSC-04907,Muskogee (351),Combat Veteran Auto-Enroll,2026-06-20 08:00:00,2026-06-20 21:30:32,2026-06-23 23:04:35,2026-06-26 23:49:42
VA-VSC-04908,Waco (349),New Enrollment,2026-06-20 09:00:00,2026-06-25 03:06:16,2026-06-26 12:14:45,2026-06-28 20:48:24
VA-VSC-04909,St. Paul (335),New Enrollment,2026-06-20 10:00:00,2026-06-21 10:10:54,2026-06-22 12:09:38,2026-06-23 00:34:23
VA-VSC-04910,Waco (349),New Enrollment,2026-06-20 10:00:00,2026-06-25 23:59:31,2026-06-28 04:35:24,2026-06-28 06:59:24
VA-VSC-04911,Phoenix (344),New Enrollment,2026-06-20 12:00:00,2026-06-23 19:16:04,2026-07-02 16:28:42,2026-07-04 20:45:20
VA-VSC-04912,Houston (362),Inter-Facility Transfer,2026-06-21 07:00:00,2026-06-21 22:18:22,2026-06-22 21:30:32,2026-06-23 08:28:24
VA-VSC-04913,Waco (349),New Enrollment,2026-06-21 09:00:00,2026-06-28 06:24:23,2026-06-29 13:31:50,2026-07-02 20:07:15
VA-VSC-04914,Waco (349),Priority Group Upgrade,2026-06-21 10:00:00,2026-06-27 01:53:56,2026-07-04 02:11:33,2026-07-05 17:01:58
VA-VSC-04915,Waco (349),Priority Group Upgrade,2026-06-21 10:00:00,2026-06-25 21:00:58,2026-06-29 17:45:27,2026-07-01 18:44:01
VA-VSC-04916,Phoenix (344),Inter-Facility Transfer,2026-06-21 10:00:00,2026-06-23 17:35:49,2026-06-24 00:05:16,2026-06-24 12:43:52
VA-VSC-04917,Waco (349),New Enrollment,2026-06-21 12:00:00,2026-06-26 15:18:40,2026-06-27 10:17:25,2026-06-29 03:17:29
VA-VSC-04918,Waco (349),New Enrollment,2026-06-21 12:00:00,2026-06-25 16:30:46,2026-06-29 15:07:39,2026-06-30 15:28:35
VA-VSC-04919,St. Paul (335),New Enrollment,2026-06-21 14:00:00,2026-06-22 07:12:08,2026-06-24 17:37:13,2026-06-26 04:09:12
VA-VSC-04920,Waco (349),New Enrollment,2026-06-21 14:00:00,2026-06-27 19:27:35,2026-06-28 16:11:42,2026-06-30 15:59:14
VA-VSC-04921,Muskogee (351),New Enrollment,2026-06-21 15:00:00,2026-06-21 18:39:17,2026-06-22 07:43:09,2026-06-24 23:12:18
VA-VSC-04922,St. Paul (335),Combat Veteran Auto-Enroll,2026-06-22 07:00:00,2026-06-24 20:06:33,2026-06-24 22:30:33,2026-06-25 00:54:33
VA-VSC-04923,Houston (362),Priority Group Upgrade,2026-06-22 08:00:00,2026-06-23 13:41:49,2026-07-03 13:36:03,2026-07-03 21:42:15
VA-VSC-04924,Phoenix (344),Priority Group Upgrade,2026-06-22 09:00:00,2026-06-23 07:53:16,2026-07-07 12:17:54,2026-07-09 12:08:22
VA-VSC-04925,Waco (349),Priority Group Upgrade,2026-06-22 10:00:00,2026-06-27 14:05:50,2026-07-06 06:47:08,2026-07-07 18:47:57
VA-VSC-04926,Waco (349),New Enrollment,2026-06-22 10:00:00,2026-06-27 22:36:29,2026-06-28 01:00:29,2026-07-03 00:07:02
VA-VSC-04927,Waco (349),New Enrollment,2026-06-22 12:00:00,2026-06-27 22:17:27,2026-06-28 15:26:37,2026-06-30 03:46:33
VA-VSC-04928,Waco (349),Inter-Facility Transfer,2026-06-22 12:00:00,2026-06-28 18:52:44,2026-06-30 02:25:20,2026-07-07 04:02:52
VA-VSC-04929,St. Paul (335),Combat Veteran Auto-Enroll,2026-06-22 14:00:00,2026-06-24 15:03:33,2026-06-24 21:43:20,2026-06-28 03:45:51
VA-VSC-04930,Phoenix (344),Combat Veteran Auto-Enroll,2026-06-22 16:00:00,2026-06-24 20:58:36,2026-06-26 15:13:12,2026-06-28 18:36:50
VA-VSC-04931,Waco (349),Combat Veteran Auto-Enroll,2026-06-23 08:00:00,2026-06-28 17:43:30,2026-06-30 06:40:28,2026-07-02 22:53:18
VA-VSC-04932,Waco (349),New Enrollment,2026-06-23 08:00:00,2026-06-28 01:58:29,2026-06-30 20:13:16,2026-07-03 02:54:52
VA-VSC-04933,Muskogee (351),New Enrollment,2026-06-23 08:00:00,2026-06-24 01:15:30,2026-06-26 16:13:23,2026-06-29 04:46:37
VA-VSC-04934,Waco (349),New Enrollment,2026-06-23 14:00:00,2026-06-30 14:01:17,2026-06-30 16:53:54,2026-07-02 03:03:24
VA-VSC-04935,Waco (349),New Enrollment,2026-06-23 14:00:00,2026-06-29 21:24:38,2026-06-30 16:57:26,2026-07-03 20:52:03
VA-VSC-04936,Waco (349),New Enrollment,2026-06-23 15:00:00,2026-06-30 06:49:14,2026-07-01 07:15:51,2026-07-02 10:19:14
VA-VSC-04937,Phoenix (344),Priority Group Upgrade,2026-06-23 15:00:00,2026-06-23 19:38:21,2026-06-27 18:58:10,2026-07-02 11:21:17
VA-VSC-04938,Houston (362),Priority Group Upgrade,2026-06-24 07:00:00,2026-06-30 18:24:15,2026-07-05 19:38:57,2026-07-06 03:40:34
VA-VSC-04939,St. Paul (335),Combat Veteran Auto-Enroll,2026-06-24 08:00:00,2026-06-25 13:47:11,2026-06-26 14:27:51,2026-06-29 12:41:17
VA-VSC-04940,St. Paul (335),,2026-06-24 08:00:00,2026-06-25 18:47:59,2026-06-30 10:42:25,2026-07-03 12:19:22
VA-VSC-04941,Waco (349),Inter-Facility Transfer,2026-06-24 09:00:00,2026-07-02 05:39:55,2026-07-03 14:30:25,2026-07-08 20:34:42
VA-VSC-04942,Waco (349),New Enrollment,2026-06-24 10:00:00,2026-07-03 20:28:14,2026-07-05 05:29:21,2026-07-06 16:50:21
VA-VSC-04943,Phoenix (344),New Enrollment,2026-06-24 10:00:00,2026-06-24 22:41:06,2026-06-28 03:53:02,2026-06-28 10:10:08
VA-VSC-04944,Waco (349),Priority Group Upgrade,2026-06-24 11:00:00,2026-06-30 10:04:20,2026-07-11 21:38:12,2026-07-13 12:28:28
VA-VSC-04945,St. Paul (335),New Enrollment,2026-06-24 13:00:00,2026-06-24 21:32:53,2026-06-27 19:33:03,2026-06-29 22:59:08
VA-VSC-04946,Muskogee (351),New Enrollment,2026-06-24 13:00:00,2026-06-26 21:15:13,2026-06-27 08:52:57,2026-06-29 09:31:51
VA-VSC-04947,Houston (362),New Enrollment,2026-06-24 14:00:00,2026-06-26 02:04:05,2026-06-26 19:28:33,2026-06-30 03:45:40
VA-VSC-04948,St. Paul (335),New Enrollment,2026-06-24 16:00:00,2026-06-24 18:24:00,2026-06-26 02:55:55,2026-06-28 00:34:13
VA-VSC-04949,St. Paul (335),Priority Group Upgrade,2026-06-24 16:00:00,2026-06-25 13:58:51,2026-07-01 11:12:34,2026-07-01 19:59:35
VA-VSC-04950,Phoenix (344),New Enrollment,2026-06-25 09:00:00,2026-06-26 02:19:31,2026-06-26 16:54:36,2026-06-27 23:44:31
VA-VSC-04951,Waco (349),Priority Group Upgrade,2026-06-25 09:00:00,2026-07-03 00:30:35,2026-07-11 21:43:23,2026-07-13 05:25:47
VA-VSC-04952,Waco (349),Priority Group Upgrade,2026-06-25 09:00:00,2026-06-29 15:21:55,2026-07-03 12:26:50,2026-07-04 14:07:24
VA-VSC-04953,Waco (349),New Enrollment,2026-06-25 12:00:00,2026-07-01 11:17:41,2026-07-01 16:44:26,2026-07-02 13:36:41
VA-VSC-04954,Houston (362),New Enrollment,2026-06-25 16:00:00,2026-06-25 18:24:00,2026-06-27 01:55:47,2026-06-27 11:12:59
VA-VSC-04955,Waco (349),New Enrollment,2026-06-26 08:00:00,2026-07-02 10:07:28,2026-07-02 21:24:57,2026-07-04 21:11:26
VA-VSC-04956,St. Paul (335),New Enrollment,2026-06-26 09:00:00,2026-06-27 07:31:16,2026-06-28 23:19:59,2026-06-29 01:43:59
VA-VSC-04957,Waco (349),Priority Group Upgrade,2026-06-26 09:00:00,2026-07-02 17:39:43,2026-07-09 16:37:29,2026-07-09 21:35:09
VA-VSC-04958,Houston (362),Combat Veteran Auto-Enroll,2026-06-26 11:00:00,2026-06-26 14:30:29,2026-06-30 16:58:25,2026-07-04 13:25:02
VA-VSC-04959,Waco (349),Priority Group Upgrade,2026-06-26 11:00:00,2026-07-03 23:23:13,2026-07-13 02:10:21,2026-07-16 21:41:07
VA-VSC-04960,St. Paul (335),New Enrollment,2026-06-26 11:00:00,2026-06-26 13:24:00,2026-06-26 16:14:26,2026-06-26 22:17:48
VA-VSC-04961,Waco (349),Priority Group Upgrade,2026-06-26 13:00:00,2026-07-04 18:05:50,2026-07-11 19:20:01,2026-07-12 00:23:56
VA-VSC-04962,Waco (349),Priority Group Upgrade,2026-06-26 13:00:00,2026-07-02 03:01:23,2026-07-06 21:22:21,2026-07-08 10:03:50
VA-VSC-04963,Waco (349),Priority Group Upgrade,2026-06-26 13:00:00,2026-06-30 12:38:38,2026-07-09 17:10:37,2026-07-10 13:12:15
VA-VSC-04964,St. Paul (335),Priority Group Upgrade,2026-06-26 13:00:00,2026-06-27 06:38:25,2026-07-02 15:41:59,2026-07-05 18:37:22
VA-VSC-04965,Waco (349),Priority Group Upgrade,2026-06-26 13:00:00,2026-07-05 02:53:10,2026-07-12 16:07:21,2026-07-14 21:49:37
VA-VSC-04966,Waco (349),Priority Group Upgrade,2026-06-26 15:00:00,2026-07-04 20:21:46,2026-07-16 20:18:23,2026-07-19 00:01:59
VA-VSC-04967,Muskogee (351),Priority Group Upgrade,2026-06-26 16:00:00,2026-06-26 21:26:05,2026-06-30 12:53:12,2026-07-02 21:35:14
VA-VSC-04968,St. Paul (335),New Enrollment,2026-06-26 16:00:00,2026-06-28 09:00:48,2026-06-28 11:24:48,2026-06-30 17:57:20
VA-VSC-04969,Muskogee (351),Priority Group Upgrade,2026-06-26 16:00:00,2026-06-27 11:20:55,2026-07-01 21:46:00,2026-07-02 17:45:02
VA-VSC-04970,Waco (349),New Enrollment,2026-06-27 08:00:00,2026-07-04 17:34:58,2026-07-05 08:13:45,2026-07-06 08:04:01
VA-VSC-04971,Waco (349),New Enrollment,2026-06-27 08:00:00,2026-07-02 09:45:23,2026-07-04 19:02:00,2026-07-06 20:02:16
VA-VSC-04972,Phoenix (344),Inter-Facility Transfer,2026-06-27 08:00:00,2026-06-27 14:03:15,2026-06-28 01:44:22,2026-06-28 05:42:09
VA-VSC-04973,Waco (349),Inter-Facility Transfer,2026-06-27 09:00:00,2026-07-06 13:04:41,2026-07-09 19:25:42,2026-07-09 23:40:53
VA-VSC-04974,St. Paul (335),New Enrollment,2026-06-27 10:00:00,2026-06-29 01:35:52,2026-06-30 01:57:59,2026-06-30 15:12:33
VA-VSC-04975,Waco (349),New Enrollment,2026-06-27 10:00:00,2026-07-03 00:02:13,2026-07-05 00:00:52,2026-07-08 00:49:06
VA-VSC-04976,Waco (349),New Enrollment,2026-06-27 10:00:00,2026-07-03 07:41:41,2026-07-03 12:20:08,2026-07-08 22:42:32
VA-VSC-04977,Waco (349),Priority Group Upgrade,2026-06-27 11:00:00,2026-07-02 17:21:17,2026-07-09 10:21:29,2026-07-10 02:24:12
VA-VSC-04978,Waco (349),Combat Veteran Auto-Enroll,2026-06-27 12:00:00,2026-07-06 00:12:17,2026-07-08 16:01:50,2026-07-08 21:49:53
VA-VSC-04979,Waco (349),,2026-06-27 13:00:00,2026-07-05 10:35:05,2026-07-07 03:56:18,2026-07-07 22:50:09
VA-VSC-04980,Waco (349),Priority Group Upgrade,2026-06-27 15:00:00,2026-07-06 02:00:53,2026-07-11 23:06:31,2026-07-13 08:26:32
VA-VSC-04981,Muskogee (351),New Enrollment,2026-06-27 15:00:00,2026-06-28 15:09:22,2026-07-03 00:56:42,2026-07-04 20:56:28
VA-VSC-04982,Waco (349),,2026-06-28 07:00:00,2026-07-01 21:50:05,2026-07-05 18:11:33,2026-07-09 13:34:17
VA-VSC-04983,Houston (362),New Enrollment,2026-06-28 07:00:00,2026-06-30 05:27:26,2026-07-04 14:06:42,2026-07-07 08:16:47
VA-VSC-04984,Phoenix (344),Inter-Facility Transfer,2026-06-28 08:00:00,2026-06-28 13:30:00,2026-06-29 07:22:34,2026-07-02 03:45:27
VA-VSC-04985,Houston (362),Combat Veteran Auto-Enroll,2026-06-28 09:00:00,2026-07-01 05:22:53,2026-07-11 01:56:57,2026-07-12 12:20:35
VA-VSC-04986,Waco (349),Priority Group Upgrade,2026-06-28 10:00:00,2026-07-04 10:38:15,2026-07-11 08:09:28,2026-07-12 00:18:57
VA-VSC-04987,St. Paul (335),New Enrollment,2026-06-28 13:00:00,2026-06-28 15:24:00,2026-06-29 04:39:18,2026-07-04 12:34:59
VA-VSC-04988,Houston (362),New Enrollment,2026-06-28 13:00:00,2026-06-28 23:32:53,2026-06-29 08:43:39,2026-07-01 23:35:28
VA-VSC-04989,St. Paul (335),New Enrollment,2026-06-28 15:00:00,2026-06-30 06:23:35,2026-07-01 05:23:49,2026-07-07 02:19:14
VA-VSC-04990,St. Paul (335),Combat Veteran Auto-Enroll,2026-06-28 15:00:00,2026-06-28 21:31:26,2026-07-02 13:36:11,2026-07-05 09:12:52
VA-VSC-04991,Muskogee (351),Priority Group Upgrade,2026-06-28 16:00:00,2026-06-29 05:13:29,2026-07-07 23:16:25,2026-07-08 06:08:07
VA-VSC-04992,Houston (362),New Enrollment,2026-06-29 07:00:00,2026-06-29 11:02:35,2026-07-03 10:44:39,2026-07-03 15:31:26
VA-VSC-04993,Waco (349),Priority Group Upgrade,2026-06-29 10:00:00,2026-07-01 14:07:20,2026-07-07 14:17:52,2026-07-07 19:33:39
VA-VSC-04994,Houston (362),Combat Veteran Auto-Enroll,2026-06-29 11:00:00,2026-06-30 09:18:14,2026-06-30 18:32:08,2026-07-01 11:31:00
VA-VSC-04995,Waco (349),New Enrollment,2026-06-29 11:00:00,2026-07-04 19:41:03,2026-07-05 16:58:28,2026-07-07 14:22:50
VA-VSC-04996,Phoenix (344),Combat Veteran Auto-Enroll,2026-06-29 13:00:00,2026-07-01 01:58:41,2026-07-01 15:13:56,2026-07-06 00:26:32
VA-VSC-04997,Waco (349),Combat Veteran Auto-Enroll,2026-06-29 13:00:00,2026-07-08 09:46:00,2026-07-12 10:40:59,2026-07-12 13:04:59
VA-VSC-04998,Waco (349),Inter-Facility Transfer,2026-06-29 14:00:00,2026-07-05 16:53:05,2026-07-07 05:59:17,2026-07-07 22:46:17
VA-VSC-04999,St. Paul (335),New Enrollment,2026-06-29 14:00:00,2026-06-30 01:14:26,2026-07-03 22:01:38,2026-07-05 01:51:55
VA-VSC-05000,Houston (362),New Enrollment,2026-06-29 15:00:00,2026-06-30 06:12:11,2026-07-01 17:35:45,2026-07-01 21:39:22
